/*
SQLyog Ultimate v12.5.0 (64 bit)
MySQL - 5.7.20-log : Database - auction
*********************************************************************
*/

/*!40101 SET NAMES utf8 */;

/*!40101 SET SQL_MODE=''*/;

/*!40014 SET @OLD_UNIQUE_CHECKS=@@UNIQUE_CHECKS, UNIQUE_CHECKS=0 */;
/*!40014 SET @OLD_FOREIGN_KEY_CHECKS=@@FOREIGN_KEY_CHECKS, FOREIGN_KEY_CHECKS=0 */;
/*!40101 SET @OLD_SQL_MODE=@@SQL_MODE, SQL_MODE='NO_AUTO_VALUE_ON_ZERO' */;
/*!40111 SET @OLD_SQL_NOTES=@@SQL_NOTES, SQL_NOTES=0 */;
CREATE DATABASE /*!32312 IF NOT EXISTS*/`auction` /*!40100 DEFAULT CHARACTER SET utf8 */;

USE `auction`;

/*Table structure for table `art` */

DROP TABLE IF EXISTS `art`;

CREATE TABLE `art` (
  `id` bigint(20) unsigned NOT NULL AUTO_INCREMENT,
  `art_name` varchar(255) DEFAULT NULL,
  `art_remark` varchar(255) DEFAULT NULL,
  `art_desc` varchar(255) DEFAULT NULL,
  `art_years` varchar(255) DEFAULT NULL,
  `start_time` datetime DEFAULT NULL,
  `end_time` datetime DEFAULT NULL,
  `init_price` decimal(10,0) DEFAULT NULL,
  `max_price` decimal(10,0) DEFAULT NULL,
  `owner_id` bigint(20) unsigned DEFAULT NULL,
  `bidtimes` int(11) DEFAULT NULL,
  `winner_id` bigint(20) unsigned DEFAULT NULL,
  `arttype_id` bigint(20) unsigned DEFAULT NULL,
  `state_id` bigint(20) unsigned DEFAULT NULL,
  `gmt_create` datetime DEFAULT NULL,
  `gmt_modified` datetime DEFAULT NULL,
  `rank` varchar(255) DEFAULT NULL,
  `picture_url` varchar(255) DEFAULT NULL,
  `heat` int(11) DEFAULT NULL,
  `is_audit` tinyint(3) DEFAULT NULL,
  PRIMARY KEY (`id`),
  KEY `owner_id` (`owner_id`),
  KEY `arttype_id` (`arttype_id`),
  KEY `state_id` (`state_id`),
  KEY `winner_id` (`winner_id`),
  CONSTRAINT `art_ibfk_1` FOREIGN KEY (`owner_id`) REFERENCES `user` (`id`),
  CONSTRAINT `art_ibfk_2` FOREIGN KEY (`arttype_id`) REFERENCES `art_types` (`id`),
  CONSTRAINT `art_ibfk_3` FOREIGN KEY (`state_id`) REFERENCES `art_state` (`id`),
  CONSTRAINT `art_ibfk_4` FOREIGN KEY (`winner_id`) REFERENCES `user` (`id`)
) ENGINE=InnoDB AUTO_INCREMENT=1810 DEFAULT CHARSET=utf8;

/*Data for the table `art` */

insert  into `art`(`id`,`art_name`,`art_remark`,`art_desc`,`art_years`,`start_time`,`end_time`,`init_price`,`max_price`,`owner_id`,`bidtimes`,`winner_id`,`arttype_id`,`state_id`,`gmt_create`,`gmt_modified`,`rank`,`picture_url`,`heat`,`is_audit`) values 
(1001,'sd','ad','ad','dad',NULL,NULL,123,NULL,NULL,NULL,NULL,NULL,NULL,NULL,NULL,NULL,NULL,NULL,NULL),
(1002,'ada','ada','dasd','ada','2018-03-23 18:35:00','2018-03-30 18:35:00',111,NULL,NULL,NULL,NULL,NULL,NULL,NULL,NULL,NULL,NULL,NULL,NULL),
(1003,'青花瓷222','asda','ada','asda','2018-03-16 14:44:00','2018-03-30 18:40:00',1223,NULL,NULL,NULL,NULL,NULL,NULL,NULL,NULL,NULL,NULL,1,NULL),
(1004,'大宝剑','这是一把大宝剑','哈哈哈哈','元朝','2018-03-16 15:29:00','2018-03-28 18:25:00',200,200,NULL,NULL,NULL,NULL,NULL,NULL,NULL,NULL,NULL,1,NULL),
(1005,'adasd','asdasd','ada','dad',NULL,NULL,121323,121323,NULL,NULL,NULL,NULL,NULL,NULL,NULL,NULL,NULL,NULL,NULL),
(1006,'清明上河图',NULL,'清明上河图宽25.2厘米，长528.7厘米，绢本设色。作品以长卷形式，采用散点透视构图法，生动记录了中国十二世纪北宋都城东京（又称汴京，今河南开封）的城市面貌和当时社会各阶层人民的生活状况，是北宋时期都城汴京当年繁荣的见证，也是北宋城市经济情况的写照。','北宋','2018-04-11 13:30:00','2018-04-19 21:14:00',1000,1000,26,0,26,1,4,NULL,NULL,NULL,NULL,1,1),
(1007,'清明上河图',NULL,'清明上河图宽25.2厘米，长528.7厘米，绢本设色。作品以长卷形式，采用散点透视构图法，生动记录了中国十二世纪北宋都城东京（又称汴京，今河南开封）的城市面貌和当时社会各阶层人民的生活状况，是北宋时期都城汴京当年繁荣的见证，也是北宋城市经济情况的写照。','北宋','2018-04-19 22:48:00','2018-04-21 10:50:00',1000,1000,26,0,26,1,4,NULL,NULL,NULL,NULL,NULL,1),
(1008,'清明上河图',NULL,'清明上河图宽25.2厘米，长528.7厘米，绢本设色。作品以长卷形式，采用散点透视构图法，生动记录了中国十二世纪北宋都城东京（又称汴京，今河南开封）的城市面貌和当时社会各阶层人民的生活状况，是北宋时期都城汴京当年繁荣的见证，也是北宋城市经济情况的写照。','北宋','2018-04-19 22:49:00','2018-04-26 22:50:00',1000,21600,26,0,26,1,4,NULL,NULL,NULL,NULL,10,1),
(1009,'清明上河图',NULL,'清明上河图宽25.2厘米，长528.7厘米，绢本设色。作品以长卷形式，采用散点透视构图法，生动记录了中国十二世纪北宋都城东京（又称汴京，今河南开封）的城市面貌和当时社会各阶层人民的生活状况，是北宋时期都城汴京当年繁荣的见证，也是北宋城市经济情况的写照。','北宋','2018-04-19 22:49:00','2018-04-21 18:50:00',1000,1000,26,0,26,1,4,NULL,NULL,NULL,NULL,NULL,1),
(1010,'清明上河图',NULL,'清明上河图宽25.2厘米，长528.7厘米，绢本设色。作品以长卷形式，采用散点透视构图法，生动记录了中国十二世纪北宋都城东京（又称汴京，今河南开封）的城市面貌和当时社会各阶层人民的生活状况，是北宋时期都城汴京当年繁荣的见证，也是北宋城市经济情况的写照。','北宋','2018-04-19 20:43:00','2018-04-26 18:50:00',1000,1000,26,0,NULL,1,4,NULL,NULL,NULL,NULL,NULL,1),
(1011,'清明上河图',NULL,'清明上河图宽25.2厘米，长528.7厘米，绢本设色。作品以长卷形式，采用散点透视构图法，生动记录了中国十二世纪北宋都城东京（又称汴京，今河南开封）的城市面貌和当时社会各阶层人民的生活状况，是北宋时期都城汴京当年繁荣的见证，也是北宋城市经济情况的写照。','北宋',NULL,NULL,1000,1000,26,0,NULL,1,4,NULL,NULL,NULL,NULL,NULL,2),
(1012,'清明上河图',NULL,'清明上河图宽25.2厘米，长528.7厘米，绢本设色。作品以长卷形式，采用散点透视构图法，生动记录了中国十二世纪北宋都城东京（又称汴京，今河南开封）的城市面貌和当时社会各阶层人民的生活状况，是北宋时期都城汴京当年繁荣的见证，也是北宋城市经济情况的写照。','北宋','2018-04-19 20:43:00','2018-04-26 18:50:00',1000,1000,26,0,NULL,1,4,NULL,NULL,NULL,NULL,NULL,1),
(1013,'清明上河图',NULL,'清明上河图宽25.2厘米，长528.7厘米，绢本设色。作品以长卷形式，采用散点透视构图法，生动记录了中国十二世纪北宋都城东京（又称汴京，今河南开封）的城市面貌和当时社会各阶层人民的生活状况，是北宋时期都城汴京当年繁荣的见证，也是北宋城市经济情况的写照。','北宋','2018-04-18 17:45:00','2018-04-28 18:50:00',1000,1100,26,0,26,1,4,NULL,NULL,NULL,NULL,1,2),
(1014,'清明上河图',NULL,'清明上河图宽25.2厘米，长528.7厘米，绢本设色。作品以长卷形式，采用散点透视构图法，生动记录了中国十二世纪北宋都城东京（又称汴京，今河南开封）的城市面貌和当时社会各阶层人民的生活状况，是北宋时期都城汴京当年繁荣的见证，也是北宋城市经济情况的写照。','北宋','2018-04-19 20:43:00','2018-04-26 18:50:00',1000,1000,26,0,NULL,1,4,NULL,NULL,NULL,NULL,NULL,1),
(1015,'清明上河图',NULL,'清明上河图宽25.2厘米，长528.7厘米，绢本设色。作品以长卷形式，采用散点透视构图法，生动记录了中国十二世纪北宋都城东京（又称汴京，今河南开封）的城市面貌和当时社会各阶层人民的生活状况，是北宋时期都城汴京当年繁荣的见证，也是北宋城市经济情况的写照。','北宋','2018-04-26 20:21:00','2018-04-27 14:50:00',1000,1000,26,0,26,1,4,NULL,NULL,NULL,NULL,NULL,2),
(1016,'清明上河图',NULL,'清明上河图宽25.2厘米，长528.7厘米，绢本设色。作品以长卷形式，采用散点透视构图法，生动记录了中国十二世纪北宋都城东京（又称汴京，今河南开封）的城市面貌和当时社会各阶层人民的生活状况，是北宋时期都城汴京当年繁荣的见证，也是北宋城市经济情况的写照。','北宋','2018-04-28 20:01:00','2018-04-30 21:45:00',1000,1750,26,0,26,1,3,NULL,NULL,NULL,NULL,2,1),
(1017,'清明上河图',NULL,'清明上河图宽25.2厘米，长528.7厘米，绢本设色。作品以长卷形式，采用散点透视构图法，生动记录了中国十二世纪北宋都城东京（又称汴京，今河南开封）的城市面貌和当时社会各阶层人民的生活状况，是北宋时期都城汴京当年繁荣的见证，也是北宋城市经济情况的写照。','北宋','2018-04-29 21:50:00','2018-05-03 22:45:00',1000,1450,26,0,26,1,3,NULL,NULL,NULL,NULL,2,2),
(1018,'清明上河图',NULL,'清明上河图宽25.2厘米，长528.7厘米，绢本设色。作品以长卷形式，采用散点透视构图法，生动记录了中国十二世纪北宋都城东京（又称汴京，今河南开封）的城市面貌和当时社会各阶层人民的生活状况，是北宋时期都城汴京当年繁荣的见证，也是北宋城市经济情况的写照。','北宋','2018-04-12 17:45:00','2018-05-02 21:45:00',1000,1000,26,0,NULL,1,3,NULL,NULL,NULL,NULL,NULL,1),
(1019,'清明上河图',NULL,'清明上河图宽25.2厘米，长528.7厘米，绢本设色。作品以长卷形式，采用散点透视构图法，生动记录了中国十二世纪北宋都城东京（又称汴京，今河南开封）的城市面貌和当时社会各阶层人民的生活状况，是北宋时期都城汴京当年繁荣的见证，也是北宋城市经济情况的写照。','北宋',NULL,NULL,1000,1000,26,0,NULL,1,4,NULL,NULL,NULL,NULL,NULL,2),
(1020,'清明上河图',NULL,'清明上河图宽25.2厘米，长528.7厘米，绢本设色。作品以长卷形式，采用散点透视构图法，生动记录了中国十二世纪北宋都城东京（又称汴京，今河南开封）的城市面貌和当时社会各阶层人民的生活状况，是北宋时期都城汴京当年繁荣的见证，也是北宋城市经济情况的写照。','北宋','2018-04-19 20:43:00','2018-04-26 18:50:00',1000,1000,26,0,NULL,1,4,NULL,NULL,NULL,NULL,NULL,1),
(1021,'清明上河图',NULL,'清明上河图宽25.2厘米，长528.7厘米，绢本设色。作品以长卷形式，采用散点透视构图法，生动记录了中国十二世纪北宋都城东京（又称汴京，今河南开封）的城市面貌和当时社会各阶层人民的生活状况，是北宋时期都城汴京当年繁荣的见证，也是北宋城市经济情况的写照。','北宋','2018-04-18 20:45:00','2018-05-02 09:25:00',1000,1000,26,0,NULL,1,3,NULL,NULL,NULL,NULL,NULL,1),
(1022,'清明上河图',NULL,'清明上河图宽25.2厘米，长528.7厘米，绢本设色。作品以长卷形式，采用散点透视构图法，生动记录了中国十二世纪北宋都城东京（又称汴京，今河南开封）的城市面貌和当时社会各阶层人民的生活状况，是北宋时期都城汴京当年繁荣的见证，也是北宋城市经济情况的写照。','北宋',NULL,NULL,1000,1000,26,0,NULL,1,4,NULL,NULL,NULL,NULL,NULL,2),
(1023,'清明上河图',NULL,'清明上河图宽25.2厘米，长528.7厘米，绢本设色。作品以长卷形式，采用散点透视构图法，生动记录了中国十二世纪北宋都城东京（又称汴京，今河南开封）的城市面貌和当时社会各阶层人民的生活状况，是北宋时期都城汴京当年繁荣的见证，也是北宋城市经济情况的写照。','北宋','2018-04-19 20:43:00','2018-04-26 18:50:00',1000,1000,26,0,NULL,1,4,NULL,NULL,NULL,NULL,NULL,1),
(1024,'清明上河图',NULL,'清明上河图宽25.2厘米，长528.7厘米，绢本设色。作品以长卷形式，采用散点透视构图法，生动记录了中国十二世纪北宋都城东京（又称汴京，今河南开封）的城市面貌和当时社会各阶层人民的生活状况，是北宋时期都城汴京当年繁荣的见证，也是北宋城市经济情况的写照。','北宋',NULL,NULL,1000,1000,26,0,NULL,1,4,NULL,NULL,NULL,NULL,NULL,2),
(1025,'清明上河图',NULL,'清明上河图宽25.2厘米，长528.7厘米，绢本设色。作品以长卷形式，采用散点透视构图法，生动记录了中国十二世纪北宋都城东京（又称汴京，今河南开封）的城市面貌和当时社会各阶层人民的生活状况，是北宋时期都城汴京当年繁荣的见证，也是北宋城市经济情况的写照。','北宋',NULL,NULL,1000,1000,26,0,NULL,1,4,NULL,NULL,NULL,NULL,NULL,0),
(1026,'清明上河图',NULL,'清明上河图宽25.2厘米，长528.7厘米，绢本设色。作品以长卷形式，采用散点透视构图法，生动记录了中国十二世纪北宋都城东京（又称汴京，今河南开封）的城市面貌和当时社会各阶层人民的生活状况，是北宋时期都城汴京当年繁荣的见证，也是北宋城市经济情况的写照。','北宋',NULL,NULL,1000,1000,26,0,NULL,1,4,NULL,NULL,NULL,NULL,NULL,0),
(1027,'清明上河图',NULL,'清明上河图宽25.2厘米，长528.7厘米，绢本设色。作品以长卷形式，采用散点透视构图法，生动记录了中国十二世纪北宋都城东京（又称汴京，今河南开封）的城市面貌和当时社会各阶层人民的生活状况，是北宋时期都城汴京当年繁荣的见证，也是北宋城市经济情况的写照。','北宋',NULL,NULL,1000,1000,26,0,NULL,1,4,NULL,NULL,NULL,NULL,NULL,0),
(1028,'清明上河图',NULL,'清明上河图宽25.2厘米，长528.7厘米，绢本设色。作品以长卷形式，采用散点透视构图法，生动记录了中国十二世纪北宋都城东京（又称汴京，今河南开封）的城市面貌和当时社会各阶层人民的生活状况，是北宋时期都城汴京当年繁荣的见证，也是北宋城市经济情况的写照。','北宋',NULL,NULL,1000,1000,26,0,NULL,1,4,NULL,NULL,NULL,NULL,NULL,0),
(1029,'清明上河图',NULL,'清明上河图宽25.2厘米，长528.7厘米，绢本设色。作品以长卷形式，采用散点透视构图法，生动记录了中国十二世纪北宋都城东京（又称汴京，今河南开封）的城市面貌和当时社会各阶层人民的生活状况，是北宋时期都城汴京当年繁荣的见证，也是北宋城市经济情况的写照。','北宋',NULL,NULL,1000,1000,26,0,NULL,1,4,NULL,NULL,NULL,NULL,NULL,0),
(1030,'清明上河图',NULL,'清明上河图宽25.2厘米，长528.7厘米，绢本设色。作品以长卷形式，采用散点透视构图法，生动记录了中国十二世纪北宋都城东京（又称汴京，今河南开封）的城市面貌和当时社会各阶层人民的生活状况，是北宋时期都城汴京当年繁荣的见证，也是北宋城市经济情况的写照。','北宋',NULL,NULL,1000,1000,26,0,NULL,1,4,NULL,NULL,NULL,NULL,NULL,0),
(1031,'清明上河图',NULL,'清明上河图宽25.2厘米，长528.7厘米，绢本设色。作品以长卷形式，采用散点透视构图法，生动记录了中国十二世纪北宋都城东京（又称汴京，今河南开封）的城市面貌和当时社会各阶层人民的生活状况，是北宋时期都城汴京当年繁荣的见证，也是北宋城市经济情况的写照。','北宋',NULL,NULL,1000,1000,26,0,NULL,1,4,NULL,NULL,NULL,NULL,NULL,0),
(1032,'清明上河图',NULL,'清明上河图宽25.2厘米，长528.7厘米，绢本设色。作品以长卷形式，采用散点透视构图法，生动记录了中国十二世纪北宋都城东京（又称汴京，今河南开封）的城市面貌和当时社会各阶层人民的生活状况，是北宋时期都城汴京当年繁荣的见证，也是北宋城市经济情况的写照。','北宋',NULL,NULL,1000,1000,26,0,NULL,1,4,NULL,NULL,NULL,NULL,NULL,0),
(1033,'清明上河图',NULL,'清明上河图宽25.2厘米，长528.7厘米，绢本设色。作品以长卷形式，采用散点透视构图法，生动记录了中国十二世纪北宋都城东京（又称汴京，今河南开封）的城市面貌和当时社会各阶层人民的生活状况，是北宋时期都城汴京当年繁荣的见证，也是北宋城市经济情况的写照。','北宋',NULL,NULL,1000,1000,26,0,NULL,1,4,NULL,NULL,NULL,NULL,NULL,0),
(1034,'清明上河图',NULL,'清明上河图宽25.2厘米，长528.7厘米，绢本设色。作品以长卷形式，采用散点透视构图法，生动记录了中国十二世纪北宋都城东京（又称汴京，今河南开封）的城市面貌和当时社会各阶层人民的生活状况，是北宋时期都城汴京当年繁荣的见证，也是北宋城市经济情况的写照。','北宋',NULL,NULL,1000,1000,26,0,NULL,1,4,NULL,NULL,NULL,NULL,NULL,0),
(1035,'清明上河图',NULL,'清明上河图宽25.2厘米，长528.7厘米，绢本设色。作品以长卷形式，采用散点透视构图法，生动记录了中国十二世纪北宋都城东京（又称汴京，今河南开封）的城市面貌和当时社会各阶层人民的生活状况，是北宋时期都城汴京当年繁荣的见证，也是北宋城市经济情况的写照。','北宋',NULL,NULL,1000,1000,26,0,NULL,1,4,NULL,NULL,NULL,NULL,NULL,0),
(1036,'清明上河图',NULL,'清明上河图宽25.2厘米，长528.7厘米，绢本设色。作品以长卷形式，采用散点透视构图法，生动记录了中国十二世纪北宋都城东京（又称汴京，今河南开封）的城市面貌和当时社会各阶层人民的生活状况，是北宋时期都城汴京当年繁荣的见证，也是北宋城市经济情况的写照。','北宋',NULL,NULL,1000,1000,26,0,NULL,1,4,NULL,NULL,NULL,NULL,NULL,0),
(1037,'清明上河图',NULL,'清明上河图宽25.2厘米，长528.7厘米，绢本设色。作品以长卷形式，采用散点透视构图法，生动记录了中国十二世纪北宋都城东京（又称汴京，今河南开封）的城市面貌和当时社会各阶层人民的生活状况，是北宋时期都城汴京当年繁荣的见证，也是北宋城市经济情况的写照。','北宋',NULL,NULL,1000,1000,26,0,NULL,1,4,NULL,NULL,NULL,NULL,NULL,0),
(1038,'清明上河图',NULL,'清明上河图宽25.2厘米，长528.7厘米，绢本设色。作品以长卷形式，采用散点透视构图法，生动记录了中国十二世纪北宋都城东京（又称汴京，今河南开封）的城市面貌和当时社会各阶层人民的生活状况，是北宋时期都城汴京当年繁荣的见证，也是北宋城市经济情况的写照。','北宋',NULL,NULL,1000,1000,26,0,NULL,1,4,NULL,NULL,NULL,NULL,NULL,0),
(1039,'清明上河图',NULL,'清明上河图宽25.2厘米，长528.7厘米，绢本设色。作品以长卷形式，采用散点透视构图法，生动记录了中国十二世纪北宋都城东京（又称汴京，今河南开封）的城市面貌和当时社会各阶层人民的生活状况，是北宋时期都城汴京当年繁荣的见证，也是北宋城市经济情况的写照。','北宋',NULL,NULL,1000,1000,26,0,NULL,1,4,NULL,NULL,NULL,NULL,NULL,0),
(1040,'清明上河图',NULL,'清明上河图宽25.2厘米，长528.7厘米，绢本设色。作品以长卷形式，采用散点透视构图法，生动记录了中国十二世纪北宋都城东京（又称汴京，今河南开封）的城市面貌和当时社会各阶层人民的生活状况，是北宋时期都城汴京当年繁荣的见证，也是北宋城市经济情况的写照。','北宋',NULL,NULL,1000,1000,26,0,NULL,1,4,NULL,NULL,NULL,NULL,NULL,0),
(1041,'清明上河图',NULL,'清明上河图宽25.2厘米，长528.7厘米，绢本设色。作品以长卷形式，采用散点透视构图法，生动记录了中国十二世纪北宋都城东京（又称汴京，今河南开封）的城市面貌和当时社会各阶层人民的生活状况，是北宋时期都城汴京当年繁荣的见证，也是北宋城市经济情况的写照。','北宋',NULL,NULL,1000,1000,26,0,NULL,1,4,NULL,NULL,NULL,NULL,NULL,0),
(1042,'清明上河图',NULL,'清明上河图宽25.2厘米，长528.7厘米，绢本设色。作品以长卷形式，采用散点透视构图法，生动记录了中国十二世纪北宋都城东京（又称汴京，今河南开封）的城市面貌和当时社会各阶层人民的生活状况，是北宋时期都城汴京当年繁荣的见证，也是北宋城市经济情况的写照。','北宋',NULL,NULL,1000,1000,26,0,NULL,1,4,NULL,NULL,NULL,NULL,NULL,0),
(1043,'清明上河图',NULL,'清明上河图宽25.2厘米，长528.7厘米，绢本设色。作品以长卷形式，采用散点透视构图法，生动记录了中国十二世纪北宋都城东京（又称汴京，今河南开封）的城市面貌和当时社会各阶层人民的生活状况，是北宋时期都城汴京当年繁荣的见证，也是北宋城市经济情况的写照。','北宋',NULL,NULL,1000,1000,26,0,NULL,1,4,NULL,NULL,NULL,NULL,NULL,0),
(1044,'清明上河图',NULL,'清明上河图宽25.2厘米，长528.7厘米，绢本设色。作品以长卷形式，采用散点透视构图法，生动记录了中国十二世纪北宋都城东京（又称汴京，今河南开封）的城市面貌和当时社会各阶层人民的生活状况，是北宋时期都城汴京当年繁荣的见证，也是北宋城市经济情况的写照。','北宋',NULL,NULL,1000,1000,26,0,NULL,1,4,NULL,NULL,NULL,NULL,NULL,0),
(1045,'清明上河图',NULL,'清明上河图宽25.2厘米，长528.7厘米，绢本设色。作品以长卷形式，采用散点透视构图法，生动记录了中国十二世纪北宋都城东京（又称汴京，今河南开封）的城市面貌和当时社会各阶层人民的生活状况，是北宋时期都城汴京当年繁荣的见证，也是北宋城市经济情况的写照。','北宋',NULL,NULL,1000,1000,26,0,NULL,1,4,NULL,NULL,NULL,NULL,NULL,0),
(1046,'清明上河图',NULL,'清明上河图宽25.2厘米，长528.7厘米，绢本设色。作品以长卷形式，采用散点透视构图法，生动记录了中国十二世纪北宋都城东京（又称汴京，今河南开封）的城市面貌和当时社会各阶层人民的生活状况，是北宋时期都城汴京当年繁荣的见证，也是北宋城市经济情况的写照。','北宋',NULL,NULL,1000,1000,26,0,NULL,1,4,NULL,NULL,NULL,NULL,NULL,0),
(1047,'清明上河图',NULL,'清明上河图宽25.2厘米，长528.7厘米，绢本设色。作品以长卷形式，采用散点透视构图法，生动记录了中国十二世纪北宋都城东京（又称汴京，今河南开封）的城市面貌和当时社会各阶层人民的生活状况，是北宋时期都城汴京当年繁荣的见证，也是北宋城市经济情况的写照。','北宋',NULL,NULL,1000,1000,26,0,NULL,1,4,NULL,NULL,NULL,NULL,NULL,0),
(1048,'清明上河图',NULL,'清明上河图宽25.2厘米，长528.7厘米，绢本设色。作品以长卷形式，采用散点透视构图法，生动记录了中国十二世纪北宋都城东京（又称汴京，今河南开封）的城市面貌和当时社会各阶层人民的生活状况，是北宋时期都城汴京当年繁荣的见证，也是北宋城市经济情况的写照。','北宋',NULL,NULL,1000,1000,26,0,NULL,1,4,NULL,NULL,NULL,NULL,NULL,0),
(1049,'清明上河图',NULL,'清明上河图宽25.2厘米，长528.7厘米，绢本设色。作品以长卷形式，采用散点透视构图法，生动记录了中国十二世纪北宋都城东京（又称汴京，今河南开封）的城市面貌和当时社会各阶层人民的生活状况，是北宋时期都城汴京当年繁荣的见证，也是北宋城市经济情况的写照。','北宋',NULL,NULL,1000,1000,26,0,NULL,1,4,NULL,NULL,NULL,NULL,NULL,0),
(1050,'清明上河图',NULL,'清明上河图宽25.2厘米，长528.7厘米，绢本设色。作品以长卷形式，采用散点透视构图法，生动记录了中国十二世纪北宋都城东京（又称汴京，今河南开封）的城市面貌和当时社会各阶层人民的生活状况，是北宋时期都城汴京当年繁荣的见证，也是北宋城市经济情况的写照。','北宋',NULL,NULL,1000,1000,26,0,NULL,1,4,NULL,NULL,NULL,NULL,NULL,0),
(1051,'清明上河图',NULL,'清明上河图宽25.2厘米，长528.7厘米，绢本设色。作品以长卷形式，采用散点透视构图法，生动记录了中国十二世纪北宋都城东京（又称汴京，今河南开封）的城市面貌和当时社会各阶层人民的生活状况，是北宋时期都城汴京当年繁荣的见证，也是北宋城市经济情况的写照。','北宋',NULL,NULL,1000,1000,26,0,NULL,1,4,NULL,NULL,NULL,NULL,NULL,0),
(1052,'清明上河图',NULL,'清明上河图宽25.2厘米，长528.7厘米，绢本设色。作品以长卷形式，采用散点透视构图法，生动记录了中国十二世纪北宋都城东京（又称汴京，今河南开封）的城市面貌和当时社会各阶层人民的生活状况，是北宋时期都城汴京当年繁荣的见证，也是北宋城市经济情况的写照。','北宋',NULL,NULL,1000,1000,26,0,NULL,1,4,NULL,NULL,NULL,NULL,NULL,0),
(1053,'清明上河图',NULL,'清明上河图宽25.2厘米，长528.7厘米，绢本设色。作品以长卷形式，采用散点透视构图法，生动记录了中国十二世纪北宋都城东京（又称汴京，今河南开封）的城市面貌和当时社会各阶层人民的生活状况，是北宋时期都城汴京当年繁荣的见证，也是北宋城市经济情况的写照。','北宋',NULL,NULL,1000,1000,26,0,NULL,1,4,NULL,NULL,NULL,NULL,NULL,0),
(1054,'清明上河图',NULL,'清明上河图宽25.2厘米，长528.7厘米，绢本设色。作品以长卷形式，采用散点透视构图法，生动记录了中国十二世纪北宋都城东京（又称汴京，今河南开封）的城市面貌和当时社会各阶层人民的生活状况，是北宋时期都城汴京当年繁荣的见证，也是北宋城市经济情况的写照。','北宋',NULL,NULL,1000,1000,26,0,NULL,1,4,NULL,NULL,NULL,NULL,NULL,0),
(1055,'清明上河图',NULL,'清明上河图宽25.2厘米，长528.7厘米，绢本设色。作品以长卷形式，采用散点透视构图法，生动记录了中国十二世纪北宋都城东京（又称汴京，今河南开封）的城市面貌和当时社会各阶层人民的生活状况，是北宋时期都城汴京当年繁荣的见证，也是北宋城市经济情况的写照。','北宋',NULL,NULL,1000,1000,26,0,NULL,1,4,NULL,NULL,NULL,NULL,NULL,0),
(1056,'清明上河图',NULL,'清明上河图宽25.2厘米，长528.7厘米，绢本设色。作品以长卷形式，采用散点透视构图法，生动记录了中国十二世纪北宋都城东京（又称汴京，今河南开封）的城市面貌和当时社会各阶层人民的生活状况，是北宋时期都城汴京当年繁荣的见证，也是北宋城市经济情况的写照。','北宋',NULL,NULL,1000,1000,26,0,NULL,1,4,NULL,NULL,NULL,NULL,NULL,0),
(1057,'清明上河图',NULL,'清明上河图宽25.2厘米，长528.7厘米，绢本设色。作品以长卷形式，采用散点透视构图法，生动记录了中国十二世纪北宋都城东京（又称汴京，今河南开封）的城市面貌和当时社会各阶层人民的生活状况，是北宋时期都城汴京当年繁荣的见证，也是北宋城市经济情况的写照。','北宋',NULL,NULL,1000,1000,26,0,NULL,1,4,NULL,NULL,NULL,NULL,NULL,0),
(1058,'清明上河图',NULL,'清明上河图宽25.2厘米，长528.7厘米，绢本设色。作品以长卷形式，采用散点透视构图法，生动记录了中国十二世纪北宋都城东京（又称汴京，今河南开封）的城市面貌和当时社会各阶层人民的生活状况，是北宋时期都城汴京当年繁荣的见证，也是北宋城市经济情况的写照。','北宋',NULL,NULL,1000,1000,26,0,NULL,1,4,NULL,NULL,NULL,NULL,NULL,0),
(1059,'清明上河图',NULL,'清明上河图宽25.2厘米，长528.7厘米，绢本设色。作品以长卷形式，采用散点透视构图法，生动记录了中国十二世纪北宋都城东京（又称汴京，今河南开封）的城市面貌和当时社会各阶层人民的生活状况，是北宋时期都城汴京当年繁荣的见证，也是北宋城市经济情况的写照。','北宋',NULL,NULL,1000,1000,26,0,NULL,1,4,NULL,NULL,NULL,NULL,NULL,0),
(1060,'清明上河图',NULL,'清明上河图宽25.2厘米，长528.7厘米，绢本设色。作品以长卷形式，采用散点透视构图法，生动记录了中国十二世纪北宋都城东京（又称汴京，今河南开封）的城市面貌和当时社会各阶层人民的生活状况，是北宋时期都城汴京当年繁荣的见证，也是北宋城市经济情况的写照。','北宋',NULL,NULL,1000,1000,26,0,NULL,1,4,NULL,NULL,NULL,NULL,NULL,0),
(1061,'清明上河图',NULL,'清明上河图宽25.2厘米，长528.7厘米，绢本设色。作品以长卷形式，采用散点透视构图法，生动记录了中国十二世纪北宋都城东京（又称汴京，今河南开封）的城市面貌和当时社会各阶层人民的生活状况，是北宋时期都城汴京当年繁荣的见证，也是北宋城市经济情况的写照。','北宋',NULL,NULL,1000,1000,26,0,NULL,1,4,NULL,NULL,NULL,NULL,NULL,0),
(1062,'清明上河图',NULL,'清明上河图宽25.2厘米，长528.7厘米，绢本设色。作品以长卷形式，采用散点透视构图法，生动记录了中国十二世纪北宋都城东京（又称汴京，今河南开封）的城市面貌和当时社会各阶层人民的生活状况，是北宋时期都城汴京当年繁荣的见证，也是北宋城市经济情况的写照。','北宋',NULL,NULL,1000,1000,26,0,NULL,1,4,NULL,NULL,NULL,NULL,NULL,0),
(1063,'清明上河图',NULL,'清明上河图宽25.2厘米，长528.7厘米，绢本设色。作品以长卷形式，采用散点透视构图法，生动记录了中国十二世纪北宋都城东京（又称汴京，今河南开封）的城市面貌和当时社会各阶层人民的生活状况，是北宋时期都城汴京当年繁荣的见证，也是北宋城市经济情况的写照。','北宋',NULL,NULL,1000,1000,26,0,NULL,1,4,NULL,NULL,NULL,NULL,NULL,0),
(1064,'清明上河图',NULL,'清明上河图宽25.2厘米，长528.7厘米，绢本设色。作品以长卷形式，采用散点透视构图法，生动记录了中国十二世纪北宋都城东京（又称汴京，今河南开封）的城市面貌和当时社会各阶层人民的生活状况，是北宋时期都城汴京当年繁荣的见证，也是北宋城市经济情况的写照。','北宋',NULL,NULL,1000,1000,26,0,NULL,1,4,NULL,NULL,NULL,NULL,NULL,0),
(1065,'清明上河图',NULL,'清明上河图宽25.2厘米，长528.7厘米，绢本设色。作品以长卷形式，采用散点透视构图法，生动记录了中国十二世纪北宋都城东京（又称汴京，今河南开封）的城市面貌和当时社会各阶层人民的生活状况，是北宋时期都城汴京当年繁荣的见证，也是北宋城市经济情况的写照。','北宋',NULL,NULL,1000,1000,26,0,NULL,1,4,NULL,NULL,NULL,NULL,NULL,0),
(1066,'清明上河图',NULL,'清明上河图宽25.2厘米，长528.7厘米，绢本设色。作品以长卷形式，采用散点透视构图法，生动记录了中国十二世纪北宋都城东京（又称汴京，今河南开封）的城市面貌和当时社会各阶层人民的生活状况，是北宋时期都城汴京当年繁荣的见证，也是北宋城市经济情况的写照。','北宋',NULL,NULL,1000,1000,26,0,NULL,1,4,NULL,NULL,NULL,NULL,NULL,0),
(1067,'清明上河图',NULL,'清明上河图宽25.2厘米，长528.7厘米，绢本设色。作品以长卷形式，采用散点透视构图法，生动记录了中国十二世纪北宋都城东京（又称汴京，今河南开封）的城市面貌和当时社会各阶层人民的生活状况，是北宋时期都城汴京当年繁荣的见证，也是北宋城市经济情况的写照。','北宋',NULL,NULL,1000,1000,26,0,NULL,1,4,NULL,NULL,NULL,NULL,NULL,0),
(1068,'清明上河图',NULL,'清明上河图宽25.2厘米，长528.7厘米，绢本设色。作品以长卷形式，采用散点透视构图法，生动记录了中国十二世纪北宋都城东京（又称汴京，今河南开封）的城市面貌和当时社会各阶层人民的生活状况，是北宋时期都城汴京当年繁荣的见证，也是北宋城市经济情况的写照。','北宋',NULL,NULL,1000,1000,26,0,NULL,1,4,NULL,NULL,NULL,NULL,NULL,0),
(1069,'清明上河图',NULL,'清明上河图宽25.2厘米，长528.7厘米，绢本设色。作品以长卷形式，采用散点透视构图法，生动记录了中国十二世纪北宋都城东京（又称汴京，今河南开封）的城市面貌和当时社会各阶层人民的生活状况，是北宋时期都城汴京当年繁荣的见证，也是北宋城市经济情况的写照。','北宋',NULL,NULL,1000,1000,26,0,NULL,1,4,NULL,NULL,NULL,NULL,NULL,0),
(1070,'清明上河图',NULL,'清明上河图宽25.2厘米，长528.7厘米，绢本设色。作品以长卷形式，采用散点透视构图法，生动记录了中国十二世纪北宋都城东京（又称汴京，今河南开封）的城市面貌和当时社会各阶层人民的生活状况，是北宋时期都城汴京当年繁荣的见证，也是北宋城市经济情况的写照。','北宋',NULL,NULL,1000,1000,26,0,NULL,1,4,NULL,NULL,NULL,NULL,NULL,0),
(1071,'清明上河图',NULL,'清明上河图宽25.2厘米，长528.7厘米，绢本设色。作品以长卷形式，采用散点透视构图法，生动记录了中国十二世纪北宋都城东京（又称汴京，今河南开封）的城市面貌和当时社会各阶层人民的生活状况，是北宋时期都城汴京当年繁荣的见证，也是北宋城市经济情况的写照。','北宋',NULL,NULL,1000,1000,26,0,NULL,1,4,NULL,NULL,NULL,NULL,NULL,0),
(1072,'清明上河图',NULL,'清明上河图宽25.2厘米，长528.7厘米，绢本设色。作品以长卷形式，采用散点透视构图法，生动记录了中国十二世纪北宋都城东京（又称汴京，今河南开封）的城市面貌和当时社会各阶层人民的生活状况，是北宋时期都城汴京当年繁荣的见证，也是北宋城市经济情况的写照。','北宋',NULL,NULL,1000,1000,26,0,NULL,1,4,NULL,NULL,NULL,NULL,NULL,0),
(1073,'清明上河图',NULL,'清明上河图宽25.2厘米，长528.7厘米，绢本设色。作品以长卷形式，采用散点透视构图法，生动记录了中国十二世纪北宋都城东京（又称汴京，今河南开封）的城市面貌和当时社会各阶层人民的生活状况，是北宋时期都城汴京当年繁荣的见证，也是北宋城市经济情况的写照。','北宋',NULL,NULL,1000,1000,26,0,NULL,1,4,NULL,NULL,NULL,NULL,NULL,0),
(1074,'清明上河图',NULL,'清明上河图宽25.2厘米，长528.7厘米，绢本设色。作品以长卷形式，采用散点透视构图法，生动记录了中国十二世纪北宋都城东京（又称汴京，今河南开封）的城市面貌和当时社会各阶层人民的生活状况，是北宋时期都城汴京当年繁荣的见证，也是北宋城市经济情况的写照。','北宋',NULL,NULL,1000,1000,26,0,NULL,1,4,NULL,NULL,NULL,NULL,NULL,0),
(1075,'清明上河图',NULL,'清明上河图宽25.2厘米，长528.7厘米，绢本设色。作品以长卷形式，采用散点透视构图法，生动记录了中国十二世纪北宋都城东京（又称汴京，今河南开封）的城市面貌和当时社会各阶层人民的生活状况，是北宋时期都城汴京当年繁荣的见证，也是北宋城市经济情况的写照。','北宋',NULL,NULL,1000,1000,26,0,NULL,1,4,NULL,NULL,NULL,NULL,NULL,0),
(1076,'清明上河图',NULL,'清明上河图宽25.2厘米，长528.7厘米，绢本设色。作品以长卷形式，采用散点透视构图法，生动记录了中国十二世纪北宋都城东京（又称汴京，今河南开封）的城市面貌和当时社会各阶层人民的生活状况，是北宋时期都城汴京当年繁荣的见证，也是北宋城市经济情况的写照。','北宋',NULL,NULL,1000,1000,26,0,NULL,1,4,NULL,NULL,NULL,NULL,NULL,0),
(1077,'清明上河图',NULL,'清明上河图宽25.2厘米，长528.7厘米，绢本设色。作品以长卷形式，采用散点透视构图法，生动记录了中国十二世纪北宋都城东京（又称汴京，今河南开封）的城市面貌和当时社会各阶层人民的生活状况，是北宋时期都城汴京当年繁荣的见证，也是北宋城市经济情况的写照。','北宋',NULL,NULL,1000,1000,26,0,NULL,1,4,NULL,NULL,NULL,NULL,NULL,0),
(1078,'清明上河图',NULL,'清明上河图宽25.2厘米，长528.7厘米，绢本设色。作品以长卷形式，采用散点透视构图法，生动记录了中国十二世纪北宋都城东京（又称汴京，今河南开封）的城市面貌和当时社会各阶层人民的生活状况，是北宋时期都城汴京当年繁荣的见证，也是北宋城市经济情况的写照。','北宋',NULL,NULL,1000,1000,26,0,NULL,1,4,NULL,NULL,NULL,NULL,NULL,0),
(1079,'清明上河图',NULL,'清明上河图宽25.2厘米，长528.7厘米，绢本设色。作品以长卷形式，采用散点透视构图法，生动记录了中国十二世纪北宋都城东京（又称汴京，今河南开封）的城市面貌和当时社会各阶层人民的生活状况，是北宋时期都城汴京当年繁荣的见证，也是北宋城市经济情况的写照。','北宋',NULL,NULL,1000,1000,26,0,NULL,1,4,NULL,NULL,NULL,NULL,NULL,0),
(1080,'清明上河图',NULL,'清明上河图宽25.2厘米，长528.7厘米，绢本设色。作品以长卷形式，采用散点透视构图法，生动记录了中国十二世纪北宋都城东京（又称汴京，今河南开封）的城市面貌和当时社会各阶层人民的生活状况，是北宋时期都城汴京当年繁荣的见证，也是北宋城市经济情况的写照。','北宋',NULL,NULL,1000,1000,26,0,NULL,1,4,NULL,NULL,NULL,NULL,NULL,0),
(1081,'清明上河图',NULL,'清明上河图宽25.2厘米，长528.7厘米，绢本设色。作品以长卷形式，采用散点透视构图法，生动记录了中国十二世纪北宋都城东京（又称汴京，今河南开封）的城市面貌和当时社会各阶层人民的生活状况，是北宋时期都城汴京当年繁荣的见证，也是北宋城市经济情况的写照。','北宋',NULL,NULL,1000,1000,26,0,NULL,1,4,NULL,NULL,NULL,NULL,NULL,0),
(1082,'清明上河图',NULL,'清明上河图宽25.2厘米，长528.7厘米，绢本设色。作品以长卷形式，采用散点透视构图法，生动记录了中国十二世纪北宋都城东京（又称汴京，今河南开封）的城市面貌和当时社会各阶层人民的生活状况，是北宋时期都城汴京当年繁荣的见证，也是北宋城市经济情况的写照。','北宋',NULL,NULL,1000,1000,26,0,NULL,1,4,NULL,NULL,NULL,NULL,NULL,0),
(1083,'清明上河图',NULL,'清明上河图宽25.2厘米，长528.7厘米，绢本设色。作品以长卷形式，采用散点透视构图法，生动记录了中国十二世纪北宋都城东京（又称汴京，今河南开封）的城市面貌和当时社会各阶层人民的生活状况，是北宋时期都城汴京当年繁荣的见证，也是北宋城市经济情况的写照。','北宋',NULL,NULL,1000,1000,26,0,NULL,1,4,NULL,NULL,NULL,NULL,NULL,0),
(1084,'清明上河图',NULL,'清明上河图宽25.2厘米，长528.7厘米，绢本设色。作品以长卷形式，采用散点透视构图法，生动记录了中国十二世纪北宋都城东京（又称汴京，今河南开封）的城市面貌和当时社会各阶层人民的生活状况，是北宋时期都城汴京当年繁荣的见证，也是北宋城市经济情况的写照。','北宋',NULL,NULL,1000,1000,26,0,NULL,1,4,NULL,NULL,NULL,NULL,NULL,0),
(1085,'清明上河图',NULL,'清明上河图宽25.2厘米，长528.7厘米，绢本设色。作品以长卷形式，采用散点透视构图法，生动记录了中国十二世纪北宋都城东京（又称汴京，今河南开封）的城市面貌和当时社会各阶层人民的生活状况，是北宋时期都城汴京当年繁荣的见证，也是北宋城市经济情况的写照。','北宋',NULL,NULL,1000,1000,26,0,NULL,1,4,NULL,NULL,NULL,NULL,NULL,0),
(1086,'清明上河图',NULL,'清明上河图宽25.2厘米，长528.7厘米，绢本设色。作品以长卷形式，采用散点透视构图法，生动记录了中国十二世纪北宋都城东京（又称汴京，今河南开封）的城市面貌和当时社会各阶层人民的生活状况，是北宋时期都城汴京当年繁荣的见证，也是北宋城市经济情况的写照。','北宋',NULL,NULL,1000,1000,26,0,NULL,1,4,NULL,NULL,NULL,NULL,NULL,0),
(1087,'清明上河图',NULL,'清明上河图宽25.2厘米，长528.7厘米，绢本设色。作品以长卷形式，采用散点透视构图法，生动记录了中国十二世纪北宋都城东京（又称汴京，今河南开封）的城市面貌和当时社会各阶层人民的生活状况，是北宋时期都城汴京当年繁荣的见证，也是北宋城市经济情况的写照。','北宋',NULL,NULL,1000,1000,26,0,NULL,1,4,NULL,NULL,NULL,NULL,NULL,0),
(1088,'清明上河图',NULL,'清明上河图宽25.2厘米，长528.7厘米，绢本设色。作品以长卷形式，采用散点透视构图法，生动记录了中国十二世纪北宋都城东京（又称汴京，今河南开封）的城市面貌和当时社会各阶层人民的生活状况，是北宋时期都城汴京当年繁荣的见证，也是北宋城市经济情况的写照。','北宋',NULL,NULL,1000,1000,26,0,NULL,1,4,NULL,NULL,NULL,NULL,NULL,0),
(1089,'清明上河图',NULL,'清明上河图宽25.2厘米，长528.7厘米，绢本设色。作品以长卷形式，采用散点透视构图法，生动记录了中国十二世纪北宋都城东京（又称汴京，今河南开封）的城市面貌和当时社会各阶层人民的生活状况，是北宋时期都城汴京当年繁荣的见证，也是北宋城市经济情况的写照。','北宋',NULL,NULL,1000,1000,26,0,NULL,1,4,NULL,NULL,NULL,NULL,NULL,0),
(1090,'清明上河图',NULL,'清明上河图宽25.2厘米，长528.7厘米，绢本设色。作品以长卷形式，采用散点透视构图法，生动记录了中国十二世纪北宋都城东京（又称汴京，今河南开封）的城市面貌和当时社会各阶层人民的生活状况，是北宋时期都城汴京当年繁荣的见证，也是北宋城市经济情况的写照。','北宋',NULL,NULL,1000,1000,26,0,NULL,1,4,NULL,NULL,NULL,NULL,NULL,0),
(1091,'清明上河图',NULL,'清明上河图宽25.2厘米，长528.7厘米，绢本设色。作品以长卷形式，采用散点透视构图法，生动记录了中国十二世纪北宋都城东京（又称汴京，今河南开封）的城市面貌和当时社会各阶层人民的生活状况，是北宋时期都城汴京当年繁荣的见证，也是北宋城市经济情况的写照。','北宋',NULL,NULL,1000,1000,26,0,NULL,1,4,NULL,NULL,NULL,NULL,NULL,0),
(1092,'清明上河图',NULL,'清明上河图宽25.2厘米，长528.7厘米，绢本设色。作品以长卷形式，采用散点透视构图法，生动记录了中国十二世纪北宋都城东京（又称汴京，今河南开封）的城市面貌和当时社会各阶层人民的生活状况，是北宋时期都城汴京当年繁荣的见证，也是北宋城市经济情况的写照。','北宋',NULL,NULL,1000,1000,26,0,NULL,1,4,NULL,NULL,NULL,NULL,NULL,0),
(1093,'清明上河图',NULL,'清明上河图宽25.2厘米，长528.7厘米，绢本设色。作品以长卷形式，采用散点透视构图法，生动记录了中国十二世纪北宋都城东京（又称汴京，今河南开封）的城市面貌和当时社会各阶层人民的生活状况，是北宋时期都城汴京当年繁荣的见证，也是北宋城市经济情况的写照。','北宋',NULL,NULL,1000,1000,26,0,NULL,1,4,NULL,NULL,NULL,NULL,NULL,0),
(1094,'清明上河图',NULL,'清明上河图宽25.2厘米，长528.7厘米，绢本设色。作品以长卷形式，采用散点透视构图法，生动记录了中国十二世纪北宋都城东京（又称汴京，今河南开封）的城市面貌和当时社会各阶层人民的生活状况，是北宋时期都城汴京当年繁荣的见证，也是北宋城市经济情况的写照。','北宋',NULL,NULL,1000,1000,26,0,NULL,1,4,NULL,NULL,NULL,NULL,NULL,0),
(1095,'清明上河图',NULL,'清明上河图宽25.2厘米，长528.7厘米，绢本设色。作品以长卷形式，采用散点透视构图法，生动记录了中国十二世纪北宋都城东京（又称汴京，今河南开封）的城市面貌和当时社会各阶层人民的生活状况，是北宋时期都城汴京当年繁荣的见证，也是北宋城市经济情况的写照。','北宋',NULL,NULL,1000,1000,26,0,NULL,1,4,NULL,NULL,NULL,NULL,NULL,0),
(1096,'清明上河图',NULL,'清明上河图宽25.2厘米，长528.7厘米，绢本设色。作品以长卷形式，采用散点透视构图法，生动记录了中国十二世纪北宋都城东京（又称汴京，今河南开封）的城市面貌和当时社会各阶层人民的生活状况，是北宋时期都城汴京当年繁荣的见证，也是北宋城市经济情况的写照。','北宋',NULL,NULL,1000,1000,26,0,NULL,1,4,NULL,NULL,NULL,NULL,NULL,0),
(1097,'清明上河图',NULL,'清明上河图宽25.2厘米，长528.7厘米，绢本设色。作品以长卷形式，采用散点透视构图法，生动记录了中国十二世纪北宋都城东京（又称汴京，今河南开封）的城市面貌和当时社会各阶层人民的生活状况，是北宋时期都城汴京当年繁荣的见证，也是北宋城市经济情况的写照。','北宋',NULL,NULL,1000,1000,26,0,NULL,1,4,NULL,NULL,NULL,NULL,NULL,0),
(1098,'清明上河图',NULL,'清明上河图宽25.2厘米，长528.7厘米，绢本设色。作品以长卷形式，采用散点透视构图法，生动记录了中国十二世纪北宋都城东京（又称汴京，今河南开封）的城市面貌和当时社会各阶层人民的生活状况，是北宋时期都城汴京当年繁荣的见证，也是北宋城市经济情况的写照。','北宋',NULL,NULL,1000,1000,26,0,NULL,1,4,NULL,NULL,NULL,NULL,NULL,0),
(1099,'清明上河图',NULL,'清明上河图宽25.2厘米，长528.7厘米，绢本设色。作品以长卷形式，采用散点透视构图法，生动记录了中国十二世纪北宋都城东京（又称汴京，今河南开封）的城市面貌和当时社会各阶层人民的生活状况，是北宋时期都城汴京当年繁荣的见证，也是北宋城市经济情况的写照。','北宋',NULL,NULL,1000,1000,26,0,NULL,1,4,NULL,NULL,NULL,NULL,NULL,0),
(1100,'清明上河图',NULL,'清明上河图宽25.2厘米，长528.7厘米，绢本设色。作品以长卷形式，采用散点透视构图法，生动记录了中国十二世纪北宋都城东京（又称汴京，今河南开封）的城市面貌和当时社会各阶层人民的生活状况，是北宋时期都城汴京当年繁荣的见证，也是北宋城市经济情况的写照。','北宋',NULL,NULL,1000,1000,26,0,NULL,1,4,NULL,NULL,NULL,NULL,NULL,0),
(1101,'清明上河图',NULL,'清明上河图宽25.2厘米，长528.7厘米，绢本设色。作品以长卷形式，采用散点透视构图法，生动记录了中国十二世纪北宋都城东京（又称汴京，今河南开封）的城市面貌和当时社会各阶层人民的生活状况，是北宋时期都城汴京当年繁荣的见证，也是北宋城市经济情况的写照。','北宋',NULL,NULL,1000,1000,26,0,NULL,1,4,NULL,NULL,NULL,NULL,NULL,0),
(1102,'清明上河图',NULL,'清明上河图宽25.2厘米，长528.7厘米，绢本设色。作品以长卷形式，采用散点透视构图法，生动记录了中国十二世纪北宋都城东京（又称汴京，今河南开封）的城市面貌和当时社会各阶层人民的生活状况，是北宋时期都城汴京当年繁荣的见证，也是北宋城市经济情况的写照。','北宋',NULL,NULL,1000,1000,26,0,NULL,1,4,NULL,NULL,NULL,NULL,NULL,0),
(1103,'清明上河图',NULL,'清明上河图宽25.2厘米，长528.7厘米，绢本设色。作品以长卷形式，采用散点透视构图法，生动记录了中国十二世纪北宋都城东京（又称汴京，今河南开封）的城市面貌和当时社会各阶层人民的生活状况，是北宋时期都城汴京当年繁荣的见证，也是北宋城市经济情况的写照。','北宋',NULL,NULL,1000,1000,26,0,NULL,1,4,NULL,NULL,NULL,NULL,NULL,0),
(1104,'清明上河图',NULL,'清明上河图宽25.2厘米，长528.7厘米，绢本设色。作品以长卷形式，采用散点透视构图法，生动记录了中国十二世纪北宋都城东京（又称汴京，今河南开封）的城市面貌和当时社会各阶层人民的生活状况，是北宋时期都城汴京当年繁荣的见证，也是北宋城市经济情况的写照。','北宋',NULL,NULL,1000,1000,26,0,NULL,1,4,NULL,NULL,NULL,NULL,NULL,0),
(1105,'清明上河图',NULL,'清明上河图宽25.2厘米，长528.7厘米，绢本设色。作品以长卷形式，采用散点透视构图法，生动记录了中国十二世纪北宋都城东京（又称汴京，今河南开封）的城市面貌和当时社会各阶层人民的生活状况，是北宋时期都城汴京当年繁荣的见证，也是北宋城市经济情况的写照。','北宋',NULL,NULL,1000,1000,26,0,NULL,1,4,NULL,NULL,NULL,NULL,NULL,0),
(1106,'清明上河图',NULL,'清明上河图宽25.2厘米，长528.7厘米，绢本设色。作品以长卷形式，采用散点透视构图法，生动记录了中国十二世纪北宋都城东京（又称汴京，今河南开封）的城市面貌和当时社会各阶层人民的生活状况，是北宋时期都城汴京当年繁荣的见证，也是北宋城市经济情况的写照。','北宋',NULL,NULL,1000,1000,26,0,NULL,1,4,NULL,NULL,NULL,NULL,NULL,0),
(1107,'清明上河图',NULL,'清明上河图宽25.2厘米，长528.7厘米，绢本设色。作品以长卷形式，采用散点透视构图法，生动记录了中国十二世纪北宋都城东京（又称汴京，今河南开封）的城市面貌和当时社会各阶层人民的生活状况，是北宋时期都城汴京当年繁荣的见证，也是北宋城市经济情况的写照。','北宋',NULL,NULL,1000,1000,26,0,NULL,1,4,NULL,NULL,NULL,NULL,NULL,0),
(1108,'清明上河图',NULL,'清明上河图宽25.2厘米，长528.7厘米，绢本设色。作品以长卷形式，采用散点透视构图法，生动记录了中国十二世纪北宋都城东京（又称汴京，今河南开封）的城市面貌和当时社会各阶层人民的生活状况，是北宋时期都城汴京当年繁荣的见证，也是北宋城市经济情况的写照。','北宋',NULL,NULL,1000,1000,26,0,NULL,1,4,NULL,NULL,NULL,NULL,NULL,0),
(1109,'清明上河图',NULL,'清明上河图宽25.2厘米，长528.7厘米，绢本设色。作品以长卷形式，采用散点透视构图法，生动记录了中国十二世纪北宋都城东京（又称汴京，今河南开封）的城市面貌和当时社会各阶层人民的生活状况，是北宋时期都城汴京当年繁荣的见证，也是北宋城市经济情况的写照。','北宋',NULL,NULL,1000,1000,26,0,NULL,1,4,NULL,NULL,NULL,NULL,NULL,0),
(1110,'清明上河图',NULL,'清明上河图宽25.2厘米，长528.7厘米，绢本设色。作品以长卷形式，采用散点透视构图法，生动记录了中国十二世纪北宋都城东京（又称汴京，今河南开封）的城市面貌和当时社会各阶层人民的生活状况，是北宋时期都城汴京当年繁荣的见证，也是北宋城市经济情况的写照。','北宋',NULL,NULL,1000,1000,26,0,NULL,1,4,NULL,NULL,NULL,NULL,NULL,0),
(1111,'清明上河图',NULL,'清明上河图宽25.2厘米，长528.7厘米，绢本设色。作品以长卷形式，采用散点透视构图法，生动记录了中国十二世纪北宋都城东京（又称汴京，今河南开封）的城市面貌和当时社会各阶层人民的生活状况，是北宋时期都城汴京当年繁荣的见证，也是北宋城市经济情况的写照。','北宋',NULL,NULL,1000,1000,26,0,NULL,1,1,NULL,NULL,NULL,NULL,NULL,0),
(1112,'清明上河图',NULL,'清明上河图宽25.2厘米，长528.7厘米，绢本设色。作品以长卷形式，采用散点透视构图法，生动记录了中国十二世纪北宋都城东京（又称汴京，今河南开封）的城市面貌和当时社会各阶层人民的生活状况，是北宋时期都城汴京当年繁荣的见证，也是北宋城市经济情况的写照。','北宋',NULL,NULL,1000,1000,26,0,NULL,1,1,NULL,NULL,NULL,NULL,NULL,0),
(1113,'清明上河图',NULL,'清明上河图宽25.2厘米，长528.7厘米，绢本设色。作品以长卷形式，采用散点透视构图法，生动记录了中国十二世纪北宋都城东京（又称汴京，今河南开封）的城市面貌和当时社会各阶层人民的生活状况，是北宋时期都城汴京当年繁荣的见证，也是北宋城市经济情况的写照。','北宋',NULL,NULL,1000,1000,26,0,NULL,1,1,NULL,NULL,NULL,NULL,NULL,0),
(1114,'清明上河图',NULL,'清明上河图宽25.2厘米，长528.7厘米，绢本设色。作品以长卷形式，采用散点透视构图法，生动记录了中国十二世纪北宋都城东京（又称汴京，今河南开封）的城市面貌和当时社会各阶层人民的生活状况，是北宋时期都城汴京当年繁荣的见证，也是北宋城市经济情况的写照。','北宋',NULL,NULL,1000,1000,26,0,NULL,1,1,NULL,NULL,NULL,NULL,NULL,0),
(1115,'清明上河图',NULL,'清明上河图宽25.2厘米，长528.7厘米，绢本设色。作品以长卷形式，采用散点透视构图法，生动记录了中国十二世纪北宋都城东京（又称汴京，今河南开封）的城市面貌和当时社会各阶层人民的生活状况，是北宋时期都城汴京当年繁荣的见证，也是北宋城市经济情况的写照。','北宋',NULL,NULL,1000,1000,26,0,NULL,1,1,NULL,NULL,NULL,NULL,NULL,0),
(1116,'清明上河图',NULL,'清明上河图宽25.2厘米，长528.7厘米，绢本设色。作品以长卷形式，采用散点透视构图法，生动记录了中国十二世纪北宋都城东京（又称汴京，今河南开封）的城市面貌和当时社会各阶层人民的生活状况，是北宋时期都城汴京当年繁荣的见证，也是北宋城市经济情况的写照。','北宋',NULL,NULL,1000,1000,26,0,NULL,1,4,NULL,NULL,NULL,NULL,NULL,0),
(1117,'清明上河图',NULL,'清明上河图宽25.2厘米，长528.7厘米，绢本设色。作品以长卷形式，采用散点透视构图法，生动记录了中国十二世纪北宋都城东京（又称汴京，今河南开封）的城市面貌和当时社会各阶层人民的生活状况，是北宋时期都城汴京当年繁荣的见证，也是北宋城市经济情况的写照。','北宋',NULL,NULL,1000,1000,26,0,NULL,1,4,NULL,NULL,NULL,NULL,NULL,0),
(1118,'清明上河图',NULL,'清明上河图宽25.2厘米，长528.7厘米，绢本设色。作品以长卷形式，采用散点透视构图法，生动记录了中国十二世纪北宋都城东京（又称汴京，今河南开封）的城市面貌和当时社会各阶层人民的生活状况，是北宋时期都城汴京当年繁荣的见证，也是北宋城市经济情况的写照。','北宋',NULL,NULL,1000,1000,26,0,NULL,1,4,NULL,NULL,NULL,NULL,NULL,0),
(1119,'清明上河图',NULL,'清明上河图宽25.2厘米，长528.7厘米，绢本设色。作品以长卷形式，采用散点透视构图法，生动记录了中国十二世纪北宋都城东京（又称汴京，今河南开封）的城市面貌和当时社会各阶层人民的生活状况，是北宋时期都城汴京当年繁荣的见证，也是北宋城市经济情况的写照。','北宋',NULL,NULL,1000,1000,26,0,NULL,1,4,NULL,NULL,NULL,NULL,NULL,0),
(1120,'清明上河图',NULL,'清明上河图宽25.2厘米，长528.7厘米，绢本设色。作品以长卷形式，采用散点透视构图法，生动记录了中国十二世纪北宋都城东京（又称汴京，今河南开封）的城市面貌和当时社会各阶层人民的生活状况，是北宋时期都城汴京当年繁荣的见证，也是北宋城市经济情况的写照。','北宋',NULL,NULL,1000,1000,26,0,NULL,1,4,NULL,NULL,NULL,NULL,NULL,0),
(1121,'清明上河图',NULL,'清明上河图宽25.2厘米，长528.7厘米，绢本设色。作品以长卷形式，采用散点透视构图法，生动记录了中国十二世纪北宋都城东京（又称汴京，今河南开封）的城市面貌和当时社会各阶层人民的生活状况，是北宋时期都城汴京当年繁荣的见证，也是北宋城市经济情况的写照。','北宋',NULL,NULL,1000,1000,26,0,NULL,1,1,NULL,NULL,NULL,NULL,NULL,0),
(1122,'清明上河图',NULL,'清明上河图宽25.2厘米，长528.7厘米，绢本设色。作品以长卷形式，采用散点透视构图法，生动记录了中国十二世纪北宋都城东京（又称汴京，今河南开封）的城市面貌和当时社会各阶层人民的生活状况，是北宋时期都城汴京当年繁荣的见证，也是北宋城市经济情况的写照。','北宋',NULL,NULL,1000,1000,26,0,NULL,1,1,NULL,NULL,NULL,NULL,NULL,0),
(1123,'清明上河图',NULL,'清明上河图宽25.2厘米，长528.7厘米，绢本设色。作品以长卷形式，采用散点透视构图法，生动记录了中国十二世纪北宋都城东京（又称汴京，今河南开封）的城市面貌和当时社会各阶层人民的生活状况，是北宋时期都城汴京当年繁荣的见证，也是北宋城市经济情况的写照。','北宋',NULL,NULL,1000,1000,26,0,NULL,1,1,NULL,NULL,NULL,NULL,NULL,0),
(1124,'清明上河图',NULL,'清明上河图宽25.2厘米，长528.7厘米，绢本设色。作品以长卷形式，采用散点透视构图法，生动记录了中国十二世纪北宋都城东京（又称汴京，今河南开封）的城市面貌和当时社会各阶层人民的生活状况，是北宋时期都城汴京当年繁荣的见证，也是北宋城市经济情况的写照。','北宋',NULL,NULL,1000,1000,26,0,NULL,1,1,NULL,NULL,NULL,NULL,NULL,0),
(1125,'清明上河图',NULL,'清明上河图宽25.2厘米，长528.7厘米，绢本设色。作品以长卷形式，采用散点透视构图法，生动记录了中国十二世纪北宋都城东京（又称汴京，今河南开封）的城市面貌和当时社会各阶层人民的生活状况，是北宋时期都城汴京当年繁荣的见证，也是北宋城市经济情况的写照。','北宋',NULL,NULL,1000,1000,26,0,NULL,1,1,NULL,NULL,NULL,NULL,NULL,0),
(1126,'清明上河图',NULL,'清明上河图宽25.2厘米，长528.7厘米，绢本设色。作品以长卷形式，采用散点透视构图法，生动记录了中国十二世纪北宋都城东京（又称汴京，今河南开封）的城市面貌和当时社会各阶层人民的生活状况，是北宋时期都城汴京当年繁荣的见证，也是北宋城市经济情况的写照。','北宋',NULL,NULL,1000,1000,26,0,NULL,1,4,NULL,NULL,NULL,NULL,NULL,0),
(1127,'清明上河图',NULL,'清明上河图宽25.2厘米，长528.7厘米，绢本设色。作品以长卷形式，采用散点透视构图法，生动记录了中国十二世纪北宋都城东京（又称汴京，今河南开封）的城市面貌和当时社会各阶层人民的生活状况，是北宋时期都城汴京当年繁荣的见证，也是北宋城市经济情况的写照。','北宋',NULL,NULL,1000,1000,26,0,NULL,1,4,NULL,NULL,NULL,NULL,NULL,0),
(1128,'清明上河图',NULL,'清明上河图宽25.2厘米，长528.7厘米，绢本设色。作品以长卷形式，采用散点透视构图法，生动记录了中国十二世纪北宋都城东京（又称汴京，今河南开封）的城市面貌和当时社会各阶层人民的生活状况，是北宋时期都城汴京当年繁荣的见证，也是北宋城市经济情况的写照。','北宋',NULL,NULL,1000,1000,26,0,NULL,1,4,NULL,NULL,NULL,NULL,NULL,0),
(1129,'清明上河图',NULL,'清明上河图宽25.2厘米，长528.7厘米，绢本设色。作品以长卷形式，采用散点透视构图法，生动记录了中国十二世纪北宋都城东京（又称汴京，今河南开封）的城市面貌和当时社会各阶层人民的生活状况，是北宋时期都城汴京当年繁荣的见证，也是北宋城市经济情况的写照。','北宋',NULL,NULL,1000,1000,26,0,NULL,1,4,NULL,NULL,NULL,NULL,NULL,0),
(1130,'清明上河图',NULL,'清明上河图宽25.2厘米，长528.7厘米，绢本设色。作品以长卷形式，采用散点透视构图法，生动记录了中国十二世纪北宋都城东京（又称汴京，今河南开封）的城市面貌和当时社会各阶层人民的生活状况，是北宋时期都城汴京当年繁荣的见证，也是北宋城市经济情况的写照。','北宋',NULL,NULL,1000,1000,26,0,NULL,1,4,NULL,NULL,NULL,NULL,NULL,0),
(1131,'清明上河图',NULL,'清明上河图宽25.2厘米，长528.7厘米，绢本设色。作品以长卷形式，采用散点透视构图法，生动记录了中国十二世纪北宋都城东京（又称汴京，今河南开封）的城市面貌和当时社会各阶层人民的生活状况，是北宋时期都城汴京当年繁荣的见证，也是北宋城市经济情况的写照。','北宋',NULL,NULL,1000,1000,26,0,NULL,1,1,NULL,NULL,NULL,NULL,NULL,0),
(1132,'清明上河图',NULL,'清明上河图宽25.2厘米，长528.7厘米，绢本设色。作品以长卷形式，采用散点透视构图法，生动记录了中国十二世纪北宋都城东京（又称汴京，今河南开封）的城市面貌和当时社会各阶层人民的生活状况，是北宋时期都城汴京当年繁荣的见证，也是北宋城市经济情况的写照。','北宋',NULL,NULL,1000,1000,26,0,NULL,1,1,NULL,NULL,NULL,NULL,NULL,0),
(1133,'清明上河图',NULL,'清明上河图宽25.2厘米，长528.7厘米，绢本设色。作品以长卷形式，采用散点透视构图法，生动记录了中国十二世纪北宋都城东京（又称汴京，今河南开封）的城市面貌和当时社会各阶层人民的生活状况，是北宋时期都城汴京当年繁荣的见证，也是北宋城市经济情况的写照。','北宋',NULL,NULL,1000,1000,26,0,NULL,1,1,NULL,NULL,NULL,NULL,NULL,0),
(1134,'清明上河图',NULL,'清明上河图宽25.2厘米，长528.7厘米，绢本设色。作品以长卷形式，采用散点透视构图法，生动记录了中国十二世纪北宋都城东京（又称汴京，今河南开封）的城市面貌和当时社会各阶层人民的生活状况，是北宋时期都城汴京当年繁荣的见证，也是北宋城市经济情况的写照。','北宋',NULL,NULL,1000,1000,26,0,NULL,1,1,NULL,NULL,NULL,NULL,NULL,0),
(1135,'清明上河图',NULL,'清明上河图宽25.2厘米，长528.7厘米，绢本设色。作品以长卷形式，采用散点透视构图法，生动记录了中国十二世纪北宋都城东京（又称汴京，今河南开封）的城市面貌和当时社会各阶层人民的生活状况，是北宋时期都城汴京当年繁荣的见证，也是北宋城市经济情况的写照。','北宋',NULL,NULL,1000,1000,26,0,NULL,1,1,NULL,NULL,NULL,NULL,NULL,0),
(1136,'清明上河图',NULL,'清明上河图宽25.2厘米，长528.7厘米，绢本设色。作品以长卷形式，采用散点透视构图法，生动记录了中国十二世纪北宋都城东京（又称汴京，今河南开封）的城市面貌和当时社会各阶层人民的生活状况，是北宋时期都城汴京当年繁荣的见证，也是北宋城市经济情况的写照。','北宋',NULL,NULL,1000,1000,26,0,NULL,1,4,NULL,NULL,NULL,NULL,NULL,0),
(1137,'清明上河图',NULL,'清明上河图宽25.2厘米，长528.7厘米，绢本设色。作品以长卷形式，采用散点透视构图法，生动记录了中国十二世纪北宋都城东京（又称汴京，今河南开封）的城市面貌和当时社会各阶层人民的生活状况，是北宋时期都城汴京当年繁荣的见证，也是北宋城市经济情况的写照。','北宋',NULL,NULL,1000,1000,26,0,NULL,1,4,NULL,NULL,NULL,NULL,NULL,0),
(1138,'清明上河图',NULL,'清明上河图宽25.2厘米，长528.7厘米，绢本设色。作品以长卷形式，采用散点透视构图法，生动记录了中国十二世纪北宋都城东京（又称汴京，今河南开封）的城市面貌和当时社会各阶层人民的生活状况，是北宋时期都城汴京当年繁荣的见证，也是北宋城市经济情况的写照。','北宋',NULL,NULL,1000,1000,26,0,NULL,1,4,NULL,NULL,NULL,NULL,NULL,0),
(1139,'清明上河图',NULL,'清明上河图宽25.2厘米，长528.7厘米，绢本设色。作品以长卷形式，采用散点透视构图法，生动记录了中国十二世纪北宋都城东京（又称汴京，今河南开封）的城市面貌和当时社会各阶层人民的生活状况，是北宋时期都城汴京当年繁荣的见证，也是北宋城市经济情况的写照。','北宋',NULL,NULL,1000,1000,26,0,NULL,1,4,NULL,NULL,NULL,NULL,NULL,0),
(1140,'清明上河图',NULL,'清明上河图宽25.2厘米，长528.7厘米，绢本设色。作品以长卷形式，采用散点透视构图法，生动记录了中国十二世纪北宋都城东京（又称汴京，今河南开封）的城市面貌和当时社会各阶层人民的生活状况，是北宋时期都城汴京当年繁荣的见证，也是北宋城市经济情况的写照。','北宋',NULL,NULL,1000,1000,26,0,NULL,1,4,NULL,NULL,NULL,NULL,NULL,0),
(1141,'清明上河图',NULL,'清明上河图宽25.2厘米，长528.7厘米，绢本设色。作品以长卷形式，采用散点透视构图法，生动记录了中国十二世纪北宋都城东京（又称汴京，今河南开封）的城市面貌和当时社会各阶层人民的生活状况，是北宋时期都城汴京当年繁荣的见证，也是北宋城市经济情况的写照。','北宋',NULL,NULL,1000,1000,26,0,NULL,1,1,NULL,NULL,NULL,NULL,NULL,0),
(1142,'清明上河图',NULL,'清明上河图宽25.2厘米，长528.7厘米，绢本设色。作品以长卷形式，采用散点透视构图法，生动记录了中国十二世纪北宋都城东京（又称汴京，今河南开封）的城市面貌和当时社会各阶层人民的生活状况，是北宋时期都城汴京当年繁荣的见证，也是北宋城市经济情况的写照。','北宋',NULL,NULL,1000,1000,26,0,NULL,1,1,NULL,NULL,NULL,NULL,NULL,0),
(1143,'清明上河图',NULL,'清明上河图宽25.2厘米，长528.7厘米，绢本设色。作品以长卷形式，采用散点透视构图法，生动记录了中国十二世纪北宋都城东京（又称汴京，今河南开封）的城市面貌和当时社会各阶层人民的生活状况，是北宋时期都城汴京当年繁荣的见证，也是北宋城市经济情况的写照。','北宋',NULL,NULL,1000,1000,26,0,NULL,1,1,NULL,NULL,NULL,NULL,NULL,0),
(1144,'清明上河图',NULL,'清明上河图宽25.2厘米，长528.7厘米，绢本设色。作品以长卷形式，采用散点透视构图法，生动记录了中国十二世纪北宋都城东京（又称汴京，今河南开封）的城市面貌和当时社会各阶层人民的生活状况，是北宋时期都城汴京当年繁荣的见证，也是北宋城市经济情况的写照。','北宋',NULL,NULL,1000,1000,26,0,NULL,1,1,NULL,NULL,NULL,NULL,NULL,0),
(1145,'清明上河图',NULL,'清明上河图宽25.2厘米，长528.7厘米，绢本设色。作品以长卷形式，采用散点透视构图法，生动记录了中国十二世纪北宋都城东京（又称汴京，今河南开封）的城市面貌和当时社会各阶层人民的生活状况，是北宋时期都城汴京当年繁荣的见证，也是北宋城市经济情况的写照。','北宋',NULL,NULL,1000,1000,26,0,NULL,1,1,NULL,NULL,NULL,NULL,NULL,0),
(1146,'清明上河图',NULL,'清明上河图宽25.2厘米，长528.7厘米，绢本设色。作品以长卷形式，采用散点透视构图法，生动记录了中国十二世纪北宋都城东京（又称汴京，今河南开封）的城市面貌和当时社会各阶层人民的生活状况，是北宋时期都城汴京当年繁荣的见证，也是北宋城市经济情况的写照。','北宋',NULL,NULL,1000,1000,26,0,NULL,1,4,NULL,NULL,NULL,NULL,NULL,0),
(1147,'清明上河图',NULL,'清明上河图宽25.2厘米，长528.7厘米，绢本设色。作品以长卷形式，采用散点透视构图法，生动记录了中国十二世纪北宋都城东京（又称汴京，今河南开封）的城市面貌和当时社会各阶层人民的生活状况，是北宋时期都城汴京当年繁荣的见证，也是北宋城市经济情况的写照。','北宋',NULL,NULL,1000,1000,26,0,NULL,1,4,NULL,NULL,NULL,NULL,NULL,0),
(1148,'清明上河图',NULL,'清明上河图宽25.2厘米，长528.7厘米，绢本设色。作品以长卷形式，采用散点透视构图法，生动记录了中国十二世纪北宋都城东京（又称汴京，今河南开封）的城市面貌和当时社会各阶层人民的生活状况，是北宋时期都城汴京当年繁荣的见证，也是北宋城市经济情况的写照。','北宋',NULL,NULL,1000,1000,26,0,NULL,1,4,NULL,NULL,NULL,NULL,NULL,0),
(1149,'清明上河图',NULL,'清明上河图宽25.2厘米，长528.7厘米，绢本设色。作品以长卷形式，采用散点透视构图法，生动记录了中国十二世纪北宋都城东京（又称汴京，今河南开封）的城市面貌和当时社会各阶层人民的生活状况，是北宋时期都城汴京当年繁荣的见证，也是北宋城市经济情况的写照。','北宋',NULL,NULL,1000,1000,26,0,NULL,1,4,NULL,NULL,NULL,NULL,NULL,0),
(1150,'清明上河图',NULL,'清明上河图宽25.2厘米，长528.7厘米，绢本设色。作品以长卷形式，采用散点透视构图法，生动记录了中国十二世纪北宋都城东京（又称汴京，今河南开封）的城市面貌和当时社会各阶层人民的生活状况，是北宋时期都城汴京当年繁荣的见证，也是北宋城市经济情况的写照。','北宋',NULL,NULL,1000,1000,26,0,NULL,1,4,NULL,NULL,NULL,NULL,NULL,0),
(1151,'清明上河图',NULL,'清明上河图宽25.2厘米，长528.7厘米，绢本设色。作品以长卷形式，采用散点透视构图法，生动记录了中国十二世纪北宋都城东京（又称汴京，今河南开封）的城市面貌和当时社会各阶层人民的生活状况，是北宋时期都城汴京当年繁荣的见证，也是北宋城市经济情况的写照。','北宋',NULL,NULL,1000,1000,26,0,NULL,1,1,NULL,NULL,NULL,NULL,NULL,0),
(1152,'清明上河图',NULL,'清明上河图宽25.2厘米，长528.7厘米，绢本设色。作品以长卷形式，采用散点透视构图法，生动记录了中国十二世纪北宋都城东京（又称汴京，今河南开封）的城市面貌和当时社会各阶层人民的生活状况，是北宋时期都城汴京当年繁荣的见证，也是北宋城市经济情况的写照。','北宋',NULL,NULL,1000,1000,26,0,NULL,1,1,NULL,NULL,NULL,NULL,NULL,0),
(1153,'清明上河图',NULL,'清明上河图宽25.2厘米，长528.7厘米，绢本设色。作品以长卷形式，采用散点透视构图法，生动记录了中国十二世纪北宋都城东京（又称汴京，今河南开封）的城市面貌和当时社会各阶层人民的生活状况，是北宋时期都城汴京当年繁荣的见证，也是北宋城市经济情况的写照。','北宋',NULL,NULL,1000,1000,26,0,NULL,1,1,NULL,NULL,NULL,NULL,NULL,0),
(1154,'清明上河图',NULL,'清明上河图宽25.2厘米，长528.7厘米，绢本设色。作品以长卷形式，采用散点透视构图法，生动记录了中国十二世纪北宋都城东京（又称汴京，今河南开封）的城市面貌和当时社会各阶层人民的生活状况，是北宋时期都城汴京当年繁荣的见证，也是北宋城市经济情况的写照。','北宋',NULL,NULL,1000,1000,26,0,NULL,1,1,NULL,NULL,NULL,NULL,NULL,0),
(1155,'清明上河图',NULL,'清明上河图宽25.2厘米，长528.7厘米，绢本设色。作品以长卷形式，采用散点透视构图法，生动记录了中国十二世纪北宋都城东京（又称汴京，今河南开封）的城市面貌和当时社会各阶层人民的生活状况，是北宋时期都城汴京当年繁荣的见证，也是北宋城市经济情况的写照。','北宋',NULL,NULL,1000,1000,26,0,NULL,1,1,NULL,NULL,NULL,NULL,NULL,0),
(1156,'清明上河图',NULL,'清明上河图宽25.2厘米，长528.7厘米，绢本设色。作品以长卷形式，采用散点透视构图法，生动记录了中国十二世纪北宋都城东京（又称汴京，今河南开封）的城市面貌和当时社会各阶层人民的生活状况，是北宋时期都城汴京当年繁荣的见证，也是北宋城市经济情况的写照。','北宋',NULL,NULL,1000,1000,26,0,NULL,1,4,NULL,NULL,NULL,NULL,NULL,0),
(1157,'清明上河图',NULL,'清明上河图宽25.2厘米，长528.7厘米，绢本设色。作品以长卷形式，采用散点透视构图法，生动记录了中国十二世纪北宋都城东京（又称汴京，今河南开封）的城市面貌和当时社会各阶层人民的生活状况，是北宋时期都城汴京当年繁荣的见证，也是北宋城市经济情况的写照。','北宋',NULL,NULL,1000,1000,26,0,NULL,1,4,NULL,NULL,NULL,NULL,NULL,0),
(1158,'清明上河图',NULL,'清明上河图宽25.2厘米，长528.7厘米，绢本设色。作品以长卷形式，采用散点透视构图法，生动记录了中国十二世纪北宋都城东京（又称汴京，今河南开封）的城市面貌和当时社会各阶层人民的生活状况，是北宋时期都城汴京当年繁荣的见证，也是北宋城市经济情况的写照。','北宋',NULL,NULL,1000,1000,26,0,NULL,1,4,NULL,NULL,NULL,NULL,NULL,0),
(1159,'清明上河图',NULL,'清明上河图宽25.2厘米，长528.7厘米，绢本设色。作品以长卷形式，采用散点透视构图法，生动记录了中国十二世纪北宋都城东京（又称汴京，今河南开封）的城市面貌和当时社会各阶层人民的生活状况，是北宋时期都城汴京当年繁荣的见证，也是北宋城市经济情况的写照。','北宋',NULL,NULL,1000,1000,26,0,NULL,1,4,NULL,NULL,NULL,NULL,NULL,0),
(1160,'清明上河图',NULL,'清明上河图宽25.2厘米，长528.7厘米，绢本设色。作品以长卷形式，采用散点透视构图法，生动记录了中国十二世纪北宋都城东京（又称汴京，今河南开封）的城市面貌和当时社会各阶层人民的生活状况，是北宋时期都城汴京当年繁荣的见证，也是北宋城市经济情况的写照。','北宋',NULL,NULL,1000,1000,26,0,NULL,1,4,NULL,NULL,NULL,NULL,NULL,0),
(1161,'清明上河图',NULL,'清明上河图宽25.2厘米，长528.7厘米，绢本设色。作品以长卷形式，采用散点透视构图法，生动记录了中国十二世纪北宋都城东京（又称汴京，今河南开封）的城市面貌和当时社会各阶层人民的生活状况，是北宋时期都城汴京当年繁荣的见证，也是北宋城市经济情况的写照。','北宋',NULL,NULL,1000,1000,26,0,NULL,1,1,NULL,NULL,NULL,NULL,NULL,0),
(1162,'清明上河图',NULL,'清明上河图宽25.2厘米，长528.7厘米，绢本设色。作品以长卷形式，采用散点透视构图法，生动记录了中国十二世纪北宋都城东京（又称汴京，今河南开封）的城市面貌和当时社会各阶层人民的生活状况，是北宋时期都城汴京当年繁荣的见证，也是北宋城市经济情况的写照。','北宋',NULL,NULL,1000,1000,26,0,NULL,1,1,NULL,NULL,NULL,NULL,NULL,0),
(1163,'清明上河图',NULL,'清明上河图宽25.2厘米，长528.7厘米，绢本设色。作品以长卷形式，采用散点透视构图法，生动记录了中国十二世纪北宋都城东京（又称汴京，今河南开封）的城市面貌和当时社会各阶层人民的生活状况，是北宋时期都城汴京当年繁荣的见证，也是北宋城市经济情况的写照。','北宋',NULL,NULL,1000,1000,26,0,NULL,1,1,NULL,NULL,NULL,NULL,NULL,0),
(1164,'清明上河图',NULL,'清明上河图宽25.2厘米，长528.7厘米，绢本设色。作品以长卷形式，采用散点透视构图法，生动记录了中国十二世纪北宋都城东京（又称汴京，今河南开封）的城市面貌和当时社会各阶层人民的生活状况，是北宋时期都城汴京当年繁荣的见证，也是北宋城市经济情况的写照。','北宋',NULL,NULL,1000,1000,26,0,NULL,1,1,NULL,NULL,NULL,NULL,NULL,0),
(1165,'清明上河图',NULL,'清明上河图宽25.2厘米，长528.7厘米，绢本设色。作品以长卷形式，采用散点透视构图法，生动记录了中国十二世纪北宋都城东京（又称汴京，今河南开封）的城市面貌和当时社会各阶层人民的生活状况，是北宋时期都城汴京当年繁荣的见证，也是北宋城市经济情况的写照。','北宋',NULL,NULL,1000,1000,26,0,NULL,1,1,NULL,NULL,NULL,NULL,NULL,0),
(1166,'清明上河图',NULL,'清明上河图宽25.2厘米，长528.7厘米，绢本设色。作品以长卷形式，采用散点透视构图法，生动记录了中国十二世纪北宋都城东京（又称汴京，今河南开封）的城市面貌和当时社会各阶层人民的生活状况，是北宋时期都城汴京当年繁荣的见证，也是北宋城市经济情况的写照。','北宋',NULL,NULL,1000,1000,26,0,NULL,1,4,NULL,NULL,NULL,NULL,NULL,0),
(1167,'清明上河图',NULL,'清明上河图宽25.2厘米，长528.7厘米，绢本设色。作品以长卷形式，采用散点透视构图法，生动记录了中国十二世纪北宋都城东京（又称汴京，今河南开封）的城市面貌和当时社会各阶层人民的生活状况，是北宋时期都城汴京当年繁荣的见证，也是北宋城市经济情况的写照。','北宋',NULL,NULL,1000,1000,26,0,NULL,1,4,NULL,NULL,NULL,NULL,NULL,0),
(1168,'清明上河图',NULL,'清明上河图宽25.2厘米，长528.7厘米，绢本设色。作品以长卷形式，采用散点透视构图法，生动记录了中国十二世纪北宋都城东京（又称汴京，今河南开封）的城市面貌和当时社会各阶层人民的生活状况，是北宋时期都城汴京当年繁荣的见证，也是北宋城市经济情况的写照。','北宋',NULL,NULL,1000,1000,26,0,NULL,1,4,NULL,NULL,NULL,NULL,NULL,0),
(1169,'清明上河图',NULL,'清明上河图宽25.2厘米，长528.7厘米，绢本设色。作品以长卷形式，采用散点透视构图法，生动记录了中国十二世纪北宋都城东京（又称汴京，今河南开封）的城市面貌和当时社会各阶层人民的生活状况，是北宋时期都城汴京当年繁荣的见证，也是北宋城市经济情况的写照。','北宋',NULL,NULL,1000,1000,26,0,NULL,1,4,NULL,NULL,NULL,NULL,NULL,0),
(1170,'清明上河图',NULL,'清明上河图宽25.2厘米，长528.7厘米，绢本设色。作品以长卷形式，采用散点透视构图法，生动记录了中国十二世纪北宋都城东京（又称汴京，今河南开封）的城市面貌和当时社会各阶层人民的生活状况，是北宋时期都城汴京当年繁荣的见证，也是北宋城市经济情况的写照。','北宋',NULL,NULL,1000,1000,26,0,NULL,1,4,NULL,NULL,NULL,NULL,NULL,0),
(1171,'清明上河图',NULL,'清明上河图宽25.2厘米，长528.7厘米，绢本设色。作品以长卷形式，采用散点透视构图法，生动记录了中国十二世纪北宋都城东京（又称汴京，今河南开封）的城市面貌和当时社会各阶层人民的生活状况，是北宋时期都城汴京当年繁荣的见证，也是北宋城市经济情况的写照。','北宋',NULL,NULL,1000,1000,26,0,NULL,1,1,NULL,NULL,NULL,NULL,NULL,0),
(1172,'清明上河图',NULL,'清明上河图宽25.2厘米，长528.7厘米，绢本设色。作品以长卷形式，采用散点透视构图法，生动记录了中国十二世纪北宋都城东京（又称汴京，今河南开封）的城市面貌和当时社会各阶层人民的生活状况，是北宋时期都城汴京当年繁荣的见证，也是北宋城市经济情况的写照。','北宋',NULL,NULL,1000,1000,26,0,NULL,1,1,NULL,NULL,NULL,NULL,NULL,0),
(1173,'清明上河图',NULL,'清明上河图宽25.2厘米，长528.7厘米，绢本设色。作品以长卷形式，采用散点透视构图法，生动记录了中国十二世纪北宋都城东京（又称汴京，今河南开封）的城市面貌和当时社会各阶层人民的生活状况，是北宋时期都城汴京当年繁荣的见证，也是北宋城市经济情况的写照。','北宋',NULL,NULL,1000,1000,26,0,NULL,1,1,NULL,NULL,NULL,NULL,NULL,0),
(1174,'清明上河图',NULL,'清明上河图宽25.2厘米，长528.7厘米，绢本设色。作品以长卷形式，采用散点透视构图法，生动记录了中国十二世纪北宋都城东京（又称汴京，今河南开封）的城市面貌和当时社会各阶层人民的生活状况，是北宋时期都城汴京当年繁荣的见证，也是北宋城市经济情况的写照。','北宋',NULL,NULL,1000,1000,26,0,NULL,1,1,NULL,NULL,NULL,NULL,NULL,0),
(1175,'清明上河图',NULL,'清明上河图宽25.2厘米，长528.7厘米，绢本设色。作品以长卷形式，采用散点透视构图法，生动记录了中国十二世纪北宋都城东京（又称汴京，今河南开封）的城市面貌和当时社会各阶层人民的生活状况，是北宋时期都城汴京当年繁荣的见证，也是北宋城市经济情况的写照。','北宋',NULL,NULL,1000,1000,26,0,NULL,1,1,NULL,NULL,NULL,NULL,NULL,0),
(1176,'清明上河图',NULL,'清明上河图宽25.2厘米，长528.7厘米，绢本设色。作品以长卷形式，采用散点透视构图法，生动记录了中国十二世纪北宋都城东京（又称汴京，今河南开封）的城市面貌和当时社会各阶层人民的生活状况，是北宋时期都城汴京当年繁荣的见证，也是北宋城市经济情况的写照。','北宋',NULL,NULL,1000,1000,26,0,NULL,1,4,NULL,NULL,NULL,NULL,NULL,0),
(1177,'清明上河图',NULL,'清明上河图宽25.2厘米，长528.7厘米，绢本设色。作品以长卷形式，采用散点透视构图法，生动记录了中国十二世纪北宋都城东京（又称汴京，今河南开封）的城市面貌和当时社会各阶层人民的生活状况，是北宋时期都城汴京当年繁荣的见证，也是北宋城市经济情况的写照。','北宋',NULL,NULL,1000,1000,26,0,NULL,1,4,NULL,NULL,NULL,NULL,NULL,0),
(1178,'清明上河图',NULL,'清明上河图宽25.2厘米，长528.7厘米，绢本设色。作品以长卷形式，采用散点透视构图法，生动记录了中国十二世纪北宋都城东京（又称汴京，今河南开封）的城市面貌和当时社会各阶层人民的生活状况，是北宋时期都城汴京当年繁荣的见证，也是北宋城市经济情况的写照。','北宋',NULL,NULL,1000,1000,26,0,NULL,1,4,NULL,NULL,NULL,NULL,NULL,0),
(1179,'清明上河图',NULL,'清明上河图宽25.2厘米，长528.7厘米，绢本设色。作品以长卷形式，采用散点透视构图法，生动记录了中国十二世纪北宋都城东京（又称汴京，今河南开封）的城市面貌和当时社会各阶层人民的生活状况，是北宋时期都城汴京当年繁荣的见证，也是北宋城市经济情况的写照。','北宋',NULL,NULL,1000,1000,26,0,NULL,1,4,NULL,NULL,NULL,NULL,NULL,0),
(1180,'清明上河图',NULL,'清明上河图宽25.2厘米，长528.7厘米，绢本设色。作品以长卷形式，采用散点透视构图法，生动记录了中国十二世纪北宋都城东京（又称汴京，今河南开封）的城市面貌和当时社会各阶层人民的生活状况，是北宋时期都城汴京当年繁荣的见证，也是北宋城市经济情况的写照。','北宋',NULL,NULL,1000,1000,26,0,NULL,1,4,NULL,NULL,NULL,NULL,NULL,0),
(1181,'清明上河图',NULL,'清明上河图宽25.2厘米，长528.7厘米，绢本设色。作品以长卷形式，采用散点透视构图法，生动记录了中国十二世纪北宋都城东京（又称汴京，今河南开封）的城市面貌和当时社会各阶层人民的生活状况，是北宋时期都城汴京当年繁荣的见证，也是北宋城市经济情况的写照。','北宋',NULL,NULL,1000,1000,26,0,NULL,1,1,NULL,NULL,NULL,NULL,NULL,0),
(1182,'清明上河图',NULL,'清明上河图宽25.2厘米，长528.7厘米，绢本设色。作品以长卷形式，采用散点透视构图法，生动记录了中国十二世纪北宋都城东京（又称汴京，今河南开封）的城市面貌和当时社会各阶层人民的生活状况，是北宋时期都城汴京当年繁荣的见证，也是北宋城市经济情况的写照。','北宋',NULL,NULL,1000,1000,26,0,NULL,1,1,NULL,NULL,NULL,NULL,NULL,0),
(1183,'清明上河图',NULL,'清明上河图宽25.2厘米，长528.7厘米，绢本设色。作品以长卷形式，采用散点透视构图法，生动记录了中国十二世纪北宋都城东京（又称汴京，今河南开封）的城市面貌和当时社会各阶层人民的生活状况，是北宋时期都城汴京当年繁荣的见证，也是北宋城市经济情况的写照。','北宋',NULL,NULL,1000,1000,26,0,NULL,1,1,NULL,NULL,NULL,NULL,NULL,0),
(1184,'清明上河图',NULL,'清明上河图宽25.2厘米，长528.7厘米，绢本设色。作品以长卷形式，采用散点透视构图法，生动记录了中国十二世纪北宋都城东京（又称汴京，今河南开封）的城市面貌和当时社会各阶层人民的生活状况，是北宋时期都城汴京当年繁荣的见证，也是北宋城市经济情况的写照。','北宋',NULL,NULL,1000,1000,26,0,NULL,1,1,NULL,NULL,NULL,NULL,NULL,0),
(1185,'清明上河图',NULL,'清明上河图宽25.2厘米，长528.7厘米，绢本设色。作品以长卷形式，采用散点透视构图法，生动记录了中国十二世纪北宋都城东京（又称汴京，今河南开封）的城市面貌和当时社会各阶层人民的生活状况，是北宋时期都城汴京当年繁荣的见证，也是北宋城市经济情况的写照。','北宋',NULL,NULL,1000,1000,26,0,NULL,1,1,NULL,NULL,NULL,NULL,NULL,0),
(1186,'清明上河图',NULL,'清明上河图宽25.2厘米，长528.7厘米，绢本设色。作品以长卷形式，采用散点透视构图法，生动记录了中国十二世纪北宋都城东京（又称汴京，今河南开封）的城市面貌和当时社会各阶层人民的生活状况，是北宋时期都城汴京当年繁荣的见证，也是北宋城市经济情况的写照。','北宋',NULL,NULL,1000,1000,26,0,NULL,1,4,NULL,NULL,NULL,NULL,NULL,0),
(1187,'清明上河图',NULL,'清明上河图宽25.2厘米，长528.7厘米，绢本设色。作品以长卷形式，采用散点透视构图法，生动记录了中国十二世纪北宋都城东京（又称汴京，今河南开封）的城市面貌和当时社会各阶层人民的生活状况，是北宋时期都城汴京当年繁荣的见证，也是北宋城市经济情况的写照。','北宋',NULL,NULL,1000,1000,26,0,NULL,1,4,NULL,NULL,NULL,NULL,NULL,0),
(1188,'清明上河图',NULL,'清明上河图宽25.2厘米，长528.7厘米，绢本设色。作品以长卷形式，采用散点透视构图法，生动记录了中国十二世纪北宋都城东京（又称汴京，今河南开封）的城市面貌和当时社会各阶层人民的生活状况，是北宋时期都城汴京当年繁荣的见证，也是北宋城市经济情况的写照。','北宋',NULL,NULL,1000,1000,26,0,NULL,1,4,NULL,NULL,NULL,NULL,NULL,0),
(1189,'清明上河图',NULL,'清明上河图宽25.2厘米，长528.7厘米，绢本设色。作品以长卷形式，采用散点透视构图法，生动记录了中国十二世纪北宋都城东京（又称汴京，今河南开封）的城市面貌和当时社会各阶层人民的生活状况，是北宋时期都城汴京当年繁荣的见证，也是北宋城市经济情况的写照。','北宋',NULL,NULL,1000,1000,26,0,NULL,1,4,NULL,NULL,NULL,NULL,NULL,0),
(1190,'清明上河图',NULL,'清明上河图宽25.2厘米，长528.7厘米，绢本设色。作品以长卷形式，采用散点透视构图法，生动记录了中国十二世纪北宋都城东京（又称汴京，今河南开封）的城市面貌和当时社会各阶层人民的生活状况，是北宋时期都城汴京当年繁荣的见证，也是北宋城市经济情况的写照。','北宋',NULL,NULL,1000,1000,26,0,NULL,1,4,NULL,NULL,NULL,NULL,NULL,0),
(1191,'清明上河图',NULL,'清明上河图宽25.2厘米，长528.7厘米，绢本设色。作品以长卷形式，采用散点透视构图法，生动记录了中国十二世纪北宋都城东京（又称汴京，今河南开封）的城市面貌和当时社会各阶层人民的生活状况，是北宋时期都城汴京当年繁荣的见证，也是北宋城市经济情况的写照。','北宋',NULL,NULL,1000,1000,26,0,NULL,1,1,NULL,NULL,NULL,NULL,NULL,0),
(1192,'清明上河图',NULL,'清明上河图宽25.2厘米，长528.7厘米，绢本设色。作品以长卷形式，采用散点透视构图法，生动记录了中国十二世纪北宋都城东京（又称汴京，今河南开封）的城市面貌和当时社会各阶层人民的生活状况，是北宋时期都城汴京当年繁荣的见证，也是北宋城市经济情况的写照。','北宋',NULL,NULL,1000,1000,26,0,NULL,1,1,NULL,NULL,NULL,NULL,NULL,0),
(1193,'清明上河图',NULL,'清明上河图宽25.2厘米，长528.7厘米，绢本设色。作品以长卷形式，采用散点透视构图法，生动记录了中国十二世纪北宋都城东京（又称汴京，今河南开封）的城市面貌和当时社会各阶层人民的生活状况，是北宋时期都城汴京当年繁荣的见证，也是北宋城市经济情况的写照。','北宋',NULL,NULL,1000,1000,26,0,NULL,1,1,NULL,NULL,NULL,NULL,NULL,0),
(1194,'清明上河图',NULL,'清明上河图宽25.2厘米，长528.7厘米，绢本设色。作品以长卷形式，采用散点透视构图法，生动记录了中国十二世纪北宋都城东京（又称汴京，今河南开封）的城市面貌和当时社会各阶层人民的生活状况，是北宋时期都城汴京当年繁荣的见证，也是北宋城市经济情况的写照。','北宋',NULL,NULL,1000,1000,26,0,NULL,1,1,NULL,NULL,NULL,NULL,NULL,0),
(1195,'清明上河图',NULL,'清明上河图宽25.2厘米，长528.7厘米，绢本设色。作品以长卷形式，采用散点透视构图法，生动记录了中国十二世纪北宋都城东京（又称汴京，今河南开封）的城市面貌和当时社会各阶层人民的生活状况，是北宋时期都城汴京当年繁荣的见证，也是北宋城市经济情况的写照。','北宋',NULL,NULL,1000,1000,26,0,NULL,1,1,NULL,NULL,NULL,NULL,NULL,0),
(1196,'清明上河图',NULL,'清明上河图宽25.2厘米，长528.7厘米，绢本设色。作品以长卷形式，采用散点透视构图法，生动记录了中国十二世纪北宋都城东京（又称汴京，今河南开封）的城市面貌和当时社会各阶层人民的生活状况，是北宋时期都城汴京当年繁荣的见证，也是北宋城市经济情况的写照。','北宋',NULL,NULL,1000,1000,26,0,NULL,1,4,NULL,NULL,NULL,NULL,NULL,0),
(1197,'清明上河图',NULL,'清明上河图宽25.2厘米，长528.7厘米，绢本设色。作品以长卷形式，采用散点透视构图法，生动记录了中国十二世纪北宋都城东京（又称汴京，今河南开封）的城市面貌和当时社会各阶层人民的生活状况，是北宋时期都城汴京当年繁荣的见证，也是北宋城市经济情况的写照。','北宋',NULL,NULL,1000,1000,26,0,NULL,1,4,NULL,NULL,NULL,NULL,NULL,0),
(1198,'清明上河图',NULL,'清明上河图宽25.2厘米，长528.7厘米，绢本设色。作品以长卷形式，采用散点透视构图法，生动记录了中国十二世纪北宋都城东京（又称汴京，今河南开封）的城市面貌和当时社会各阶层人民的生活状况，是北宋时期都城汴京当年繁荣的见证，也是北宋城市经济情况的写照。','北宋',NULL,NULL,1000,1000,26,0,NULL,1,4,NULL,NULL,NULL,NULL,NULL,0),
(1199,'清明上河图',NULL,'清明上河图宽25.2厘米，长528.7厘米，绢本设色。作品以长卷形式，采用散点透视构图法，生动记录了中国十二世纪北宋都城东京（又称汴京，今河南开封）的城市面貌和当时社会各阶层人民的生活状况，是北宋时期都城汴京当年繁荣的见证，也是北宋城市经济情况的写照。','北宋',NULL,NULL,1000,1000,26,0,NULL,1,4,NULL,NULL,NULL,NULL,NULL,0),
(1200,'清明上河图',NULL,'清明上河图宽25.2厘米，长528.7厘米，绢本设色。作品以长卷形式，采用散点透视构图法，生动记录了中国十二世纪北宋都城东京（又称汴京，今河南开封）的城市面貌和当时社会各阶层人民的生活状况，是北宋时期都城汴京当年繁荣的见证，也是北宋城市经济情况的写照。','北宋',NULL,NULL,1000,1000,26,0,NULL,1,4,NULL,NULL,NULL,NULL,NULL,0),
(1201,'清明上河图',NULL,'清明上河图宽25.2厘米，长528.7厘米，绢本设色。作品以长卷形式，采用散点透视构图法，生动记录了中国十二世纪北宋都城东京（又称汴京，今河南开封）的城市面貌和当时社会各阶层人民的生活状况，是北宋时期都城汴京当年繁荣的见证，也是北宋城市经济情况的写照。','北宋',NULL,NULL,1000,1000,26,0,NULL,1,1,NULL,NULL,NULL,NULL,NULL,0),
(1202,'清明上河图',NULL,'清明上河图宽25.2厘米，长528.7厘米，绢本设色。作品以长卷形式，采用散点透视构图法，生动记录了中国十二世纪北宋都城东京（又称汴京，今河南开封）的城市面貌和当时社会各阶层人民的生活状况，是北宋时期都城汴京当年繁荣的见证，也是北宋城市经济情况的写照。','北宋',NULL,NULL,1000,1000,26,0,NULL,1,1,NULL,NULL,NULL,NULL,NULL,0),
(1203,'清明上河图',NULL,'清明上河图宽25.2厘米，长528.7厘米，绢本设色。作品以长卷形式，采用散点透视构图法，生动记录了中国十二世纪北宋都城东京（又称汴京，今河南开封）的城市面貌和当时社会各阶层人民的生活状况，是北宋时期都城汴京当年繁荣的见证，也是北宋城市经济情况的写照。','北宋',NULL,NULL,1000,1000,26,0,NULL,1,1,NULL,NULL,NULL,NULL,NULL,0),
(1204,'清明上河图',NULL,'清明上河图宽25.2厘米，长528.7厘米，绢本设色。作品以长卷形式，采用散点透视构图法，生动记录了中国十二世纪北宋都城东京（又称汴京，今河南开封）的城市面貌和当时社会各阶层人民的生活状况，是北宋时期都城汴京当年繁荣的见证，也是北宋城市经济情况的写照。','北宋',NULL,NULL,1000,1000,26,0,NULL,1,1,NULL,NULL,NULL,NULL,NULL,0),
(1205,'清明上河图',NULL,'清明上河图宽25.2厘米，长528.7厘米，绢本设色。作品以长卷形式，采用散点透视构图法，生动记录了中国十二世纪北宋都城东京（又称汴京，今河南开封）的城市面貌和当时社会各阶层人民的生活状况，是北宋时期都城汴京当年繁荣的见证，也是北宋城市经济情况的写照。','北宋',NULL,NULL,1000,1000,26,0,NULL,1,1,NULL,NULL,NULL,NULL,NULL,0),
(1206,'清明上河图',NULL,'清明上河图宽25.2厘米，长528.7厘米，绢本设色。作品以长卷形式，采用散点透视构图法，生动记录了中国十二世纪北宋都城东京（又称汴京，今河南开封）的城市面貌和当时社会各阶层人民的生活状况，是北宋时期都城汴京当年繁荣的见证，也是北宋城市经济情况的写照。','北宋',NULL,NULL,1000,1000,26,0,NULL,1,4,NULL,NULL,NULL,NULL,NULL,0),
(1207,'清明上河图',NULL,'清明上河图宽25.2厘米，长528.7厘米，绢本设色。作品以长卷形式，采用散点透视构图法，生动记录了中国十二世纪北宋都城东京（又称汴京，今河南开封）的城市面貌和当时社会各阶层人民的生活状况，是北宋时期都城汴京当年繁荣的见证，也是北宋城市经济情况的写照。','北宋',NULL,NULL,1000,1000,26,0,NULL,1,4,NULL,NULL,NULL,NULL,NULL,0),
(1208,'清明上河图',NULL,'清明上河图宽25.2厘米，长528.7厘米，绢本设色。作品以长卷形式，采用散点透视构图法，生动记录了中国十二世纪北宋都城东京（又称汴京，今河南开封）的城市面貌和当时社会各阶层人民的生活状况，是北宋时期都城汴京当年繁荣的见证，也是北宋城市经济情况的写照。','北宋',NULL,NULL,1000,1000,26,0,NULL,1,4,NULL,NULL,NULL,NULL,NULL,0),
(1209,'清明上河图',NULL,'清明上河图宽25.2厘米，长528.7厘米，绢本设色。作品以长卷形式，采用散点透视构图法，生动记录了中国十二世纪北宋都城东京（又称汴京，今河南开封）的城市面貌和当时社会各阶层人民的生活状况，是北宋时期都城汴京当年繁荣的见证，也是北宋城市经济情况的写照。','北宋',NULL,NULL,1000,1000,26,0,NULL,1,4,NULL,NULL,NULL,NULL,NULL,0),
(1210,'清明上河图',NULL,'清明上河图宽25.2厘米，长528.7厘米，绢本设色。作品以长卷形式，采用散点透视构图法，生动记录了中国十二世纪北宋都城东京（又称汴京，今河南开封）的城市面貌和当时社会各阶层人民的生活状况，是北宋时期都城汴京当年繁荣的见证，也是北宋城市经济情况的写照。','北宋',NULL,NULL,1000,1000,26,0,NULL,1,4,NULL,NULL,NULL,NULL,NULL,0),
(1211,'清明上河图',NULL,'清明上河图宽25.2厘米，长528.7厘米，绢本设色。作品以长卷形式，采用散点透视构图法，生动记录了中国十二世纪北宋都城东京（又称汴京，今河南开封）的城市面貌和当时社会各阶层人民的生活状况，是北宋时期都城汴京当年繁荣的见证，也是北宋城市经济情况的写照。','北宋',NULL,NULL,1000,1000,26,0,NULL,1,1,NULL,NULL,NULL,NULL,NULL,0),
(1212,'清明上河图',NULL,'清明上河图宽25.2厘米，长528.7厘米，绢本设色。作品以长卷形式，采用散点透视构图法，生动记录了中国十二世纪北宋都城东京（又称汴京，今河南开封）的城市面貌和当时社会各阶层人民的生活状况，是北宋时期都城汴京当年繁荣的见证，也是北宋城市经济情况的写照。','北宋',NULL,NULL,1000,1000,26,0,NULL,1,1,NULL,NULL,NULL,NULL,NULL,0),
(1213,'清明上河图',NULL,'清明上河图宽25.2厘米，长528.7厘米，绢本设色。作品以长卷形式，采用散点透视构图法，生动记录了中国十二世纪北宋都城东京（又称汴京，今河南开封）的城市面貌和当时社会各阶层人民的生活状况，是北宋时期都城汴京当年繁荣的见证，也是北宋城市经济情况的写照。','北宋',NULL,NULL,1000,1000,26,0,NULL,1,1,NULL,NULL,NULL,NULL,NULL,0),
(1214,'清明上河图',NULL,'清明上河图宽25.2厘米，长528.7厘米，绢本设色。作品以长卷形式，采用散点透视构图法，生动记录了中国十二世纪北宋都城东京（又称汴京，今河南开封）的城市面貌和当时社会各阶层人民的生活状况，是北宋时期都城汴京当年繁荣的见证，也是北宋城市经济情况的写照。','北宋',NULL,NULL,1000,1000,26,0,NULL,1,1,NULL,NULL,NULL,NULL,NULL,0),
(1215,'清明上河图',NULL,'清明上河图宽25.2厘米，长528.7厘米，绢本设色。作品以长卷形式，采用散点透视构图法，生动记录了中国十二世纪北宋都城东京（又称汴京，今河南开封）的城市面貌和当时社会各阶层人民的生活状况，是北宋时期都城汴京当年繁荣的见证，也是北宋城市经济情况的写照。','北宋',NULL,NULL,1000,1000,26,0,NULL,1,1,NULL,NULL,NULL,NULL,NULL,0),
(1216,'清明上河图',NULL,'清明上河图宽25.2厘米，长528.7厘米，绢本设色。作品以长卷形式，采用散点透视构图法，生动记录了中国十二世纪北宋都城东京（又称汴京，今河南开封）的城市面貌和当时社会各阶层人民的生活状况，是北宋时期都城汴京当年繁荣的见证，也是北宋城市经济情况的写照。','北宋',NULL,NULL,1000,1000,26,0,NULL,1,4,NULL,NULL,NULL,NULL,NULL,0),
(1217,'清明上河图',NULL,'清明上河图宽25.2厘米，长528.7厘米，绢本设色。作品以长卷形式，采用散点透视构图法，生动记录了中国十二世纪北宋都城东京（又称汴京，今河南开封）的城市面貌和当时社会各阶层人民的生活状况，是北宋时期都城汴京当年繁荣的见证，也是北宋城市经济情况的写照。','北宋',NULL,NULL,1000,1000,26,0,NULL,1,4,NULL,NULL,NULL,NULL,NULL,0),
(1218,'清明上河图',NULL,'清明上河图宽25.2厘米，长528.7厘米，绢本设色。作品以长卷形式，采用散点透视构图法，生动记录了中国十二世纪北宋都城东京（又称汴京，今河南开封）的城市面貌和当时社会各阶层人民的生活状况，是北宋时期都城汴京当年繁荣的见证，也是北宋城市经济情况的写照。','北宋',NULL,NULL,1000,1000,26,0,NULL,1,4,NULL,NULL,NULL,NULL,NULL,0),
(1219,'清明上河图',NULL,'清明上河图宽25.2厘米，长528.7厘米，绢本设色。作品以长卷形式，采用散点透视构图法，生动记录了中国十二世纪北宋都城东京（又称汴京，今河南开封）的城市面貌和当时社会各阶层人民的生活状况，是北宋时期都城汴京当年繁荣的见证，也是北宋城市经济情况的写照。','北宋',NULL,NULL,1000,1000,26,0,NULL,1,4,NULL,NULL,NULL,NULL,NULL,0),
(1220,'清明上河图',NULL,'清明上河图宽25.2厘米，长528.7厘米，绢本设色。作品以长卷形式，采用散点透视构图法，生动记录了中国十二世纪北宋都城东京（又称汴京，今河南开封）的城市面貌和当时社会各阶层人民的生活状况，是北宋时期都城汴京当年繁荣的见证，也是北宋城市经济情况的写照。','北宋',NULL,NULL,1000,1000,26,0,NULL,1,4,NULL,NULL,NULL,NULL,NULL,0),
(1221,'清明上河图',NULL,'清明上河图宽25.2厘米，长528.7厘米，绢本设色。作品以长卷形式，采用散点透视构图法，生动记录了中国十二世纪北宋都城东京（又称汴京，今河南开封）的城市面貌和当时社会各阶层人民的生活状况，是北宋时期都城汴京当年繁荣的见证，也是北宋城市经济情况的写照。','北宋',NULL,NULL,1000,1000,26,0,NULL,1,1,NULL,NULL,NULL,NULL,NULL,0),
(1222,'清明上河图',NULL,'清明上河图宽25.2厘米，长528.7厘米，绢本设色。作品以长卷形式，采用散点透视构图法，生动记录了中国十二世纪北宋都城东京（又称汴京，今河南开封）的城市面貌和当时社会各阶层人民的生活状况，是北宋时期都城汴京当年繁荣的见证，也是北宋城市经济情况的写照。','北宋',NULL,NULL,1000,1000,26,0,NULL,1,1,NULL,NULL,NULL,NULL,NULL,0),
(1223,'清明上河图',NULL,'清明上河图宽25.2厘米，长528.7厘米，绢本设色。作品以长卷形式，采用散点透视构图法，生动记录了中国十二世纪北宋都城东京（又称汴京，今河南开封）的城市面貌和当时社会各阶层人民的生活状况，是北宋时期都城汴京当年繁荣的见证，也是北宋城市经济情况的写照。','北宋',NULL,NULL,1000,1000,26,0,NULL,1,1,NULL,NULL,NULL,NULL,NULL,0),
(1224,'清明上河图',NULL,'清明上河图宽25.2厘米，长528.7厘米，绢本设色。作品以长卷形式，采用散点透视构图法，生动记录了中国十二世纪北宋都城东京（又称汴京，今河南开封）的城市面貌和当时社会各阶层人民的生活状况，是北宋时期都城汴京当年繁荣的见证，也是北宋城市经济情况的写照。','北宋',NULL,NULL,1000,1000,26,0,NULL,1,1,NULL,NULL,NULL,NULL,NULL,0),
(1225,'清明上河图',NULL,'清明上河图宽25.2厘米，长528.7厘米，绢本设色。作品以长卷形式，采用散点透视构图法，生动记录了中国十二世纪北宋都城东京（又称汴京，今河南开封）的城市面貌和当时社会各阶层人民的生活状况，是北宋时期都城汴京当年繁荣的见证，也是北宋城市经济情况的写照。','北宋',NULL,NULL,1000,1000,26,0,NULL,1,1,NULL,NULL,NULL,NULL,NULL,0),
(1226,'清明上河图',NULL,'清明上河图宽25.2厘米，长528.7厘米，绢本设色。作品以长卷形式，采用散点透视构图法，生动记录了中国十二世纪北宋都城东京（又称汴京，今河南开封）的城市面貌和当时社会各阶层人民的生活状况，是北宋时期都城汴京当年繁荣的见证，也是北宋城市经济情况的写照。','北宋',NULL,NULL,1000,1000,26,0,NULL,1,4,NULL,NULL,NULL,NULL,NULL,0),
(1227,'清明上河图',NULL,'清明上河图宽25.2厘米，长528.7厘米，绢本设色。作品以长卷形式，采用散点透视构图法，生动记录了中国十二世纪北宋都城东京（又称汴京，今河南开封）的城市面貌和当时社会各阶层人民的生活状况，是北宋时期都城汴京当年繁荣的见证，也是北宋城市经济情况的写照。','北宋',NULL,NULL,1000,1000,26,0,NULL,1,4,NULL,NULL,NULL,NULL,NULL,0),
(1228,'清明上河图',NULL,'清明上河图宽25.2厘米，长528.7厘米，绢本设色。作品以长卷形式，采用散点透视构图法，生动记录了中国十二世纪北宋都城东京（又称汴京，今河南开封）的城市面貌和当时社会各阶层人民的生活状况，是北宋时期都城汴京当年繁荣的见证，也是北宋城市经济情况的写照。','北宋',NULL,NULL,1000,1000,26,0,NULL,1,4,NULL,NULL,NULL,NULL,NULL,0),
(1229,'清明上河图',NULL,'清明上河图宽25.2厘米，长528.7厘米，绢本设色。作品以长卷形式，采用散点透视构图法，生动记录了中国十二世纪北宋都城东京（又称汴京，今河南开封）的城市面貌和当时社会各阶层人民的生活状况，是北宋时期都城汴京当年繁荣的见证，也是北宋城市经济情况的写照。','北宋',NULL,NULL,1000,1000,26,0,NULL,1,4,NULL,NULL,NULL,NULL,NULL,0),
(1230,'清明上河图',NULL,'清明上河图宽25.2厘米，长528.7厘米，绢本设色。作品以长卷形式，采用散点透视构图法，生动记录了中国十二世纪北宋都城东京（又称汴京，今河南开封）的城市面貌和当时社会各阶层人民的生活状况，是北宋时期都城汴京当年繁荣的见证，也是北宋城市经济情况的写照。','北宋',NULL,NULL,1000,1000,26,0,NULL,1,4,NULL,NULL,NULL,NULL,NULL,0),
(1231,'清明上河图',NULL,'清明上河图宽25.2厘米，长528.7厘米，绢本设色。作品以长卷形式，采用散点透视构图法，生动记录了中国十二世纪北宋都城东京（又称汴京，今河南开封）的城市面貌和当时社会各阶层人民的生活状况，是北宋时期都城汴京当年繁荣的见证，也是北宋城市经济情况的写照。','北宋',NULL,NULL,1000,1000,26,0,NULL,1,1,NULL,NULL,NULL,NULL,NULL,0),
(1232,'清明上河图',NULL,'清明上河图宽25.2厘米，长528.7厘米，绢本设色。作品以长卷形式，采用散点透视构图法，生动记录了中国十二世纪北宋都城东京（又称汴京，今河南开封）的城市面貌和当时社会各阶层人民的生活状况，是北宋时期都城汴京当年繁荣的见证，也是北宋城市经济情况的写照。','北宋',NULL,NULL,1000,1000,26,0,NULL,1,1,NULL,NULL,NULL,NULL,NULL,0),
(1233,'清明上河图',NULL,'清明上河图宽25.2厘米，长528.7厘米，绢本设色。作品以长卷形式，采用散点透视构图法，生动记录了中国十二世纪北宋都城东京（又称汴京，今河南开封）的城市面貌和当时社会各阶层人民的生活状况，是北宋时期都城汴京当年繁荣的见证，也是北宋城市经济情况的写照。','北宋',NULL,NULL,1000,1000,26,0,NULL,1,1,NULL,NULL,NULL,NULL,NULL,0),
(1234,'清明上河图',NULL,'清明上河图宽25.2厘米，长528.7厘米，绢本设色。作品以长卷形式，采用散点透视构图法，生动记录了中国十二世纪北宋都城东京（又称汴京，今河南开封）的城市面貌和当时社会各阶层人民的生活状况，是北宋时期都城汴京当年繁荣的见证，也是北宋城市经济情况的写照。','北宋',NULL,NULL,1000,1000,26,0,NULL,1,1,NULL,NULL,NULL,NULL,NULL,0),
(1235,'清明上河图',NULL,'清明上河图宽25.2厘米，长528.7厘米，绢本设色。作品以长卷形式，采用散点透视构图法，生动记录了中国十二世纪北宋都城东京（又称汴京，今河南开封）的城市面貌和当时社会各阶层人民的生活状况，是北宋时期都城汴京当年繁荣的见证，也是北宋城市经济情况的写照。','北宋',NULL,NULL,1000,1000,26,0,NULL,1,1,NULL,NULL,NULL,NULL,NULL,0),
(1236,'清明上河图',NULL,'清明上河图宽25.2厘米，长528.7厘米，绢本设色。作品以长卷形式，采用散点透视构图法，生动记录了中国十二世纪北宋都城东京（又称汴京，今河南开封）的城市面貌和当时社会各阶层人民的生活状况，是北宋时期都城汴京当年繁荣的见证，也是北宋城市经济情况的写照。','北宋',NULL,NULL,1000,1000,26,0,NULL,1,4,NULL,NULL,NULL,NULL,NULL,0),
(1237,'清明上河图',NULL,'清明上河图宽25.2厘米，长528.7厘米，绢本设色。作品以长卷形式，采用散点透视构图法，生动记录了中国十二世纪北宋都城东京（又称汴京，今河南开封）的城市面貌和当时社会各阶层人民的生活状况，是北宋时期都城汴京当年繁荣的见证，也是北宋城市经济情况的写照。','北宋',NULL,NULL,1000,1000,26,0,NULL,1,4,NULL,NULL,NULL,NULL,NULL,0),
(1238,'清明上河图',NULL,'清明上河图宽25.2厘米，长528.7厘米，绢本设色。作品以长卷形式，采用散点透视构图法，生动记录了中国十二世纪北宋都城东京（又称汴京，今河南开封）的城市面貌和当时社会各阶层人民的生活状况，是北宋时期都城汴京当年繁荣的见证，也是北宋城市经济情况的写照。','北宋',NULL,NULL,1000,1000,26,0,NULL,1,4,NULL,NULL,NULL,NULL,NULL,0),
(1239,'清明上河图',NULL,'清明上河图宽25.2厘米，长528.7厘米，绢本设色。作品以长卷形式，采用散点透视构图法，生动记录了中国十二世纪北宋都城东京（又称汴京，今河南开封）的城市面貌和当时社会各阶层人民的生活状况，是北宋时期都城汴京当年繁荣的见证，也是北宋城市经济情况的写照。','北宋',NULL,NULL,1000,1000,26,0,NULL,1,4,NULL,NULL,NULL,NULL,NULL,0),
(1240,'清明上河图',NULL,'清明上河图宽25.2厘米，长528.7厘米，绢本设色。作品以长卷形式，采用散点透视构图法，生动记录了中国十二世纪北宋都城东京（又称汴京，今河南开封）的城市面貌和当时社会各阶层人民的生活状况，是北宋时期都城汴京当年繁荣的见证，也是北宋城市经济情况的写照。','北宋',NULL,NULL,1000,1000,26,0,NULL,1,4,NULL,NULL,NULL,NULL,NULL,0),
(1241,'清明上河图',NULL,'清明上河图宽25.2厘米，长528.7厘米，绢本设色。作品以长卷形式，采用散点透视构图法，生动记录了中国十二世纪北宋都城东京（又称汴京，今河南开封）的城市面貌和当时社会各阶层人民的生活状况，是北宋时期都城汴京当年繁荣的见证，也是北宋城市经济情况的写照。','北宋',NULL,NULL,1000,1000,26,0,NULL,1,1,NULL,NULL,NULL,NULL,NULL,0),
(1242,'清明上河图',NULL,'清明上河图宽25.2厘米，长528.7厘米，绢本设色。作品以长卷形式，采用散点透视构图法，生动记录了中国十二世纪北宋都城东京（又称汴京，今河南开封）的城市面貌和当时社会各阶层人民的生活状况，是北宋时期都城汴京当年繁荣的见证，也是北宋城市经济情况的写照。','北宋',NULL,NULL,1000,1000,26,0,NULL,1,1,NULL,NULL,NULL,NULL,NULL,0),
(1243,'清明上河图',NULL,'清明上河图宽25.2厘米，长528.7厘米，绢本设色。作品以长卷形式，采用散点透视构图法，生动记录了中国十二世纪北宋都城东京（又称汴京，今河南开封）的城市面貌和当时社会各阶层人民的生活状况，是北宋时期都城汴京当年繁荣的见证，也是北宋城市经济情况的写照。','北宋',NULL,NULL,1000,1000,26,0,NULL,1,1,NULL,NULL,NULL,NULL,NULL,0),
(1244,'清明上河图',NULL,'清明上河图宽25.2厘米，长528.7厘米，绢本设色。作品以长卷形式，采用散点透视构图法，生动记录了中国十二世纪北宋都城东京（又称汴京，今河南开封）的城市面貌和当时社会各阶层人民的生活状况，是北宋时期都城汴京当年繁荣的见证，也是北宋城市经济情况的写照。','北宋',NULL,NULL,1000,1000,26,0,NULL,1,1,NULL,NULL,NULL,NULL,NULL,0),
(1245,'清明上河图',NULL,'清明上河图宽25.2厘米，长528.7厘米，绢本设色。作品以长卷形式，采用散点透视构图法，生动记录了中国十二世纪北宋都城东京（又称汴京，今河南开封）的城市面貌和当时社会各阶层人民的生活状况，是北宋时期都城汴京当年繁荣的见证，也是北宋城市经济情况的写照。','北宋',NULL,NULL,1000,1000,26,0,NULL,1,1,NULL,NULL,NULL,NULL,NULL,0),
(1246,'清明上河图',NULL,'清明上河图宽25.2厘米，长528.7厘米，绢本设色。作品以长卷形式，采用散点透视构图法，生动记录了中国十二世纪北宋都城东京（又称汴京，今河南开封）的城市面貌和当时社会各阶层人民的生活状况，是北宋时期都城汴京当年繁荣的见证，也是北宋城市经济情况的写照。','北宋',NULL,NULL,1000,1000,26,0,NULL,1,4,NULL,NULL,NULL,NULL,NULL,0),
(1247,'清明上河图',NULL,'清明上河图宽25.2厘米，长528.7厘米，绢本设色。作品以长卷形式，采用散点透视构图法，生动记录了中国十二世纪北宋都城东京（又称汴京，今河南开封）的城市面貌和当时社会各阶层人民的生活状况，是北宋时期都城汴京当年繁荣的见证，也是北宋城市经济情况的写照。','北宋',NULL,NULL,1000,1000,26,0,NULL,1,4,NULL,NULL,NULL,NULL,NULL,0),
(1248,'清明上河图',NULL,'清明上河图宽25.2厘米，长528.7厘米，绢本设色。作品以长卷形式，采用散点透视构图法，生动记录了中国十二世纪北宋都城东京（又称汴京，今河南开封）的城市面貌和当时社会各阶层人民的生活状况，是北宋时期都城汴京当年繁荣的见证，也是北宋城市经济情况的写照。','北宋',NULL,NULL,1000,1000,26,0,NULL,1,4,NULL,NULL,NULL,NULL,NULL,0),
(1249,'清明上河图',NULL,'清明上河图宽25.2厘米，长528.7厘米，绢本设色。作品以长卷形式，采用散点透视构图法，生动记录了中国十二世纪北宋都城东京（又称汴京，今河南开封）的城市面貌和当时社会各阶层人民的生活状况，是北宋时期都城汴京当年繁荣的见证，也是北宋城市经济情况的写照。','北宋',NULL,NULL,1000,1000,26,0,NULL,1,4,NULL,NULL,NULL,NULL,NULL,0),
(1250,'清明上河图',NULL,'清明上河图宽25.2厘米，长528.7厘米，绢本设色。作品以长卷形式，采用散点透视构图法，生动记录了中国十二世纪北宋都城东京（又称汴京，今河南开封）的城市面貌和当时社会各阶层人民的生活状况，是北宋时期都城汴京当年繁荣的见证，也是北宋城市经济情况的写照。','北宋',NULL,NULL,1000,1000,26,0,NULL,1,4,NULL,NULL,NULL,NULL,NULL,0),
(1251,'清明上河图',NULL,'清明上河图宽25.2厘米，长528.7厘米，绢本设色。作品以长卷形式，采用散点透视构图法，生动记录了中国十二世纪北宋都城东京（又称汴京，今河南开封）的城市面貌和当时社会各阶层人民的生活状况，是北宋时期都城汴京当年繁荣的见证，也是北宋城市经济情况的写照。','北宋',NULL,NULL,1000,1000,26,0,NULL,1,1,NULL,NULL,NULL,NULL,NULL,0),
(1252,'清明上河图',NULL,'清明上河图宽25.2厘米，长528.7厘米，绢本设色。作品以长卷形式，采用散点透视构图法，生动记录了中国十二世纪北宋都城东京（又称汴京，今河南开封）的城市面貌和当时社会各阶层人民的生活状况，是北宋时期都城汴京当年繁荣的见证，也是北宋城市经济情况的写照。','北宋',NULL,NULL,1000,1000,26,0,NULL,1,1,NULL,NULL,NULL,NULL,NULL,0),
(1253,'清明上河图',NULL,'清明上河图宽25.2厘米，长528.7厘米，绢本设色。作品以长卷形式，采用散点透视构图法，生动记录了中国十二世纪北宋都城东京（又称汴京，今河南开封）的城市面貌和当时社会各阶层人民的生活状况，是北宋时期都城汴京当年繁荣的见证，也是北宋城市经济情况的写照。','北宋',NULL,NULL,1000,1000,26,0,NULL,1,1,NULL,NULL,NULL,NULL,NULL,0),
(1254,'清明上河图',NULL,'清明上河图宽25.2厘米，长528.7厘米，绢本设色。作品以长卷形式，采用散点透视构图法，生动记录了中国十二世纪北宋都城东京（又称汴京，今河南开封）的城市面貌和当时社会各阶层人民的生活状况，是北宋时期都城汴京当年繁荣的见证，也是北宋城市经济情况的写照。','北宋',NULL,NULL,1000,1000,26,0,NULL,1,1,NULL,NULL,NULL,NULL,NULL,0),
(1255,'清明上河图',NULL,'清明上河图宽25.2厘米，长528.7厘米，绢本设色。作品以长卷形式，采用散点透视构图法，生动记录了中国十二世纪北宋都城东京（又称汴京，今河南开封）的城市面貌和当时社会各阶层人民的生活状况，是北宋时期都城汴京当年繁荣的见证，也是北宋城市经济情况的写照。','北宋',NULL,NULL,1000,1000,26,0,NULL,1,1,NULL,NULL,NULL,NULL,NULL,0),
(1256,'清明上河图',NULL,'清明上河图宽25.2厘米，长528.7厘米，绢本设色。作品以长卷形式，采用散点透视构图法，生动记录了中国十二世纪北宋都城东京（又称汴京，今河南开封）的城市面貌和当时社会各阶层人民的生活状况，是北宋时期都城汴京当年繁荣的见证，也是北宋城市经济情况的写照。','北宋',NULL,NULL,1000,1000,26,0,NULL,1,4,NULL,NULL,NULL,NULL,NULL,0),
(1257,'清明上河图',NULL,'清明上河图宽25.2厘米，长528.7厘米，绢本设色。作品以长卷形式，采用散点透视构图法，生动记录了中国十二世纪北宋都城东京（又称汴京，今河南开封）的城市面貌和当时社会各阶层人民的生活状况，是北宋时期都城汴京当年繁荣的见证，也是北宋城市经济情况的写照。','北宋',NULL,NULL,1000,1000,26,0,NULL,1,4,NULL,NULL,NULL,NULL,NULL,0),
(1258,'清明上河图',NULL,'清明上河图宽25.2厘米，长528.7厘米，绢本设色。作品以长卷形式，采用散点透视构图法，生动记录了中国十二世纪北宋都城东京（又称汴京，今河南开封）的城市面貌和当时社会各阶层人民的生活状况，是北宋时期都城汴京当年繁荣的见证，也是北宋城市经济情况的写照。','北宋',NULL,NULL,1000,1000,26,0,NULL,1,4,NULL,NULL,NULL,NULL,NULL,0),
(1259,'清明上河图',NULL,'清明上河图宽25.2厘米，长528.7厘米，绢本设色。作品以长卷形式，采用散点透视构图法，生动记录了中国十二世纪北宋都城东京（又称汴京，今河南开封）的城市面貌和当时社会各阶层人民的生活状况，是北宋时期都城汴京当年繁荣的见证，也是北宋城市经济情况的写照。','北宋',NULL,NULL,1000,1000,26,0,NULL,1,4,NULL,NULL,NULL,NULL,NULL,0),
(1260,'清明上河图',NULL,'清明上河图宽25.2厘米，长528.7厘米，绢本设色。作品以长卷形式，采用散点透视构图法，生动记录了中国十二世纪北宋都城东京（又称汴京，今河南开封）的城市面貌和当时社会各阶层人民的生活状况，是北宋时期都城汴京当年繁荣的见证，也是北宋城市经济情况的写照。','北宋',NULL,NULL,1000,1000,26,0,NULL,1,4,NULL,NULL,NULL,NULL,NULL,0),
(1261,'清明上河图',NULL,'清明上河图宽25.2厘米，长528.7厘米，绢本设色。作品以长卷形式，采用散点透视构图法，生动记录了中国十二世纪北宋都城东京（又称汴京，今河南开封）的城市面貌和当时社会各阶层人民的生活状况，是北宋时期都城汴京当年繁荣的见证，也是北宋城市经济情况的写照。','北宋',NULL,NULL,1000,1000,26,0,NULL,1,1,NULL,NULL,NULL,NULL,NULL,0),
(1262,'清明上河图',NULL,'清明上河图宽25.2厘米，长528.7厘米，绢本设色。作品以长卷形式，采用散点透视构图法，生动记录了中国十二世纪北宋都城东京（又称汴京，今河南开封）的城市面貌和当时社会各阶层人民的生活状况，是北宋时期都城汴京当年繁荣的见证，也是北宋城市经济情况的写照。','北宋',NULL,NULL,1000,1000,26,0,NULL,1,1,NULL,NULL,NULL,NULL,NULL,0),
(1263,'清明上河图',NULL,'清明上河图宽25.2厘米，长528.7厘米，绢本设色。作品以长卷形式，采用散点透视构图法，生动记录了中国十二世纪北宋都城东京（又称汴京，今河南开封）的城市面貌和当时社会各阶层人民的生活状况，是北宋时期都城汴京当年繁荣的见证，也是北宋城市经济情况的写照。','北宋',NULL,NULL,1000,1000,26,0,NULL,1,1,NULL,NULL,NULL,NULL,NULL,0),
(1264,'清明上河图',NULL,'清明上河图宽25.2厘米，长528.7厘米，绢本设色。作品以长卷形式，采用散点透视构图法，生动记录了中国十二世纪北宋都城东京（又称汴京，今河南开封）的城市面貌和当时社会各阶层人民的生活状况，是北宋时期都城汴京当年繁荣的见证，也是北宋城市经济情况的写照。','北宋',NULL,NULL,1000,1000,26,0,NULL,1,1,NULL,NULL,NULL,NULL,NULL,0),
(1265,'清明上河图',NULL,'清明上河图宽25.2厘米，长528.7厘米，绢本设色。作品以长卷形式，采用散点透视构图法，生动记录了中国十二世纪北宋都城东京（又称汴京，今河南开封）的城市面貌和当时社会各阶层人民的生活状况，是北宋时期都城汴京当年繁荣的见证，也是北宋城市经济情况的写照。','北宋',NULL,NULL,1000,1000,26,0,NULL,1,1,NULL,NULL,NULL,NULL,NULL,0),
(1266,'清明上河图',NULL,'清明上河图宽25.2厘米，长528.7厘米，绢本设色。作品以长卷形式，采用散点透视构图法，生动记录了中国十二世纪北宋都城东京（又称汴京，今河南开封）的城市面貌和当时社会各阶层人民的生活状况，是北宋时期都城汴京当年繁荣的见证，也是北宋城市经济情况的写照。','北宋',NULL,NULL,1000,1000,26,0,NULL,1,4,NULL,NULL,NULL,NULL,NULL,0),
(1267,'清明上河图',NULL,'清明上河图宽25.2厘米，长528.7厘米，绢本设色。作品以长卷形式，采用散点透视构图法，生动记录了中国十二世纪北宋都城东京（又称汴京，今河南开封）的城市面貌和当时社会各阶层人民的生活状况，是北宋时期都城汴京当年繁荣的见证，也是北宋城市经济情况的写照。','北宋',NULL,NULL,1000,1000,26,0,NULL,1,4,NULL,NULL,NULL,NULL,NULL,0),
(1268,'清明上河图',NULL,'清明上河图宽25.2厘米，长528.7厘米，绢本设色。作品以长卷形式，采用散点透视构图法，生动记录了中国十二世纪北宋都城东京（又称汴京，今河南开封）的城市面貌和当时社会各阶层人民的生活状况，是北宋时期都城汴京当年繁荣的见证，也是北宋城市经济情况的写照。','北宋',NULL,NULL,1000,1000,26,0,NULL,1,4,NULL,NULL,NULL,NULL,NULL,0),
(1269,'清明上河图',NULL,'清明上河图宽25.2厘米，长528.7厘米，绢本设色。作品以长卷形式，采用散点透视构图法，生动记录了中国十二世纪北宋都城东京（又称汴京，今河南开封）的城市面貌和当时社会各阶层人民的生活状况，是北宋时期都城汴京当年繁荣的见证，也是北宋城市经济情况的写照。','北宋',NULL,NULL,1000,1000,26,0,NULL,1,4,NULL,NULL,NULL,NULL,NULL,0),
(1270,'清明上河图',NULL,'清明上河图宽25.2厘米，长528.7厘米，绢本设色。作品以长卷形式，采用散点透视构图法，生动记录了中国十二世纪北宋都城东京（又称汴京，今河南开封）的城市面貌和当时社会各阶层人民的生活状况，是北宋时期都城汴京当年繁荣的见证，也是北宋城市经济情况的写照。','北宋',NULL,NULL,1000,1000,26,0,NULL,1,4,NULL,NULL,NULL,NULL,NULL,0),
(1271,'清明上河图',NULL,'清明上河图宽25.2厘米，长528.7厘米，绢本设色。作品以长卷形式，采用散点透视构图法，生动记录了中国十二世纪北宋都城东京（又称汴京，今河南开封）的城市面貌和当时社会各阶层人民的生活状况，是北宋时期都城汴京当年繁荣的见证，也是北宋城市经济情况的写照。','北宋',NULL,NULL,1000,1000,26,0,NULL,1,1,NULL,NULL,NULL,NULL,NULL,0),
(1272,'清明上河图',NULL,'清明上河图宽25.2厘米，长528.7厘米，绢本设色。作品以长卷形式，采用散点透视构图法，生动记录了中国十二世纪北宋都城东京（又称汴京，今河南开封）的城市面貌和当时社会各阶层人民的生活状况，是北宋时期都城汴京当年繁荣的见证，也是北宋城市经济情况的写照。','北宋',NULL,NULL,1000,1000,26,0,NULL,1,1,NULL,NULL,NULL,NULL,NULL,0),
(1273,'清明上河图',NULL,'清明上河图宽25.2厘米，长528.7厘米，绢本设色。作品以长卷形式，采用散点透视构图法，生动记录了中国十二世纪北宋都城东京（又称汴京，今河南开封）的城市面貌和当时社会各阶层人民的生活状况，是北宋时期都城汴京当年繁荣的见证，也是北宋城市经济情况的写照。','北宋',NULL,NULL,1000,1000,26,0,NULL,1,1,NULL,NULL,NULL,NULL,NULL,0),
(1274,'清明上河图',NULL,'清明上河图宽25.2厘米，长528.7厘米，绢本设色。作品以长卷形式，采用散点透视构图法，生动记录了中国十二世纪北宋都城东京（又称汴京，今河南开封）的城市面貌和当时社会各阶层人民的生活状况，是北宋时期都城汴京当年繁荣的见证，也是北宋城市经济情况的写照。','北宋',NULL,NULL,1000,1000,26,0,NULL,1,1,NULL,NULL,NULL,NULL,NULL,0),
(1275,'清明上河图',NULL,'清明上河图宽25.2厘米，长528.7厘米，绢本设色。作品以长卷形式，采用散点透视构图法，生动记录了中国十二世纪北宋都城东京（又称汴京，今河南开封）的城市面貌和当时社会各阶层人民的生活状况，是北宋时期都城汴京当年繁荣的见证，也是北宋城市经济情况的写照。','北宋',NULL,NULL,1000,1000,26,0,NULL,1,1,NULL,NULL,NULL,NULL,NULL,0),
(1276,'清明上河图',NULL,'清明上河图宽25.2厘米，长528.7厘米，绢本设色。作品以长卷形式，采用散点透视构图法，生动记录了中国十二世纪北宋都城东京（又称汴京，今河南开封）的城市面貌和当时社会各阶层人民的生活状况，是北宋时期都城汴京当年繁荣的见证，也是北宋城市经济情况的写照。','北宋',NULL,NULL,1000,1000,26,0,NULL,1,4,NULL,NULL,NULL,NULL,NULL,0),
(1277,'清明上河图',NULL,'清明上河图宽25.2厘米，长528.7厘米，绢本设色。作品以长卷形式，采用散点透视构图法，生动记录了中国十二世纪北宋都城东京（又称汴京，今河南开封）的城市面貌和当时社会各阶层人民的生活状况，是北宋时期都城汴京当年繁荣的见证，也是北宋城市经济情况的写照。','北宋',NULL,NULL,1000,1000,26,0,NULL,1,4,NULL,NULL,NULL,NULL,NULL,0),
(1278,'清明上河图',NULL,'清明上河图宽25.2厘米，长528.7厘米，绢本设色。作品以长卷形式，采用散点透视构图法，生动记录了中国十二世纪北宋都城东京（又称汴京，今河南开封）的城市面貌和当时社会各阶层人民的生活状况，是北宋时期都城汴京当年繁荣的见证，也是北宋城市经济情况的写照。','北宋',NULL,NULL,1000,1000,26,0,NULL,1,4,NULL,NULL,NULL,NULL,NULL,0),
(1279,'清明上河图',NULL,'清明上河图宽25.2厘米，长528.7厘米，绢本设色。作品以长卷形式，采用散点透视构图法，生动记录了中国十二世纪北宋都城东京（又称汴京，今河南开封）的城市面貌和当时社会各阶层人民的生活状况，是北宋时期都城汴京当年繁荣的见证，也是北宋城市经济情况的写照。','北宋',NULL,NULL,1000,1000,26,0,NULL,1,4,NULL,NULL,NULL,NULL,NULL,0),
(1280,'清明上河图',NULL,'清明上河图宽25.2厘米，长528.7厘米，绢本设色。作品以长卷形式，采用散点透视构图法，生动记录了中国十二世纪北宋都城东京（又称汴京，今河南开封）的城市面貌和当时社会各阶层人民的生活状况，是北宋时期都城汴京当年繁荣的见证，也是北宋城市经济情况的写照。','北宋',NULL,NULL,1000,1000,26,0,NULL,1,4,NULL,NULL,NULL,NULL,NULL,0),
(1281,'清明上河图',NULL,'清明上河图宽25.2厘米，长528.7厘米，绢本设色。作品以长卷形式，采用散点透视构图法，生动记录了中国十二世纪北宋都城东京（又称汴京，今河南开封）的城市面貌和当时社会各阶层人民的生活状况，是北宋时期都城汴京当年繁荣的见证，也是北宋城市经济情况的写照。','北宋',NULL,NULL,1000,1000,26,0,NULL,1,1,NULL,NULL,NULL,NULL,NULL,0),
(1282,'清明上河图',NULL,'清明上河图宽25.2厘米，长528.7厘米，绢本设色。作品以长卷形式，采用散点透视构图法，生动记录了中国十二世纪北宋都城东京（又称汴京，今河南开封）的城市面貌和当时社会各阶层人民的生活状况，是北宋时期都城汴京当年繁荣的见证，也是北宋城市经济情况的写照。','北宋',NULL,NULL,1000,1000,26,0,NULL,1,1,NULL,NULL,NULL,NULL,NULL,0),
(1283,'清明上河图',NULL,'清明上河图宽25.2厘米，长528.7厘米，绢本设色。作品以长卷形式，采用散点透视构图法，生动记录了中国十二世纪北宋都城东京（又称汴京，今河南开封）的城市面貌和当时社会各阶层人民的生活状况，是北宋时期都城汴京当年繁荣的见证，也是北宋城市经济情况的写照。','北宋',NULL,NULL,1000,1000,26,0,NULL,1,1,NULL,NULL,NULL,NULL,NULL,0),
(1284,'清明上河图',NULL,'清明上河图宽25.2厘米，长528.7厘米，绢本设色。作品以长卷形式，采用散点透视构图法，生动记录了中国十二世纪北宋都城东京（又称汴京，今河南开封）的城市面貌和当时社会各阶层人民的生活状况，是北宋时期都城汴京当年繁荣的见证，也是北宋城市经济情况的写照。','北宋',NULL,NULL,1000,1000,26,0,NULL,1,1,NULL,NULL,NULL,NULL,NULL,0),
(1285,'清明上河图',NULL,'清明上河图宽25.2厘米，长528.7厘米，绢本设色。作品以长卷形式，采用散点透视构图法，生动记录了中国十二世纪北宋都城东京（又称汴京，今河南开封）的城市面貌和当时社会各阶层人民的生活状况，是北宋时期都城汴京当年繁荣的见证，也是北宋城市经济情况的写照。','北宋',NULL,NULL,1000,1000,26,0,NULL,1,1,NULL,NULL,NULL,NULL,NULL,0),
(1286,'清明上河图',NULL,'清明上河图宽25.2厘米，长528.7厘米，绢本设色。作品以长卷形式，采用散点透视构图法，生动记录了中国十二世纪北宋都城东京（又称汴京，今河南开封）的城市面貌和当时社会各阶层人民的生活状况，是北宋时期都城汴京当年繁荣的见证，也是北宋城市经济情况的写照。','北宋',NULL,NULL,1000,1000,26,0,NULL,1,4,NULL,NULL,NULL,NULL,NULL,0),
(1287,'清明上河图',NULL,'清明上河图宽25.2厘米，长528.7厘米，绢本设色。作品以长卷形式，采用散点透视构图法，生动记录了中国十二世纪北宋都城东京（又称汴京，今河南开封）的城市面貌和当时社会各阶层人民的生活状况，是北宋时期都城汴京当年繁荣的见证，也是北宋城市经济情况的写照。','北宋',NULL,NULL,1000,1000,26,0,NULL,1,4,NULL,NULL,NULL,NULL,NULL,0),
(1288,'清明上河图',NULL,'清明上河图宽25.2厘米，长528.7厘米，绢本设色。作品以长卷形式，采用散点透视构图法，生动记录了中国十二世纪北宋都城东京（又称汴京，今河南开封）的城市面貌和当时社会各阶层人民的生活状况，是北宋时期都城汴京当年繁荣的见证，也是北宋城市经济情况的写照。','北宋',NULL,NULL,1000,1000,26,0,NULL,1,4,NULL,NULL,NULL,NULL,NULL,0),
(1289,'清明上河图',NULL,'清明上河图宽25.2厘米，长528.7厘米，绢本设色。作品以长卷形式，采用散点透视构图法，生动记录了中国十二世纪北宋都城东京（又称汴京，今河南开封）的城市面貌和当时社会各阶层人民的生活状况，是北宋时期都城汴京当年繁荣的见证，也是北宋城市经济情况的写照。','北宋',NULL,NULL,1000,1000,26,0,NULL,1,4,NULL,NULL,NULL,NULL,NULL,0),
(1290,'清明上河图',NULL,'清明上河图宽25.2厘米，长528.7厘米，绢本设色。作品以长卷形式，采用散点透视构图法，生动记录了中国十二世纪北宋都城东京（又称汴京，今河南开封）的城市面貌和当时社会各阶层人民的生活状况，是北宋时期都城汴京当年繁荣的见证，也是北宋城市经济情况的写照。','北宋',NULL,NULL,1000,1000,26,0,NULL,1,4,NULL,NULL,NULL,NULL,NULL,0),
(1291,'清明上河图',NULL,'清明上河图宽25.2厘米，长528.7厘米，绢本设色。作品以长卷形式，采用散点透视构图法，生动记录了中国十二世纪北宋都城东京（又称汴京，今河南开封）的城市面貌和当时社会各阶层人民的生活状况，是北宋时期都城汴京当年繁荣的见证，也是北宋城市经济情况的写照。','北宋',NULL,NULL,1000,1000,26,0,NULL,1,1,NULL,NULL,NULL,NULL,NULL,0),
(1292,'清明上河图',NULL,'清明上河图宽25.2厘米，长528.7厘米，绢本设色。作品以长卷形式，采用散点透视构图法，生动记录了中国十二世纪北宋都城东京（又称汴京，今河南开封）的城市面貌和当时社会各阶层人民的生活状况，是北宋时期都城汴京当年繁荣的见证，也是北宋城市经济情况的写照。','北宋',NULL,NULL,1000,1000,26,0,NULL,1,1,NULL,NULL,NULL,NULL,NULL,0),
(1293,'清明上河图',NULL,'清明上河图宽25.2厘米，长528.7厘米，绢本设色。作品以长卷形式，采用散点透视构图法，生动记录了中国十二世纪北宋都城东京（又称汴京，今河南开封）的城市面貌和当时社会各阶层人民的生活状况，是北宋时期都城汴京当年繁荣的见证，也是北宋城市经济情况的写照。','北宋',NULL,NULL,1000,1000,26,0,NULL,1,1,NULL,NULL,NULL,NULL,NULL,0),
(1294,'清明上河图',NULL,'清明上河图宽25.2厘米，长528.7厘米，绢本设色。作品以长卷形式，采用散点透视构图法，生动记录了中国十二世纪北宋都城东京（又称汴京，今河南开封）的城市面貌和当时社会各阶层人民的生活状况，是北宋时期都城汴京当年繁荣的见证，也是北宋城市经济情况的写照。','北宋',NULL,NULL,1000,1000,26,0,NULL,1,1,NULL,NULL,NULL,NULL,NULL,0),
(1295,'清明上河图',NULL,'清明上河图宽25.2厘米，长528.7厘米，绢本设色。作品以长卷形式，采用散点透视构图法，生动记录了中国十二世纪北宋都城东京（又称汴京，今河南开封）的城市面貌和当时社会各阶层人民的生活状况，是北宋时期都城汴京当年繁荣的见证，也是北宋城市经济情况的写照。','北宋',NULL,NULL,1000,1000,26,0,NULL,1,1,NULL,NULL,NULL,NULL,NULL,0),
(1296,'清明上河图',NULL,'清明上河图宽25.2厘米，长528.7厘米，绢本设色。作品以长卷形式，采用散点透视构图法，生动记录了中国十二世纪北宋都城东京（又称汴京，今河南开封）的城市面貌和当时社会各阶层人民的生活状况，是北宋时期都城汴京当年繁荣的见证，也是北宋城市经济情况的写照。','北宋',NULL,NULL,1000,1000,26,0,NULL,1,4,NULL,NULL,NULL,NULL,NULL,0),
(1297,'清明上河图',NULL,'清明上河图宽25.2厘米，长528.7厘米，绢本设色。作品以长卷形式，采用散点透视构图法，生动记录了中国十二世纪北宋都城东京（又称汴京，今河南开封）的城市面貌和当时社会各阶层人民的生活状况，是北宋时期都城汴京当年繁荣的见证，也是北宋城市经济情况的写照。','北宋',NULL,NULL,1000,1000,26,0,NULL,1,4,NULL,NULL,NULL,NULL,NULL,0),
(1298,'清明上河图',NULL,'清明上河图宽25.2厘米，长528.7厘米，绢本设色。作品以长卷形式，采用散点透视构图法，生动记录了中国十二世纪北宋都城东京（又称汴京，今河南开封）的城市面貌和当时社会各阶层人民的生活状况，是北宋时期都城汴京当年繁荣的见证，也是北宋城市经济情况的写照。','北宋',NULL,NULL,1000,1000,26,0,NULL,1,4,NULL,NULL,NULL,NULL,NULL,0),
(1299,'清明上河图',NULL,'清明上河图宽25.2厘米，长528.7厘米，绢本设色。作品以长卷形式，采用散点透视构图法，生动记录了中国十二世纪北宋都城东京（又称汴京，今河南开封）的城市面貌和当时社会各阶层人民的生活状况，是北宋时期都城汴京当年繁荣的见证，也是北宋城市经济情况的写照。','北宋',NULL,NULL,1000,1000,26,0,NULL,1,4,NULL,NULL,NULL,NULL,NULL,0),
(1300,'清明上河图',NULL,'清明上河图宽25.2厘米，长528.7厘米，绢本设色。作品以长卷形式，采用散点透视构图法，生动记录了中国十二世纪北宋都城东京（又称汴京，今河南开封）的城市面貌和当时社会各阶层人民的生活状况，是北宋时期都城汴京当年繁荣的见证，也是北宋城市经济情况的写照。','北宋',NULL,NULL,1000,1000,26,0,NULL,1,4,NULL,NULL,NULL,NULL,NULL,0),
(1301,'清明上河图',NULL,'清明上河图宽25.2厘米，长528.7厘米，绢本设色。作品以长卷形式，采用散点透视构图法，生动记录了中国十二世纪北宋都城东京（又称汴京，今河南开封）的城市面貌和当时社会各阶层人民的生活状况，是北宋时期都城汴京当年繁荣的见证，也是北宋城市经济情况的写照。','北宋',NULL,NULL,1000,1000,26,0,NULL,1,1,NULL,NULL,NULL,NULL,NULL,0),
(1302,'清明上河图',NULL,'清明上河图宽25.2厘米，长528.7厘米，绢本设色。作品以长卷形式，采用散点透视构图法，生动记录了中国十二世纪北宋都城东京（又称汴京，今河南开封）的城市面貌和当时社会各阶层人民的生活状况，是北宋时期都城汴京当年繁荣的见证，也是北宋城市经济情况的写照。','北宋',NULL,NULL,1000,1000,26,0,NULL,1,1,NULL,NULL,NULL,NULL,NULL,0),
(1303,'清明上河图',NULL,'清明上河图宽25.2厘米，长528.7厘米，绢本设色。作品以长卷形式，采用散点透视构图法，生动记录了中国十二世纪北宋都城东京（又称汴京，今河南开封）的城市面貌和当时社会各阶层人民的生活状况，是北宋时期都城汴京当年繁荣的见证，也是北宋城市经济情况的写照。','北宋',NULL,NULL,1000,1000,26,0,NULL,1,1,NULL,NULL,NULL,NULL,NULL,0),
(1304,'清明上河图',NULL,'清明上河图宽25.2厘米，长528.7厘米，绢本设色。作品以长卷形式，采用散点透视构图法，生动记录了中国十二世纪北宋都城东京（又称汴京，今河南开封）的城市面貌和当时社会各阶层人民的生活状况，是北宋时期都城汴京当年繁荣的见证，也是北宋城市经济情况的写照。','北宋',NULL,NULL,1000,1000,26,0,NULL,1,1,NULL,NULL,NULL,NULL,NULL,0),
(1305,'清明上河图',NULL,'清明上河图宽25.2厘米，长528.7厘米，绢本设色。作品以长卷形式，采用散点透视构图法，生动记录了中国十二世纪北宋都城东京（又称汴京，今河南开封）的城市面貌和当时社会各阶层人民的生活状况，是北宋时期都城汴京当年繁荣的见证，也是北宋城市经济情况的写照。','北宋',NULL,NULL,1000,1000,26,0,NULL,1,1,NULL,NULL,NULL,NULL,NULL,0),
(1306,'青花瓷',NULL,'青花瓷又称白地青花瓷，常简称青花，中华陶瓷烧制工艺的珍品。是中国瓷器的主流品种之一，属釉下彩瓷。青花瓷是用含氧化钴的钴矿为原料，在陶瓷坯体上描绘纹饰，再罩上一层透明釉，经高温还原焰一次烧成。钴料烧成后呈蓝色，具有着色力强、发色鲜艳、烧成率高、呈色稳定的特点。原始青花瓷于唐宋已见端倪，成熟的青花瓷则出现在元代景德镇的湖田窑。明代青花成为瓷器的主流。清康熙时发展到了顶峰。明清时期，还创烧了青花五彩、孔雀绿釉青花、豆青釉青花、青花红彩、黄地青花、哥釉青花等衍生品种。','清代',NULL,NULL,1000,1000,26,0,NULL,2,4,NULL,NULL,NULL,NULL,NULL,0),
(1307,'青花瓷',NULL,'青花瓷又称白地青花瓷，常简称青花，中华陶瓷烧制工艺的珍品。是中国瓷器的主流品种之一，属釉下彩瓷。青花瓷是用含氧化钴的钴矿为原料，在陶瓷坯体上描绘纹饰，再罩上一层透明釉，经高温还原焰一次烧成。钴料烧成后呈蓝色，具有着色力强、发色鲜艳、烧成率高、呈色稳定的特点。原始青花瓷于唐宋已见端倪，成熟的青花瓷则出现在元代景德镇的湖田窑。明代青花成为瓷器的主流。清康熙时发展到了顶峰。明清时期，还创烧了青花五彩、孔雀绿釉青花、豆青釉青花、青花红彩、黄地青花、哥釉青花等衍生品种。','清代',NULL,NULL,1000,1000,26,0,NULL,2,4,NULL,NULL,NULL,NULL,NULL,0),
(1308,'青花瓷',NULL,'青花瓷又称白地青花瓷，常简称青花，中华陶瓷烧制工艺的珍品。是中国瓷器的主流品种之一，属釉下彩瓷。青花瓷是用含氧化钴的钴矿为原料，在陶瓷坯体上描绘纹饰，再罩上一层透明釉，经高温还原焰一次烧成。钴料烧成后呈蓝色，具有着色力强、发色鲜艳、烧成率高、呈色稳定的特点。原始青花瓷于唐宋已见端倪，成熟的青花瓷则出现在元代景德镇的湖田窑。明代青花成为瓷器的主流。清康熙时发展到了顶峰。明清时期，还创烧了青花五彩、孔雀绿釉青花、豆青釉青花、青花红彩、黄地青花、哥釉青花等衍生品种。','清代',NULL,NULL,1000,1000,26,0,NULL,2,4,NULL,NULL,NULL,NULL,NULL,0),
(1309,'青花瓷',NULL,'青花瓷又称白地青花瓷，常简称青花，中华陶瓷烧制工艺的珍品。是中国瓷器的主流品种之一，属釉下彩瓷。青花瓷是用含氧化钴的钴矿为原料，在陶瓷坯体上描绘纹饰，再罩上一层透明釉，经高温还原焰一次烧成。钴料烧成后呈蓝色，具有着色力强、发色鲜艳、烧成率高、呈色稳定的特点。原始青花瓷于唐宋已见端倪，成熟的青花瓷则出现在元代景德镇的湖田窑。明代青花成为瓷器的主流。清康熙时发展到了顶峰。明清时期，还创烧了青花五彩、孔雀绿釉青花、豆青釉青花、青花红彩、黄地青花、哥釉青花等衍生品种。','清代',NULL,NULL,1000,1000,26,0,NULL,2,4,NULL,NULL,NULL,NULL,NULL,0),
(1310,'青花瓷',NULL,'青花瓷又称白地青花瓷，常简称青花，中华陶瓷烧制工艺的珍品。是中国瓷器的主流品种之一，属釉下彩瓷。青花瓷是用含氧化钴的钴矿为原料，在陶瓷坯体上描绘纹饰，再罩上一层透明釉，经高温还原焰一次烧成。钴料烧成后呈蓝色，具有着色力强、发色鲜艳、烧成率高、呈色稳定的特点。原始青花瓷于唐宋已见端倪，成熟的青花瓷则出现在元代景德镇的湖田窑。明代青花成为瓷器的主流。清康熙时发展到了顶峰。明清时期，还创烧了青花五彩、孔雀绿釉青花、豆青釉青花、青花红彩、黄地青花、哥釉青花等衍生品种。','清代',NULL,NULL,1000,1000,26,0,NULL,2,4,NULL,NULL,NULL,NULL,NULL,0),
(1311,'青花瓷',NULL,'青花瓷又称白地青花瓷，常简称青花，中华陶瓷烧制工艺的珍品。是中国瓷器的主流品种之一，属釉下彩瓷。青花瓷是用含氧化钴的钴矿为原料，在陶瓷坯体上描绘纹饰，再罩上一层透明釉，经高温还原焰一次烧成。钴料烧成后呈蓝色，具有着色力强、发色鲜艳、烧成率高、呈色稳定的特点。原始青花瓷于唐宋已见端倪，成熟的青花瓷则出现在元代景德镇的湖田窑。明代青花成为瓷器的主流。清康熙时发展到了顶峰。明清时期，还创烧了青花五彩、孔雀绿釉青花、豆青釉青花、青花红彩、黄地青花、哥釉青花等衍生品种。','清代',NULL,NULL,1000,1000,26,0,NULL,2,1,NULL,NULL,NULL,NULL,NULL,0),
(1312,'青花瓷',NULL,'青花瓷又称白地青花瓷，常简称青花，中华陶瓷烧制工艺的珍品。是中国瓷器的主流品种之一，属釉下彩瓷。青花瓷是用含氧化钴的钴矿为原料，在陶瓷坯体上描绘纹饰，再罩上一层透明釉，经高温还原焰一次烧成。钴料烧成后呈蓝色，具有着色力强、发色鲜艳、烧成率高、呈色稳定的特点。原始青花瓷于唐宋已见端倪，成熟的青花瓷则出现在元代景德镇的湖田窑。明代青花成为瓷器的主流。清康熙时发展到了顶峰。明清时期，还创烧了青花五彩、孔雀绿釉青花、豆青釉青花、青花红彩、黄地青花、哥釉青花等衍生品种。','清代',NULL,NULL,1000,1000,26,0,NULL,2,1,NULL,NULL,NULL,NULL,NULL,0),
(1313,'青花瓷',NULL,'青花瓷又称白地青花瓷，常简称青花，中华陶瓷烧制工艺的珍品。是中国瓷器的主流品种之一，属釉下彩瓷。青花瓷是用含氧化钴的钴矿为原料，在陶瓷坯体上描绘纹饰，再罩上一层透明釉，经高温还原焰一次烧成。钴料烧成后呈蓝色，具有着色力强、发色鲜艳、烧成率高、呈色稳定的特点。原始青花瓷于唐宋已见端倪，成熟的青花瓷则出现在元代景德镇的湖田窑。明代青花成为瓷器的主流。清康熙时发展到了顶峰。明清时期，还创烧了青花五彩、孔雀绿釉青花、豆青釉青花、青花红彩、黄地青花、哥釉青花等衍生品种。','清代',NULL,NULL,1000,1000,26,0,NULL,2,1,NULL,NULL,NULL,NULL,NULL,0),
(1314,'青花瓷',NULL,'青花瓷又称白地青花瓷，常简称青花，中华陶瓷烧制工艺的珍品。是中国瓷器的主流品种之一，属釉下彩瓷。青花瓷是用含氧化钴的钴矿为原料，在陶瓷坯体上描绘纹饰，再罩上一层透明釉，经高温还原焰一次烧成。钴料烧成后呈蓝色，具有着色力强、发色鲜艳、烧成率高、呈色稳定的特点。原始青花瓷于唐宋已见端倪，成熟的青花瓷则出现在元代景德镇的湖田窑。明代青花成为瓷器的主流。清康熙时发展到了顶峰。明清时期，还创烧了青花五彩、孔雀绿釉青花、豆青釉青花、青花红彩、黄地青花、哥釉青花等衍生品种。','清代',NULL,NULL,1000,1000,26,0,NULL,2,1,NULL,NULL,NULL,NULL,NULL,0),
(1315,'青花瓷',NULL,'青花瓷又称白地青花瓷，常简称青花，中华陶瓷烧制工艺的珍品。是中国瓷器的主流品种之一，属釉下彩瓷。青花瓷是用含氧化钴的钴矿为原料，在陶瓷坯体上描绘纹饰，再罩上一层透明釉，经高温还原焰一次烧成。钴料烧成后呈蓝色，具有着色力强、发色鲜艳、烧成率高、呈色稳定的特点。原始青花瓷于唐宋已见端倪，成熟的青花瓷则出现在元代景德镇的湖田窑。明代青花成为瓷器的主流。清康熙时发展到了顶峰。明清时期，还创烧了青花五彩、孔雀绿釉青花、豆青釉青花、青花红彩、黄地青花、哥釉青花等衍生品种。','清代',NULL,NULL,1000,1000,26,0,NULL,2,1,NULL,NULL,NULL,NULL,NULL,0),
(1316,'青花瓷',NULL,'青花瓷又称白地青花瓷，常简称青花，中华陶瓷烧制工艺的珍品。是中国瓷器的主流品种之一，属釉下彩瓷。青花瓷是用含氧化钴的钴矿为原料，在陶瓷坯体上描绘纹饰，再罩上一层透明釉，经高温还原焰一次烧成。钴料烧成后呈蓝色，具有着色力强、发色鲜艳、烧成率高、呈色稳定的特点。原始青花瓷于唐宋已见端倪，成熟的青花瓷则出现在元代景德镇的湖田窑。明代青花成为瓷器的主流。清康熙时发展到了顶峰。明清时期，还创烧了青花五彩、孔雀绿釉青花、豆青釉青花、青花红彩、黄地青花、哥釉青花等衍生品种。','清代',NULL,NULL,1000,1000,26,0,NULL,2,4,NULL,NULL,NULL,NULL,NULL,0),
(1317,'青花瓷',NULL,'青花瓷又称白地青花瓷，常简称青花，中华陶瓷烧制工艺的珍品。是中国瓷器的主流品种之一，属釉下彩瓷。青花瓷是用含氧化钴的钴矿为原料，在陶瓷坯体上描绘纹饰，再罩上一层透明釉，经高温还原焰一次烧成。钴料烧成后呈蓝色，具有着色力强、发色鲜艳、烧成率高、呈色稳定的特点。原始青花瓷于唐宋已见端倪，成熟的青花瓷则出现在元代景德镇的湖田窑。明代青花成为瓷器的主流。清康熙时发展到了顶峰。明清时期，还创烧了青花五彩、孔雀绿釉青花、豆青釉青花、青花红彩、黄地青花、哥釉青花等衍生品种。','清代',NULL,NULL,1000,1000,26,0,NULL,2,4,NULL,NULL,NULL,NULL,NULL,0),
(1318,'青花瓷',NULL,'青花瓷又称白地青花瓷，常简称青花，中华陶瓷烧制工艺的珍品。是中国瓷器的主流品种之一，属釉下彩瓷。青花瓷是用含氧化钴的钴矿为原料，在陶瓷坯体上描绘纹饰，再罩上一层透明釉，经高温还原焰一次烧成。钴料烧成后呈蓝色，具有着色力强、发色鲜艳、烧成率高、呈色稳定的特点。原始青花瓷于唐宋已见端倪，成熟的青花瓷则出现在元代景德镇的湖田窑。明代青花成为瓷器的主流。清康熙时发展到了顶峰。明清时期，还创烧了青花五彩、孔雀绿釉青花、豆青釉青花、青花红彩、黄地青花、哥釉青花等衍生品种。','清代',NULL,NULL,1000,1000,26,0,NULL,2,4,NULL,NULL,NULL,NULL,NULL,0),
(1319,'青花瓷',NULL,'青花瓷又称白地青花瓷，常简称青花，中华陶瓷烧制工艺的珍品。是中国瓷器的主流品种之一，属釉下彩瓷。青花瓷是用含氧化钴的钴矿为原料，在陶瓷坯体上描绘纹饰，再罩上一层透明釉，经高温还原焰一次烧成。钴料烧成后呈蓝色，具有着色力强、发色鲜艳、烧成率高、呈色稳定的特点。原始青花瓷于唐宋已见端倪，成熟的青花瓷则出现在元代景德镇的湖田窑。明代青花成为瓷器的主流。清康熙时发展到了顶峰。明清时期，还创烧了青花五彩、孔雀绿釉青花、豆青釉青花、青花红彩、黄地青花、哥釉青花等衍生品种。','清代',NULL,NULL,1000,1000,26,0,NULL,2,4,NULL,NULL,NULL,NULL,NULL,0),
(1320,'青花瓷',NULL,'青花瓷又称白地青花瓷，常简称青花，中华陶瓷烧制工艺的珍品。是中国瓷器的主流品种之一，属釉下彩瓷。青花瓷是用含氧化钴的钴矿为原料，在陶瓷坯体上描绘纹饰，再罩上一层透明釉，经高温还原焰一次烧成。钴料烧成后呈蓝色，具有着色力强、发色鲜艳、烧成率高、呈色稳定的特点。原始青花瓷于唐宋已见端倪，成熟的青花瓷则出现在元代景德镇的湖田窑。明代青花成为瓷器的主流。清康熙时发展到了顶峰。明清时期，还创烧了青花五彩、孔雀绿釉青花、豆青釉青花、青花红彩、黄地青花、哥釉青花等衍生品种。','清代',NULL,NULL,1000,1000,26,0,NULL,2,4,NULL,NULL,NULL,NULL,NULL,0),
(1321,'青花瓷',NULL,'青花瓷又称白地青花瓷，常简称青花，中华陶瓷烧制工艺的珍品。是中国瓷器的主流品种之一，属釉下彩瓷。青花瓷是用含氧化钴的钴矿为原料，在陶瓷坯体上描绘纹饰，再罩上一层透明釉，经高温还原焰一次烧成。钴料烧成后呈蓝色，具有着色力强、发色鲜艳、烧成率高、呈色稳定的特点。原始青花瓷于唐宋已见端倪，成熟的青花瓷则出现在元代景德镇的湖田窑。明代青花成为瓷器的主流。清康熙时发展到了顶峰。明清时期，还创烧了青花五彩、孔雀绿釉青花、豆青釉青花、青花红彩、黄地青花、哥釉青花等衍生品种。','清代',NULL,NULL,1000,1000,26,0,NULL,2,1,NULL,NULL,NULL,NULL,NULL,0),
(1322,'青花瓷',NULL,'青花瓷又称白地青花瓷，常简称青花，中华陶瓷烧制工艺的珍品。是中国瓷器的主流品种之一，属釉下彩瓷。青花瓷是用含氧化钴的钴矿为原料，在陶瓷坯体上描绘纹饰，再罩上一层透明釉，经高温还原焰一次烧成。钴料烧成后呈蓝色，具有着色力强、发色鲜艳、烧成率高、呈色稳定的特点。原始青花瓷于唐宋已见端倪，成熟的青花瓷则出现在元代景德镇的湖田窑。明代青花成为瓷器的主流。清康熙时发展到了顶峰。明清时期，还创烧了青花五彩、孔雀绿釉青花、豆青釉青花、青花红彩、黄地青花、哥釉青花等衍生品种。','清代',NULL,NULL,1000,1000,26,0,NULL,2,1,NULL,NULL,NULL,NULL,NULL,0),
(1323,'青花瓷',NULL,'青花瓷又称白地青花瓷，常简称青花，中华陶瓷烧制工艺的珍品。是中国瓷器的主流品种之一，属釉下彩瓷。青花瓷是用含氧化钴的钴矿为原料，在陶瓷坯体上描绘纹饰，再罩上一层透明釉，经高温还原焰一次烧成。钴料烧成后呈蓝色，具有着色力强、发色鲜艳、烧成率高、呈色稳定的特点。原始青花瓷于唐宋已见端倪，成熟的青花瓷则出现在元代景德镇的湖田窑。明代青花成为瓷器的主流。清康熙时发展到了顶峰。明清时期，还创烧了青花五彩、孔雀绿釉青花、豆青釉青花、青花红彩、黄地青花、哥釉青花等衍生品种。','清代',NULL,NULL,1000,1000,26,0,NULL,2,1,NULL,NULL,NULL,NULL,NULL,0),
(1324,'青花瓷',NULL,'青花瓷又称白地青花瓷，常简称青花，中华陶瓷烧制工艺的珍品。是中国瓷器的主流品种之一，属釉下彩瓷。青花瓷是用含氧化钴的钴矿为原料，在陶瓷坯体上描绘纹饰，再罩上一层透明釉，经高温还原焰一次烧成。钴料烧成后呈蓝色，具有着色力强、发色鲜艳、烧成率高、呈色稳定的特点。原始青花瓷于唐宋已见端倪，成熟的青花瓷则出现在元代景德镇的湖田窑。明代青花成为瓷器的主流。清康熙时发展到了顶峰。明清时期，还创烧了青花五彩、孔雀绿釉青花、豆青釉青花、青花红彩、黄地青花、哥釉青花等衍生品种。','清代',NULL,NULL,1000,1000,26,0,NULL,2,1,NULL,NULL,NULL,NULL,NULL,0),
(1325,'青花瓷',NULL,'青花瓷又称白地青花瓷，常简称青花，中华陶瓷烧制工艺的珍品。是中国瓷器的主流品种之一，属釉下彩瓷。青花瓷是用含氧化钴的钴矿为原料，在陶瓷坯体上描绘纹饰，再罩上一层透明釉，经高温还原焰一次烧成。钴料烧成后呈蓝色，具有着色力强、发色鲜艳、烧成率高、呈色稳定的特点。原始青花瓷于唐宋已见端倪，成熟的青花瓷则出现在元代景德镇的湖田窑。明代青花成为瓷器的主流。清康熙时发展到了顶峰。明清时期，还创烧了青花五彩、孔雀绿釉青花、豆青釉青花、青花红彩、黄地青花、哥釉青花等衍生品种。','清代',NULL,NULL,1000,1000,26,0,NULL,2,1,NULL,NULL,NULL,NULL,NULL,0),
(1326,'青花瓷',NULL,'青花瓷又称白地青花瓷，常简称青花，中华陶瓷烧制工艺的珍品。是中国瓷器的主流品种之一，属釉下彩瓷。青花瓷是用含氧化钴的钴矿为原料，在陶瓷坯体上描绘纹饰，再罩上一层透明釉，经高温还原焰一次烧成。钴料烧成后呈蓝色，具有着色力强、发色鲜艳、烧成率高、呈色稳定的特点。原始青花瓷于唐宋已见端倪，成熟的青花瓷则出现在元代景德镇的湖田窑。明代青花成为瓷器的主流。清康熙时发展到了顶峰。明清时期，还创烧了青花五彩、孔雀绿釉青花、豆青釉青花、青花红彩、黄地青花、哥釉青花等衍生品种。','清代',NULL,NULL,1000,1000,26,0,NULL,2,4,NULL,NULL,NULL,NULL,NULL,0),
(1327,'青花瓷',NULL,'青花瓷又称白地青花瓷，常简称青花，中华陶瓷烧制工艺的珍品。是中国瓷器的主流品种之一，属釉下彩瓷。青花瓷是用含氧化钴的钴矿为原料，在陶瓷坯体上描绘纹饰，再罩上一层透明釉，经高温还原焰一次烧成。钴料烧成后呈蓝色，具有着色力强、发色鲜艳、烧成率高、呈色稳定的特点。原始青花瓷于唐宋已见端倪，成熟的青花瓷则出现在元代景德镇的湖田窑。明代青花成为瓷器的主流。清康熙时发展到了顶峰。明清时期，还创烧了青花五彩、孔雀绿釉青花、豆青釉青花、青花红彩、黄地青花、哥釉青花等衍生品种。','清代',NULL,NULL,1000,1000,26,0,NULL,2,4,NULL,NULL,NULL,NULL,NULL,0),
(1328,'青花瓷',NULL,'青花瓷又称白地青花瓷，常简称青花，中华陶瓷烧制工艺的珍品。是中国瓷器的主流品种之一，属釉下彩瓷。青花瓷是用含氧化钴的钴矿为原料，在陶瓷坯体上描绘纹饰，再罩上一层透明釉，经高温还原焰一次烧成。钴料烧成后呈蓝色，具有着色力强、发色鲜艳、烧成率高、呈色稳定的特点。原始青花瓷于唐宋已见端倪，成熟的青花瓷则出现在元代景德镇的湖田窑。明代青花成为瓷器的主流。清康熙时发展到了顶峰。明清时期，还创烧了青花五彩、孔雀绿釉青花、豆青釉青花、青花红彩、黄地青花、哥釉青花等衍生品种。','清代',NULL,NULL,1000,1000,26,0,NULL,2,4,NULL,NULL,NULL,NULL,NULL,0),
(1329,'青花瓷',NULL,'青花瓷又称白地青花瓷，常简称青花，中华陶瓷烧制工艺的珍品。是中国瓷器的主流品种之一，属釉下彩瓷。青花瓷是用含氧化钴的钴矿为原料，在陶瓷坯体上描绘纹饰，再罩上一层透明釉，经高温还原焰一次烧成。钴料烧成后呈蓝色，具有着色力强、发色鲜艳、烧成率高、呈色稳定的特点。原始青花瓷于唐宋已见端倪，成熟的青花瓷则出现在元代景德镇的湖田窑。明代青花成为瓷器的主流。清康熙时发展到了顶峰。明清时期，还创烧了青花五彩、孔雀绿釉青花、豆青釉青花、青花红彩、黄地青花、哥釉青花等衍生品种。','清代',NULL,NULL,1000,1000,26,0,NULL,2,4,NULL,NULL,NULL,NULL,NULL,0),
(1330,'青花瓷',NULL,'青花瓷又称白地青花瓷，常简称青花，中华陶瓷烧制工艺的珍品。是中国瓷器的主流品种之一，属釉下彩瓷。青花瓷是用含氧化钴的钴矿为原料，在陶瓷坯体上描绘纹饰，再罩上一层透明釉，经高温还原焰一次烧成。钴料烧成后呈蓝色，具有着色力强、发色鲜艳、烧成率高、呈色稳定的特点。原始青花瓷于唐宋已见端倪，成熟的青花瓷则出现在元代景德镇的湖田窑。明代青花成为瓷器的主流。清康熙时发展到了顶峰。明清时期，还创烧了青花五彩、孔雀绿釉青花、豆青釉青花、青花红彩、黄地青花、哥釉青花等衍生品种。','清代',NULL,NULL,1000,1000,26,0,NULL,2,4,NULL,NULL,NULL,NULL,NULL,0),
(1331,'青花瓷',NULL,'青花瓷又称白地青花瓷，常简称青花，中华陶瓷烧制工艺的珍品。是中国瓷器的主流品种之一，属釉下彩瓷。青花瓷是用含氧化钴的钴矿为原料，在陶瓷坯体上描绘纹饰，再罩上一层透明釉，经高温还原焰一次烧成。钴料烧成后呈蓝色，具有着色力强、发色鲜艳、烧成率高、呈色稳定的特点。原始青花瓷于唐宋已见端倪，成熟的青花瓷则出现在元代景德镇的湖田窑。明代青花成为瓷器的主流。清康熙时发展到了顶峰。明清时期，还创烧了青花五彩、孔雀绿釉青花、豆青釉青花、青花红彩、黄地青花、哥釉青花等衍生品种。','清代',NULL,NULL,1000,1000,26,0,NULL,2,1,NULL,NULL,NULL,NULL,NULL,0),
(1332,'青花瓷',NULL,'青花瓷又称白地青花瓷，常简称青花，中华陶瓷烧制工艺的珍品。是中国瓷器的主流品种之一，属釉下彩瓷。青花瓷是用含氧化钴的钴矿为原料，在陶瓷坯体上描绘纹饰，再罩上一层透明釉，经高温还原焰一次烧成。钴料烧成后呈蓝色，具有着色力强、发色鲜艳、烧成率高、呈色稳定的特点。原始青花瓷于唐宋已见端倪，成熟的青花瓷则出现在元代景德镇的湖田窑。明代青花成为瓷器的主流。清康熙时发展到了顶峰。明清时期，还创烧了青花五彩、孔雀绿釉青花、豆青釉青花、青花红彩、黄地青花、哥釉青花等衍生品种。','清代',NULL,NULL,1000,1000,26,0,NULL,2,1,NULL,NULL,NULL,NULL,NULL,0),
(1333,'青花瓷',NULL,'青花瓷又称白地青花瓷，常简称青花，中华陶瓷烧制工艺的珍品。是中国瓷器的主流品种之一，属釉下彩瓷。青花瓷是用含氧化钴的钴矿为原料，在陶瓷坯体上描绘纹饰，再罩上一层透明釉，经高温还原焰一次烧成。钴料烧成后呈蓝色，具有着色力强、发色鲜艳、烧成率高、呈色稳定的特点。原始青花瓷于唐宋已见端倪，成熟的青花瓷则出现在元代景德镇的湖田窑。明代青花成为瓷器的主流。清康熙时发展到了顶峰。明清时期，还创烧了青花五彩、孔雀绿釉青花、豆青釉青花、青花红彩、黄地青花、哥釉青花等衍生品种。','清代',NULL,NULL,1000,1000,26,0,NULL,2,1,NULL,NULL,NULL,NULL,NULL,0),
(1334,'青花瓷',NULL,'青花瓷又称白地青花瓷，常简称青花，中华陶瓷烧制工艺的珍品。是中国瓷器的主流品种之一，属釉下彩瓷。青花瓷是用含氧化钴的钴矿为原料，在陶瓷坯体上描绘纹饰，再罩上一层透明釉，经高温还原焰一次烧成。钴料烧成后呈蓝色，具有着色力强、发色鲜艳、烧成率高、呈色稳定的特点。原始青花瓷于唐宋已见端倪，成熟的青花瓷则出现在元代景德镇的湖田窑。明代青花成为瓷器的主流。清康熙时发展到了顶峰。明清时期，还创烧了青花五彩、孔雀绿釉青花、豆青釉青花、青花红彩、黄地青花、哥釉青花等衍生品种。','清代',NULL,NULL,1000,1000,26,0,NULL,2,1,NULL,NULL,NULL,NULL,NULL,0),
(1335,'青花瓷',NULL,'青花瓷又称白地青花瓷，常简称青花，中华陶瓷烧制工艺的珍品。是中国瓷器的主流品种之一，属釉下彩瓷。青花瓷是用含氧化钴的钴矿为原料，在陶瓷坯体上描绘纹饰，再罩上一层透明釉，经高温还原焰一次烧成。钴料烧成后呈蓝色，具有着色力强、发色鲜艳、烧成率高、呈色稳定的特点。原始青花瓷于唐宋已见端倪，成熟的青花瓷则出现在元代景德镇的湖田窑。明代青花成为瓷器的主流。清康熙时发展到了顶峰。明清时期，还创烧了青花五彩、孔雀绿釉青花、豆青釉青花、青花红彩、黄地青花、哥釉青花等衍生品种。','清代',NULL,NULL,1000,1000,26,0,NULL,2,1,NULL,NULL,NULL,NULL,NULL,0),
(1336,'青花瓷',NULL,'青花瓷又称白地青花瓷，常简称青花，中华陶瓷烧制工艺的珍品。是中国瓷器的主流品种之一，属釉下彩瓷。青花瓷是用含氧化钴的钴矿为原料，在陶瓷坯体上描绘纹饰，再罩上一层透明釉，经高温还原焰一次烧成。钴料烧成后呈蓝色，具有着色力强、发色鲜艳、烧成率高、呈色稳定的特点。原始青花瓷于唐宋已见端倪，成熟的青花瓷则出现在元代景德镇的湖田窑。明代青花成为瓷器的主流。清康熙时发展到了顶峰。明清时期，还创烧了青花五彩、孔雀绿釉青花、豆青釉青花、青花红彩、黄地青花、哥釉青花等衍生品种。','清代',NULL,NULL,1000,1000,26,0,NULL,2,4,NULL,NULL,NULL,NULL,NULL,0),
(1337,'青花瓷',NULL,'青花瓷又称白地青花瓷，常简称青花，中华陶瓷烧制工艺的珍品。是中国瓷器的主流品种之一，属釉下彩瓷。青花瓷是用含氧化钴的钴矿为原料，在陶瓷坯体上描绘纹饰，再罩上一层透明釉，经高温还原焰一次烧成。钴料烧成后呈蓝色，具有着色力强、发色鲜艳、烧成率高、呈色稳定的特点。原始青花瓷于唐宋已见端倪，成熟的青花瓷则出现在元代景德镇的湖田窑。明代青花成为瓷器的主流。清康熙时发展到了顶峰。明清时期，还创烧了青花五彩、孔雀绿釉青花、豆青釉青花、青花红彩、黄地青花、哥釉青花等衍生品种。','清代',NULL,NULL,1000,1000,26,0,NULL,2,4,NULL,NULL,NULL,NULL,NULL,0),
(1338,'青花瓷',NULL,'青花瓷又称白地青花瓷，常简称青花，中华陶瓷烧制工艺的珍品。是中国瓷器的主流品种之一，属釉下彩瓷。青花瓷是用含氧化钴的钴矿为原料，在陶瓷坯体上描绘纹饰，再罩上一层透明釉，经高温还原焰一次烧成。钴料烧成后呈蓝色，具有着色力强、发色鲜艳、烧成率高、呈色稳定的特点。原始青花瓷于唐宋已见端倪，成熟的青花瓷则出现在元代景德镇的湖田窑。明代青花成为瓷器的主流。清康熙时发展到了顶峰。明清时期，还创烧了青花五彩、孔雀绿釉青花、豆青釉青花、青花红彩、黄地青花、哥釉青花等衍生品种。','清代',NULL,NULL,1000,1000,26,0,NULL,2,4,NULL,NULL,NULL,NULL,NULL,0),
(1339,'青花瓷',NULL,'青花瓷又称白地青花瓷，常简称青花，中华陶瓷烧制工艺的珍品。是中国瓷器的主流品种之一，属釉下彩瓷。青花瓷是用含氧化钴的钴矿为原料，在陶瓷坯体上描绘纹饰，再罩上一层透明釉，经高温还原焰一次烧成。钴料烧成后呈蓝色，具有着色力强、发色鲜艳、烧成率高、呈色稳定的特点。原始青花瓷于唐宋已见端倪，成熟的青花瓷则出现在元代景德镇的湖田窑。明代青花成为瓷器的主流。清康熙时发展到了顶峰。明清时期，还创烧了青花五彩、孔雀绿釉青花、豆青釉青花、青花红彩、黄地青花、哥釉青花等衍生品种。','清代',NULL,NULL,1000,1000,26,0,NULL,2,4,NULL,NULL,NULL,NULL,NULL,0),
(1340,'青花瓷',NULL,'青花瓷又称白地青花瓷，常简称青花，中华陶瓷烧制工艺的珍品。是中国瓷器的主流品种之一，属釉下彩瓷。青花瓷是用含氧化钴的钴矿为原料，在陶瓷坯体上描绘纹饰，再罩上一层透明釉，经高温还原焰一次烧成。钴料烧成后呈蓝色，具有着色力强、发色鲜艳、烧成率高、呈色稳定的特点。原始青花瓷于唐宋已见端倪，成熟的青花瓷则出现在元代景德镇的湖田窑。明代青花成为瓷器的主流。清康熙时发展到了顶峰。明清时期，还创烧了青花五彩、孔雀绿釉青花、豆青釉青花、青花红彩、黄地青花、哥釉青花等衍生品种。','清代',NULL,NULL,1000,1000,26,0,NULL,2,4,NULL,NULL,NULL,NULL,NULL,0),
(1341,'青花瓷',NULL,'青花瓷又称白地青花瓷，常简称青花，中华陶瓷烧制工艺的珍品。是中国瓷器的主流品种之一，属釉下彩瓷。青花瓷是用含氧化钴的钴矿为原料，在陶瓷坯体上描绘纹饰，再罩上一层透明釉，经高温还原焰一次烧成。钴料烧成后呈蓝色，具有着色力强、发色鲜艳、烧成率高、呈色稳定的特点。原始青花瓷于唐宋已见端倪，成熟的青花瓷则出现在元代景德镇的湖田窑。明代青花成为瓷器的主流。清康熙时发展到了顶峰。明清时期，还创烧了青花五彩、孔雀绿釉青花、豆青釉青花、青花红彩、黄地青花、哥釉青花等衍生品种。','清代',NULL,NULL,1000,1000,26,0,NULL,2,1,NULL,NULL,NULL,NULL,NULL,0),
(1342,'青花瓷',NULL,'青花瓷又称白地青花瓷，常简称青花，中华陶瓷烧制工艺的珍品。是中国瓷器的主流品种之一，属釉下彩瓷。青花瓷是用含氧化钴的钴矿为原料，在陶瓷坯体上描绘纹饰，再罩上一层透明釉，经高温还原焰一次烧成。钴料烧成后呈蓝色，具有着色力强、发色鲜艳、烧成率高、呈色稳定的特点。原始青花瓷于唐宋已见端倪，成熟的青花瓷则出现在元代景德镇的湖田窑。明代青花成为瓷器的主流。清康熙时发展到了顶峰。明清时期，还创烧了青花五彩、孔雀绿釉青花、豆青釉青花、青花红彩、黄地青花、哥釉青花等衍生品种。','清代',NULL,NULL,1000,1000,26,0,NULL,2,1,NULL,NULL,NULL,NULL,NULL,0),
(1343,'青花瓷',NULL,'青花瓷又称白地青花瓷，常简称青花，中华陶瓷烧制工艺的珍品。是中国瓷器的主流品种之一，属釉下彩瓷。青花瓷是用含氧化钴的钴矿为原料，在陶瓷坯体上描绘纹饰，再罩上一层透明釉，经高温还原焰一次烧成。钴料烧成后呈蓝色，具有着色力强、发色鲜艳、烧成率高、呈色稳定的特点。原始青花瓷于唐宋已见端倪，成熟的青花瓷则出现在元代景德镇的湖田窑。明代青花成为瓷器的主流。清康熙时发展到了顶峰。明清时期，还创烧了青花五彩、孔雀绿釉青花、豆青釉青花、青花红彩、黄地青花、哥釉青花等衍生品种。','清代',NULL,NULL,1000,1000,26,0,NULL,2,1,NULL,NULL,NULL,NULL,NULL,0),
(1344,'青花瓷',NULL,'青花瓷又称白地青花瓷，常简称青花，中华陶瓷烧制工艺的珍品。是中国瓷器的主流品种之一，属釉下彩瓷。青花瓷是用含氧化钴的钴矿为原料，在陶瓷坯体上描绘纹饰，再罩上一层透明釉，经高温还原焰一次烧成。钴料烧成后呈蓝色，具有着色力强、发色鲜艳、烧成率高、呈色稳定的特点。原始青花瓷于唐宋已见端倪，成熟的青花瓷则出现在元代景德镇的湖田窑。明代青花成为瓷器的主流。清康熙时发展到了顶峰。明清时期，还创烧了青花五彩、孔雀绿釉青花、豆青釉青花、青花红彩、黄地青花、哥釉青花等衍生品种。','清代',NULL,NULL,1000,1000,26,0,NULL,2,1,NULL,NULL,NULL,NULL,NULL,0),
(1345,'青花瓷',NULL,'青花瓷又称白地青花瓷，常简称青花，中华陶瓷烧制工艺的珍品。是中国瓷器的主流品种之一，属釉下彩瓷。青花瓷是用含氧化钴的钴矿为原料，在陶瓷坯体上描绘纹饰，再罩上一层透明釉，经高温还原焰一次烧成。钴料烧成后呈蓝色，具有着色力强、发色鲜艳、烧成率高、呈色稳定的特点。原始青花瓷于唐宋已见端倪，成熟的青花瓷则出现在元代景德镇的湖田窑。明代青花成为瓷器的主流。清康熙时发展到了顶峰。明清时期，还创烧了青花五彩、孔雀绿釉青花、豆青釉青花、青花红彩、黄地青花、哥釉青花等衍生品种。','清代',NULL,NULL,1000,1000,26,0,NULL,2,1,NULL,NULL,NULL,NULL,NULL,0),
(1346,'青花瓷',NULL,'青花瓷又称白地青花瓷，常简称青花，中华陶瓷烧制工艺的珍品。是中国瓷器的主流品种之一，属釉下彩瓷。青花瓷是用含氧化钴的钴矿为原料，在陶瓷坯体上描绘纹饰，再罩上一层透明釉，经高温还原焰一次烧成。钴料烧成后呈蓝色，具有着色力强、发色鲜艳、烧成率高、呈色稳定的特点。原始青花瓷于唐宋已见端倪，成熟的青花瓷则出现在元代景德镇的湖田窑。明代青花成为瓷器的主流。清康熙时发展到了顶峰。明清时期，还创烧了青花五彩、孔雀绿釉青花、豆青釉青花、青花红彩、黄地青花、哥釉青花等衍生品种。','清代',NULL,NULL,1000,1000,26,0,NULL,2,4,NULL,NULL,NULL,NULL,NULL,0),
(1347,'青花瓷',NULL,'青花瓷又称白地青花瓷，常简称青花，中华陶瓷烧制工艺的珍品。是中国瓷器的主流品种之一，属釉下彩瓷。青花瓷是用含氧化钴的钴矿为原料，在陶瓷坯体上描绘纹饰，再罩上一层透明釉，经高温还原焰一次烧成。钴料烧成后呈蓝色，具有着色力强、发色鲜艳、烧成率高、呈色稳定的特点。原始青花瓷于唐宋已见端倪，成熟的青花瓷则出现在元代景德镇的湖田窑。明代青花成为瓷器的主流。清康熙时发展到了顶峰。明清时期，还创烧了青花五彩、孔雀绿釉青花、豆青釉青花、青花红彩、黄地青花、哥釉青花等衍生品种。','清代',NULL,NULL,1000,1000,26,0,NULL,2,4,NULL,NULL,NULL,NULL,NULL,0),
(1348,'青花瓷',NULL,'青花瓷又称白地青花瓷，常简称青花，中华陶瓷烧制工艺的珍品。是中国瓷器的主流品种之一，属釉下彩瓷。青花瓷是用含氧化钴的钴矿为原料，在陶瓷坯体上描绘纹饰，再罩上一层透明釉，经高温还原焰一次烧成。钴料烧成后呈蓝色，具有着色力强、发色鲜艳、烧成率高、呈色稳定的特点。原始青花瓷于唐宋已见端倪，成熟的青花瓷则出现在元代景德镇的湖田窑。明代青花成为瓷器的主流。清康熙时发展到了顶峰。明清时期，还创烧了青花五彩、孔雀绿釉青花、豆青釉青花、青花红彩、黄地青花、哥釉青花等衍生品种。','清代',NULL,NULL,1000,1000,26,0,NULL,2,4,NULL,NULL,NULL,NULL,NULL,0),
(1349,'青花瓷',NULL,'青花瓷又称白地青花瓷，常简称青花，中华陶瓷烧制工艺的珍品。是中国瓷器的主流品种之一，属釉下彩瓷。青花瓷是用含氧化钴的钴矿为原料，在陶瓷坯体上描绘纹饰，再罩上一层透明釉，经高温还原焰一次烧成。钴料烧成后呈蓝色，具有着色力强、发色鲜艳、烧成率高、呈色稳定的特点。原始青花瓷于唐宋已见端倪，成熟的青花瓷则出现在元代景德镇的湖田窑。明代青花成为瓷器的主流。清康熙时发展到了顶峰。明清时期，还创烧了青花五彩、孔雀绿釉青花、豆青釉青花、青花红彩、黄地青花、哥釉青花等衍生品种。','清代',NULL,NULL,1000,1000,26,0,NULL,2,4,NULL,NULL,NULL,NULL,NULL,0),
(1350,'青花瓷',NULL,'青花瓷又称白地青花瓷，常简称青花，中华陶瓷烧制工艺的珍品。是中国瓷器的主流品种之一，属釉下彩瓷。青花瓷是用含氧化钴的钴矿为原料，在陶瓷坯体上描绘纹饰，再罩上一层透明釉，经高温还原焰一次烧成。钴料烧成后呈蓝色，具有着色力强、发色鲜艳、烧成率高、呈色稳定的特点。原始青花瓷于唐宋已见端倪，成熟的青花瓷则出现在元代景德镇的湖田窑。明代青花成为瓷器的主流。清康熙时发展到了顶峰。明清时期，还创烧了青花五彩、孔雀绿釉青花、豆青釉青花、青花红彩、黄地青花、哥釉青花等衍生品种。','清代',NULL,NULL,1000,1000,26,0,NULL,2,4,NULL,NULL,NULL,NULL,NULL,0),
(1351,'青花瓷',NULL,'青花瓷又称白地青花瓷，常简称青花，中华陶瓷烧制工艺的珍品。是中国瓷器的主流品种之一，属釉下彩瓷。青花瓷是用含氧化钴的钴矿为原料，在陶瓷坯体上描绘纹饰，再罩上一层透明釉，经高温还原焰一次烧成。钴料烧成后呈蓝色，具有着色力强、发色鲜艳、烧成率高、呈色稳定的特点。原始青花瓷于唐宋已见端倪，成熟的青花瓷则出现在元代景德镇的湖田窑。明代青花成为瓷器的主流。清康熙时发展到了顶峰。明清时期，还创烧了青花五彩、孔雀绿釉青花、豆青釉青花、青花红彩、黄地青花、哥釉青花等衍生品种。','清代',NULL,NULL,1000,1000,26,0,NULL,2,1,NULL,NULL,NULL,NULL,NULL,0),
(1352,'青花瓷',NULL,'青花瓷又称白地青花瓷，常简称青花，中华陶瓷烧制工艺的珍品。是中国瓷器的主流品种之一，属釉下彩瓷。青花瓷是用含氧化钴的钴矿为原料，在陶瓷坯体上描绘纹饰，再罩上一层透明釉，经高温还原焰一次烧成。钴料烧成后呈蓝色，具有着色力强、发色鲜艳、烧成率高、呈色稳定的特点。原始青花瓷于唐宋已见端倪，成熟的青花瓷则出现在元代景德镇的湖田窑。明代青花成为瓷器的主流。清康熙时发展到了顶峰。明清时期，还创烧了青花五彩、孔雀绿釉青花、豆青釉青花、青花红彩、黄地青花、哥釉青花等衍生品种。','清代',NULL,NULL,1000,1000,26,0,NULL,2,1,NULL,NULL,NULL,NULL,NULL,0),
(1353,'青花瓷',NULL,'青花瓷又称白地青花瓷，常简称青花，中华陶瓷烧制工艺的珍品。是中国瓷器的主流品种之一，属釉下彩瓷。青花瓷是用含氧化钴的钴矿为原料，在陶瓷坯体上描绘纹饰，再罩上一层透明釉，经高温还原焰一次烧成。钴料烧成后呈蓝色，具有着色力强、发色鲜艳、烧成率高、呈色稳定的特点。原始青花瓷于唐宋已见端倪，成熟的青花瓷则出现在元代景德镇的湖田窑。明代青花成为瓷器的主流。清康熙时发展到了顶峰。明清时期，还创烧了青花五彩、孔雀绿釉青花、豆青釉青花、青花红彩、黄地青花、哥釉青花等衍生品种。','清代',NULL,NULL,1000,1000,26,0,NULL,2,1,NULL,NULL,NULL,NULL,NULL,0),
(1354,'青花瓷',NULL,'青花瓷又称白地青花瓷，常简称青花，中华陶瓷烧制工艺的珍品。是中国瓷器的主流品种之一，属釉下彩瓷。青花瓷是用含氧化钴的钴矿为原料，在陶瓷坯体上描绘纹饰，再罩上一层透明釉，经高温还原焰一次烧成。钴料烧成后呈蓝色，具有着色力强、发色鲜艳、烧成率高、呈色稳定的特点。原始青花瓷于唐宋已见端倪，成熟的青花瓷则出现在元代景德镇的湖田窑。明代青花成为瓷器的主流。清康熙时发展到了顶峰。明清时期，还创烧了青花五彩、孔雀绿釉青花、豆青釉青花、青花红彩、黄地青花、哥釉青花等衍生品种。','清代',NULL,NULL,1000,1000,26,0,NULL,2,1,NULL,NULL,NULL,NULL,NULL,0),
(1355,'青花瓷',NULL,'青花瓷又称白地青花瓷，常简称青花，中华陶瓷烧制工艺的珍品。是中国瓷器的主流品种之一，属釉下彩瓷。青花瓷是用含氧化钴的钴矿为原料，在陶瓷坯体上描绘纹饰，再罩上一层透明釉，经高温还原焰一次烧成。钴料烧成后呈蓝色，具有着色力强、发色鲜艳、烧成率高、呈色稳定的特点。原始青花瓷于唐宋已见端倪，成熟的青花瓷则出现在元代景德镇的湖田窑。明代青花成为瓷器的主流。清康熙时发展到了顶峰。明清时期，还创烧了青花五彩、孔雀绿釉青花、豆青釉青花、青花红彩、黄地青花、哥釉青花等衍生品种。','清代',NULL,NULL,1000,1000,26,0,NULL,2,1,NULL,NULL,NULL,NULL,NULL,0),
(1356,'青花瓷',NULL,'青花瓷又称白地青花瓷，常简称青花，中华陶瓷烧制工艺的珍品。是中国瓷器的主流品种之一，属釉下彩瓷。青花瓷是用含氧化钴的钴矿为原料，在陶瓷坯体上描绘纹饰，再罩上一层透明釉，经高温还原焰一次烧成。钴料烧成后呈蓝色，具有着色力强、发色鲜艳、烧成率高、呈色稳定的特点。原始青花瓷于唐宋已见端倪，成熟的青花瓷则出现在元代景德镇的湖田窑。明代青花成为瓷器的主流。清康熙时发展到了顶峰。明清时期，还创烧了青花五彩、孔雀绿釉青花、豆青釉青花、青花红彩、黄地青花、哥釉青花等衍生品种。','清代',NULL,NULL,1000,1000,26,0,NULL,2,4,NULL,NULL,NULL,NULL,NULL,0),
(1357,'青花瓷',NULL,'青花瓷又称白地青花瓷，常简称青花，中华陶瓷烧制工艺的珍品。是中国瓷器的主流品种之一，属釉下彩瓷。青花瓷是用含氧化钴的钴矿为原料，在陶瓷坯体上描绘纹饰，再罩上一层透明釉，经高温还原焰一次烧成。钴料烧成后呈蓝色，具有着色力强、发色鲜艳、烧成率高、呈色稳定的特点。原始青花瓷于唐宋已见端倪，成熟的青花瓷则出现在元代景德镇的湖田窑。明代青花成为瓷器的主流。清康熙时发展到了顶峰。明清时期，还创烧了青花五彩、孔雀绿釉青花、豆青釉青花、青花红彩、黄地青花、哥釉青花等衍生品种。','清代',NULL,NULL,1000,1000,26,0,NULL,2,4,NULL,NULL,NULL,NULL,NULL,0),
(1358,'青花瓷',NULL,'青花瓷又称白地青花瓷，常简称青花，中华陶瓷烧制工艺的珍品。是中国瓷器的主流品种之一，属釉下彩瓷。青花瓷是用含氧化钴的钴矿为原料，在陶瓷坯体上描绘纹饰，再罩上一层透明釉，经高温还原焰一次烧成。钴料烧成后呈蓝色，具有着色力强、发色鲜艳、烧成率高、呈色稳定的特点。原始青花瓷于唐宋已见端倪，成熟的青花瓷则出现在元代景德镇的湖田窑。明代青花成为瓷器的主流。清康熙时发展到了顶峰。明清时期，还创烧了青花五彩、孔雀绿釉青花、豆青釉青花、青花红彩、黄地青花、哥釉青花等衍生品种。','清代',NULL,NULL,1000,1000,26,0,NULL,2,4,NULL,NULL,NULL,NULL,NULL,0),
(1359,'青花瓷',NULL,'青花瓷又称白地青花瓷，常简称青花，中华陶瓷烧制工艺的珍品。是中国瓷器的主流品种之一，属釉下彩瓷。青花瓷是用含氧化钴的钴矿为原料，在陶瓷坯体上描绘纹饰，再罩上一层透明釉，经高温还原焰一次烧成。钴料烧成后呈蓝色，具有着色力强、发色鲜艳、烧成率高、呈色稳定的特点。原始青花瓷于唐宋已见端倪，成熟的青花瓷则出现在元代景德镇的湖田窑。明代青花成为瓷器的主流。清康熙时发展到了顶峰。明清时期，还创烧了青花五彩、孔雀绿釉青花、豆青釉青花、青花红彩、黄地青花、哥釉青花等衍生品种。','清代',NULL,NULL,1000,1000,26,0,NULL,2,4,NULL,NULL,NULL,NULL,NULL,0),
(1360,'青花瓷',NULL,'青花瓷又称白地青花瓷，常简称青花，中华陶瓷烧制工艺的珍品。是中国瓷器的主流品种之一，属釉下彩瓷。青花瓷是用含氧化钴的钴矿为原料，在陶瓷坯体上描绘纹饰，再罩上一层透明釉，经高温还原焰一次烧成。钴料烧成后呈蓝色，具有着色力强、发色鲜艳、烧成率高、呈色稳定的特点。原始青花瓷于唐宋已见端倪，成熟的青花瓷则出现在元代景德镇的湖田窑。明代青花成为瓷器的主流。清康熙时发展到了顶峰。明清时期，还创烧了青花五彩、孔雀绿釉青花、豆青釉青花、青花红彩、黄地青花、哥釉青花等衍生品种。','清代',NULL,NULL,1000,1000,26,0,NULL,2,4,NULL,NULL,NULL,NULL,NULL,0),
(1361,'青花瓷',NULL,'青花瓷又称白地青花瓷，常简称青花，中华陶瓷烧制工艺的珍品。是中国瓷器的主流品种之一，属釉下彩瓷。青花瓷是用含氧化钴的钴矿为原料，在陶瓷坯体上描绘纹饰，再罩上一层透明釉，经高温还原焰一次烧成。钴料烧成后呈蓝色，具有着色力强、发色鲜艳、烧成率高、呈色稳定的特点。原始青花瓷于唐宋已见端倪，成熟的青花瓷则出现在元代景德镇的湖田窑。明代青花成为瓷器的主流。清康熙时发展到了顶峰。明清时期，还创烧了青花五彩、孔雀绿釉青花、豆青釉青花、青花红彩、黄地青花、哥釉青花等衍生品种。','清代',NULL,NULL,1000,1000,26,0,NULL,2,1,NULL,NULL,NULL,NULL,NULL,0),
(1362,'青花瓷',NULL,'青花瓷又称白地青花瓷，常简称青花，中华陶瓷烧制工艺的珍品。是中国瓷器的主流品种之一，属釉下彩瓷。青花瓷是用含氧化钴的钴矿为原料，在陶瓷坯体上描绘纹饰，再罩上一层透明釉，经高温还原焰一次烧成。钴料烧成后呈蓝色，具有着色力强、发色鲜艳、烧成率高、呈色稳定的特点。原始青花瓷于唐宋已见端倪，成熟的青花瓷则出现在元代景德镇的湖田窑。明代青花成为瓷器的主流。清康熙时发展到了顶峰。明清时期，还创烧了青花五彩、孔雀绿釉青花、豆青釉青花、青花红彩、黄地青花、哥釉青花等衍生品种。','清代',NULL,NULL,1000,1000,26,0,NULL,2,1,NULL,NULL,NULL,NULL,NULL,0),
(1363,'青花瓷',NULL,'青花瓷又称白地青花瓷，常简称青花，中华陶瓷烧制工艺的珍品。是中国瓷器的主流品种之一，属釉下彩瓷。青花瓷是用含氧化钴的钴矿为原料，在陶瓷坯体上描绘纹饰，再罩上一层透明釉，经高温还原焰一次烧成。钴料烧成后呈蓝色，具有着色力强、发色鲜艳、烧成率高、呈色稳定的特点。原始青花瓷于唐宋已见端倪，成熟的青花瓷则出现在元代景德镇的湖田窑。明代青花成为瓷器的主流。清康熙时发展到了顶峰。明清时期，还创烧了青花五彩、孔雀绿釉青花、豆青釉青花、青花红彩、黄地青花、哥釉青花等衍生品种。','清代',NULL,NULL,1000,1000,26,0,NULL,2,1,NULL,NULL,NULL,NULL,NULL,0),
(1364,'青花瓷',NULL,'青花瓷又称白地青花瓷，常简称青花，中华陶瓷烧制工艺的珍品。是中国瓷器的主流品种之一，属釉下彩瓷。青花瓷是用含氧化钴的钴矿为原料，在陶瓷坯体上描绘纹饰，再罩上一层透明釉，经高温还原焰一次烧成。钴料烧成后呈蓝色，具有着色力强、发色鲜艳、烧成率高、呈色稳定的特点。原始青花瓷于唐宋已见端倪，成熟的青花瓷则出现在元代景德镇的湖田窑。明代青花成为瓷器的主流。清康熙时发展到了顶峰。明清时期，还创烧了青花五彩、孔雀绿釉青花、豆青釉青花、青花红彩、黄地青花、哥釉青花等衍生品种。','清代',NULL,NULL,1000,1000,26,0,NULL,2,1,NULL,NULL,NULL,NULL,NULL,0),
(1365,'青花瓷',NULL,'青花瓷又称白地青花瓷，常简称青花，中华陶瓷烧制工艺的珍品。是中国瓷器的主流品种之一，属釉下彩瓷。青花瓷是用含氧化钴的钴矿为原料，在陶瓷坯体上描绘纹饰，再罩上一层透明釉，经高温还原焰一次烧成。钴料烧成后呈蓝色，具有着色力强、发色鲜艳、烧成率高、呈色稳定的特点。原始青花瓷于唐宋已见端倪，成熟的青花瓷则出现在元代景德镇的湖田窑。明代青花成为瓷器的主流。清康熙时发展到了顶峰。明清时期，还创烧了青花五彩、孔雀绿釉青花、豆青釉青花、青花红彩、黄地青花、哥釉青花等衍生品种。','清代',NULL,NULL,1000,1000,26,0,NULL,2,1,NULL,NULL,NULL,NULL,NULL,0),
(1366,'青花瓷',NULL,'青花瓷又称白地青花瓷，常简称青花，中华陶瓷烧制工艺的珍品。是中国瓷器的主流品种之一，属釉下彩瓷。青花瓷是用含氧化钴的钴矿为原料，在陶瓷坯体上描绘纹饰，再罩上一层透明釉，经高温还原焰一次烧成。钴料烧成后呈蓝色，具有着色力强、发色鲜艳、烧成率高、呈色稳定的特点。原始青花瓷于唐宋已见端倪，成熟的青花瓷则出现在元代景德镇的湖田窑。明代青花成为瓷器的主流。清康熙时发展到了顶峰。明清时期，还创烧了青花五彩、孔雀绿釉青花、豆青釉青花、青花红彩、黄地青花、哥釉青花等衍生品种。','清代',NULL,NULL,1000,1000,26,0,NULL,2,4,NULL,NULL,NULL,NULL,NULL,0),
(1367,'青花瓷',NULL,'青花瓷又称白地青花瓷，常简称青花，中华陶瓷烧制工艺的珍品。是中国瓷器的主流品种之一，属釉下彩瓷。青花瓷是用含氧化钴的钴矿为原料，在陶瓷坯体上描绘纹饰，再罩上一层透明釉，经高温还原焰一次烧成。钴料烧成后呈蓝色，具有着色力强、发色鲜艳、烧成率高、呈色稳定的特点。原始青花瓷于唐宋已见端倪，成熟的青花瓷则出现在元代景德镇的湖田窑。明代青花成为瓷器的主流。清康熙时发展到了顶峰。明清时期，还创烧了青花五彩、孔雀绿釉青花、豆青釉青花、青花红彩、黄地青花、哥釉青花等衍生品种。','清代',NULL,NULL,1000,1000,26,0,NULL,2,4,NULL,NULL,NULL,NULL,NULL,0),
(1368,'青花瓷',NULL,'青花瓷又称白地青花瓷，常简称青花，中华陶瓷烧制工艺的珍品。是中国瓷器的主流品种之一，属釉下彩瓷。青花瓷是用含氧化钴的钴矿为原料，在陶瓷坯体上描绘纹饰，再罩上一层透明釉，经高温还原焰一次烧成。钴料烧成后呈蓝色，具有着色力强、发色鲜艳、烧成率高、呈色稳定的特点。原始青花瓷于唐宋已见端倪，成熟的青花瓷则出现在元代景德镇的湖田窑。明代青花成为瓷器的主流。清康熙时发展到了顶峰。明清时期，还创烧了青花五彩、孔雀绿釉青花、豆青釉青花、青花红彩、黄地青花、哥釉青花等衍生品种。','清代',NULL,NULL,1000,1000,26,0,NULL,2,4,NULL,NULL,NULL,NULL,NULL,0),
(1369,'青花瓷',NULL,'青花瓷又称白地青花瓷，常简称青花，中华陶瓷烧制工艺的珍品。是中国瓷器的主流品种之一，属釉下彩瓷。青花瓷是用含氧化钴的钴矿为原料，在陶瓷坯体上描绘纹饰，再罩上一层透明釉，经高温还原焰一次烧成。钴料烧成后呈蓝色，具有着色力强、发色鲜艳、烧成率高、呈色稳定的特点。原始青花瓷于唐宋已见端倪，成熟的青花瓷则出现在元代景德镇的湖田窑。明代青花成为瓷器的主流。清康熙时发展到了顶峰。明清时期，还创烧了青花五彩、孔雀绿釉青花、豆青釉青花、青花红彩、黄地青花、哥釉青花等衍生品种。','清代',NULL,NULL,1000,1000,26,0,NULL,2,4,NULL,NULL,NULL,NULL,NULL,0),
(1370,'青花瓷',NULL,'青花瓷又称白地青花瓷，常简称青花，中华陶瓷烧制工艺的珍品。是中国瓷器的主流品种之一，属釉下彩瓷。青花瓷是用含氧化钴的钴矿为原料，在陶瓷坯体上描绘纹饰，再罩上一层透明釉，经高温还原焰一次烧成。钴料烧成后呈蓝色，具有着色力强、发色鲜艳、烧成率高、呈色稳定的特点。原始青花瓷于唐宋已见端倪，成熟的青花瓷则出现在元代景德镇的湖田窑。明代青花成为瓷器的主流。清康熙时发展到了顶峰。明清时期，还创烧了青花五彩、孔雀绿釉青花、豆青釉青花、青花红彩、黄地青花、哥釉青花等衍生品种。','清代',NULL,NULL,1000,1000,26,0,NULL,2,4,NULL,NULL,NULL,NULL,NULL,0),
(1371,'青花瓷',NULL,'青花瓷又称白地青花瓷，常简称青花，中华陶瓷烧制工艺的珍品。是中国瓷器的主流品种之一，属釉下彩瓷。青花瓷是用含氧化钴的钴矿为原料，在陶瓷坯体上描绘纹饰，再罩上一层透明釉，经高温还原焰一次烧成。钴料烧成后呈蓝色，具有着色力强、发色鲜艳、烧成率高、呈色稳定的特点。原始青花瓷于唐宋已见端倪，成熟的青花瓷则出现在元代景德镇的湖田窑。明代青花成为瓷器的主流。清康熙时发展到了顶峰。明清时期，还创烧了青花五彩、孔雀绿釉青花、豆青釉青花、青花红彩、黄地青花、哥釉青花等衍生品种。','清代',NULL,NULL,1000,1000,26,0,NULL,2,1,NULL,NULL,NULL,NULL,NULL,0),
(1372,'青花瓷',NULL,'青花瓷又称白地青花瓷，常简称青花，中华陶瓷烧制工艺的珍品。是中国瓷器的主流品种之一，属釉下彩瓷。青花瓷是用含氧化钴的钴矿为原料，在陶瓷坯体上描绘纹饰，再罩上一层透明釉，经高温还原焰一次烧成。钴料烧成后呈蓝色，具有着色力强、发色鲜艳、烧成率高、呈色稳定的特点。原始青花瓷于唐宋已见端倪，成熟的青花瓷则出现在元代景德镇的湖田窑。明代青花成为瓷器的主流。清康熙时发展到了顶峰。明清时期，还创烧了青花五彩、孔雀绿釉青花、豆青釉青花、青花红彩、黄地青花、哥釉青花等衍生品种。','清代',NULL,NULL,1000,1000,26,0,NULL,2,1,NULL,NULL,NULL,NULL,NULL,0),
(1373,'青花瓷',NULL,'青花瓷又称白地青花瓷，常简称青花，中华陶瓷烧制工艺的珍品。是中国瓷器的主流品种之一，属釉下彩瓷。青花瓷是用含氧化钴的钴矿为原料，在陶瓷坯体上描绘纹饰，再罩上一层透明釉，经高温还原焰一次烧成。钴料烧成后呈蓝色，具有着色力强、发色鲜艳、烧成率高、呈色稳定的特点。原始青花瓷于唐宋已见端倪，成熟的青花瓷则出现在元代景德镇的湖田窑。明代青花成为瓷器的主流。清康熙时发展到了顶峰。明清时期，还创烧了青花五彩、孔雀绿釉青花、豆青釉青花、青花红彩、黄地青花、哥釉青花等衍生品种。','清代',NULL,NULL,1000,1000,26,0,NULL,2,1,NULL,NULL,NULL,NULL,NULL,0),
(1374,'青花瓷',NULL,'青花瓷又称白地青花瓷，常简称青花，中华陶瓷烧制工艺的珍品。是中国瓷器的主流品种之一，属釉下彩瓷。青花瓷是用含氧化钴的钴矿为原料，在陶瓷坯体上描绘纹饰，再罩上一层透明釉，经高温还原焰一次烧成。钴料烧成后呈蓝色，具有着色力强、发色鲜艳、烧成率高、呈色稳定的特点。原始青花瓷于唐宋已见端倪，成熟的青花瓷则出现在元代景德镇的湖田窑。明代青花成为瓷器的主流。清康熙时发展到了顶峰。明清时期，还创烧了青花五彩、孔雀绿釉青花、豆青釉青花、青花红彩、黄地青花、哥釉青花等衍生品种。','清代',NULL,NULL,1000,1000,26,0,NULL,2,1,NULL,NULL,NULL,NULL,NULL,0),
(1375,'青花瓷',NULL,'青花瓷又称白地青花瓷，常简称青花，中华陶瓷烧制工艺的珍品。是中国瓷器的主流品种之一，属釉下彩瓷。青花瓷是用含氧化钴的钴矿为原料，在陶瓷坯体上描绘纹饰，再罩上一层透明釉，经高温还原焰一次烧成。钴料烧成后呈蓝色，具有着色力强、发色鲜艳、烧成率高、呈色稳定的特点。原始青花瓷于唐宋已见端倪，成熟的青花瓷则出现在元代景德镇的湖田窑。明代青花成为瓷器的主流。清康熙时发展到了顶峰。明清时期，还创烧了青花五彩、孔雀绿釉青花、豆青釉青花、青花红彩、黄地青花、哥釉青花等衍生品种。','清代',NULL,NULL,1000,1000,26,0,NULL,2,1,NULL,NULL,NULL,NULL,NULL,0),
(1376,'青花瓷',NULL,'青花瓷又称白地青花瓷，常简称青花，中华陶瓷烧制工艺的珍品。是中国瓷器的主流品种之一，属釉下彩瓷。青花瓷是用含氧化钴的钴矿为原料，在陶瓷坯体上描绘纹饰，再罩上一层透明釉，经高温还原焰一次烧成。钴料烧成后呈蓝色，具有着色力强、发色鲜艳、烧成率高、呈色稳定的特点。原始青花瓷于唐宋已见端倪，成熟的青花瓷则出现在元代景德镇的湖田窑。明代青花成为瓷器的主流。清康熙时发展到了顶峰。明清时期，还创烧了青花五彩、孔雀绿釉青花、豆青釉青花、青花红彩、黄地青花、哥釉青花等衍生品种。','清代',NULL,NULL,1000,1000,26,0,NULL,2,4,NULL,NULL,NULL,NULL,NULL,0),
(1377,'青花瓷',NULL,'青花瓷又称白地青花瓷，常简称青花，中华陶瓷烧制工艺的珍品。是中国瓷器的主流品种之一，属釉下彩瓷。青花瓷是用含氧化钴的钴矿为原料，在陶瓷坯体上描绘纹饰，再罩上一层透明釉，经高温还原焰一次烧成。钴料烧成后呈蓝色，具有着色力强、发色鲜艳、烧成率高、呈色稳定的特点。原始青花瓷于唐宋已见端倪，成熟的青花瓷则出现在元代景德镇的湖田窑。明代青花成为瓷器的主流。清康熙时发展到了顶峰。明清时期，还创烧了青花五彩、孔雀绿釉青花、豆青釉青花、青花红彩、黄地青花、哥釉青花等衍生品种。','清代',NULL,NULL,1000,1000,26,0,NULL,2,4,NULL,NULL,NULL,NULL,NULL,0),
(1378,'青花瓷',NULL,'青花瓷又称白地青花瓷，常简称青花，中华陶瓷烧制工艺的珍品。是中国瓷器的主流品种之一，属釉下彩瓷。青花瓷是用含氧化钴的钴矿为原料，在陶瓷坯体上描绘纹饰，再罩上一层透明釉，经高温还原焰一次烧成。钴料烧成后呈蓝色，具有着色力强、发色鲜艳、烧成率高、呈色稳定的特点。原始青花瓷于唐宋已见端倪，成熟的青花瓷则出现在元代景德镇的湖田窑。明代青花成为瓷器的主流。清康熙时发展到了顶峰。明清时期，还创烧了青花五彩、孔雀绿釉青花、豆青釉青花、青花红彩、黄地青花、哥釉青花等衍生品种。','清代',NULL,NULL,1000,1000,26,0,NULL,2,4,NULL,NULL,NULL,NULL,NULL,0),
(1379,'青花瓷',NULL,'青花瓷又称白地青花瓷，常简称青花，中华陶瓷烧制工艺的珍品。是中国瓷器的主流品种之一，属釉下彩瓷。青花瓷是用含氧化钴的钴矿为原料，在陶瓷坯体上描绘纹饰，再罩上一层透明釉，经高温还原焰一次烧成。钴料烧成后呈蓝色，具有着色力强、发色鲜艳、烧成率高、呈色稳定的特点。原始青花瓷于唐宋已见端倪，成熟的青花瓷则出现在元代景德镇的湖田窑。明代青花成为瓷器的主流。清康熙时发展到了顶峰。明清时期，还创烧了青花五彩、孔雀绿釉青花、豆青釉青花、青花红彩、黄地青花、哥釉青花等衍生品种。','清代',NULL,NULL,1000,1000,26,0,NULL,2,4,NULL,NULL,NULL,NULL,NULL,0),
(1380,'青花瓷',NULL,'青花瓷又称白地青花瓷，常简称青花，中华陶瓷烧制工艺的珍品。是中国瓷器的主流品种之一，属釉下彩瓷。青花瓷是用含氧化钴的钴矿为原料，在陶瓷坯体上描绘纹饰，再罩上一层透明釉，经高温还原焰一次烧成。钴料烧成后呈蓝色，具有着色力强、发色鲜艳、烧成率高、呈色稳定的特点。原始青花瓷于唐宋已见端倪，成熟的青花瓷则出现在元代景德镇的湖田窑。明代青花成为瓷器的主流。清康熙时发展到了顶峰。明清时期，还创烧了青花五彩、孔雀绿釉青花、豆青釉青花、青花红彩、黄地青花、哥釉青花等衍生品种。','清代',NULL,NULL,1000,1000,26,0,NULL,2,4,NULL,NULL,NULL,NULL,NULL,0),
(1381,'青花瓷',NULL,'青花瓷又称白地青花瓷，常简称青花，中华陶瓷烧制工艺的珍品。是中国瓷器的主流品种之一，属釉下彩瓷。青花瓷是用含氧化钴的钴矿为原料，在陶瓷坯体上描绘纹饰，再罩上一层透明釉，经高温还原焰一次烧成。钴料烧成后呈蓝色，具有着色力强、发色鲜艳、烧成率高、呈色稳定的特点。原始青花瓷于唐宋已见端倪，成熟的青花瓷则出现在元代景德镇的湖田窑。明代青花成为瓷器的主流。清康熙时发展到了顶峰。明清时期，还创烧了青花五彩、孔雀绿釉青花、豆青釉青花、青花红彩、黄地青花、哥釉青花等衍生品种。','清代',NULL,NULL,1000,1000,26,0,NULL,2,1,NULL,NULL,NULL,NULL,NULL,0),
(1382,'青花瓷',NULL,'青花瓷又称白地青花瓷，常简称青花，中华陶瓷烧制工艺的珍品。是中国瓷器的主流品种之一，属釉下彩瓷。青花瓷是用含氧化钴的钴矿为原料，在陶瓷坯体上描绘纹饰，再罩上一层透明釉，经高温还原焰一次烧成。钴料烧成后呈蓝色，具有着色力强、发色鲜艳、烧成率高、呈色稳定的特点。原始青花瓷于唐宋已见端倪，成熟的青花瓷则出现在元代景德镇的湖田窑。明代青花成为瓷器的主流。清康熙时发展到了顶峰。明清时期，还创烧了青花五彩、孔雀绿釉青花、豆青釉青花、青花红彩、黄地青花、哥釉青花等衍生品种。','清代',NULL,NULL,1000,1000,26,0,NULL,2,1,NULL,NULL,NULL,NULL,NULL,0),
(1383,'青花瓷',NULL,'青花瓷又称白地青花瓷，常简称青花，中华陶瓷烧制工艺的珍品。是中国瓷器的主流品种之一，属釉下彩瓷。青花瓷是用含氧化钴的钴矿为原料，在陶瓷坯体上描绘纹饰，再罩上一层透明釉，经高温还原焰一次烧成。钴料烧成后呈蓝色，具有着色力强、发色鲜艳、烧成率高、呈色稳定的特点。原始青花瓷于唐宋已见端倪，成熟的青花瓷则出现在元代景德镇的湖田窑。明代青花成为瓷器的主流。清康熙时发展到了顶峰。明清时期，还创烧了青花五彩、孔雀绿釉青花、豆青釉青花、青花红彩、黄地青花、哥釉青花等衍生品种。','清代',NULL,NULL,1000,1000,26,0,NULL,2,1,NULL,NULL,NULL,NULL,NULL,0),
(1384,'青花瓷',NULL,'青花瓷又称白地青花瓷，常简称青花，中华陶瓷烧制工艺的珍品。是中国瓷器的主流品种之一，属釉下彩瓷。青花瓷是用含氧化钴的钴矿为原料，在陶瓷坯体上描绘纹饰，再罩上一层透明釉，经高温还原焰一次烧成。钴料烧成后呈蓝色，具有着色力强、发色鲜艳、烧成率高、呈色稳定的特点。原始青花瓷于唐宋已见端倪，成熟的青花瓷则出现在元代景德镇的湖田窑。明代青花成为瓷器的主流。清康熙时发展到了顶峰。明清时期，还创烧了青花五彩、孔雀绿釉青花、豆青釉青花、青花红彩、黄地青花、哥釉青花等衍生品种。','清代',NULL,NULL,1000,1000,26,0,NULL,2,1,NULL,NULL,NULL,NULL,NULL,0),
(1385,'青花瓷',NULL,'青花瓷又称白地青花瓷，常简称青花，中华陶瓷烧制工艺的珍品。是中国瓷器的主流品种之一，属釉下彩瓷。青花瓷是用含氧化钴的钴矿为原料，在陶瓷坯体上描绘纹饰，再罩上一层透明釉，经高温还原焰一次烧成。钴料烧成后呈蓝色，具有着色力强、发色鲜艳、烧成率高、呈色稳定的特点。原始青花瓷于唐宋已见端倪，成熟的青花瓷则出现在元代景德镇的湖田窑。明代青花成为瓷器的主流。清康熙时发展到了顶峰。明清时期，还创烧了青花五彩、孔雀绿釉青花、豆青釉青花、青花红彩、黄地青花、哥釉青花等衍生品种。','清代',NULL,NULL,1000,1000,26,0,NULL,2,1,NULL,NULL,NULL,NULL,NULL,0),
(1386,'青花瓷',NULL,'青花瓷又称白地青花瓷，常简称青花，中华陶瓷烧制工艺的珍品。是中国瓷器的主流品种之一，属釉下彩瓷。青花瓷是用含氧化钴的钴矿为原料，在陶瓷坯体上描绘纹饰，再罩上一层透明釉，经高温还原焰一次烧成。钴料烧成后呈蓝色，具有着色力强、发色鲜艳、烧成率高、呈色稳定的特点。原始青花瓷于唐宋已见端倪，成熟的青花瓷则出现在元代景德镇的湖田窑。明代青花成为瓷器的主流。清康熙时发展到了顶峰。明清时期，还创烧了青花五彩、孔雀绿釉青花、豆青釉青花、青花红彩、黄地青花、哥釉青花等衍生品种。','清代',NULL,NULL,1000,1000,26,0,NULL,2,4,NULL,NULL,NULL,NULL,NULL,0),
(1387,'青花瓷',NULL,'青花瓷又称白地青花瓷，常简称青花，中华陶瓷烧制工艺的珍品。是中国瓷器的主流品种之一，属釉下彩瓷。青花瓷是用含氧化钴的钴矿为原料，在陶瓷坯体上描绘纹饰，再罩上一层透明釉，经高温还原焰一次烧成。钴料烧成后呈蓝色，具有着色力强、发色鲜艳、烧成率高、呈色稳定的特点。原始青花瓷于唐宋已见端倪，成熟的青花瓷则出现在元代景德镇的湖田窑。明代青花成为瓷器的主流。清康熙时发展到了顶峰。明清时期，还创烧了青花五彩、孔雀绿釉青花、豆青釉青花、青花红彩、黄地青花、哥釉青花等衍生品种。','清代',NULL,NULL,1000,1000,26,0,NULL,2,4,NULL,NULL,NULL,NULL,NULL,0),
(1388,'青花瓷',NULL,'青花瓷又称白地青花瓷，常简称青花，中华陶瓷烧制工艺的珍品。是中国瓷器的主流品种之一，属釉下彩瓷。青花瓷是用含氧化钴的钴矿为原料，在陶瓷坯体上描绘纹饰，再罩上一层透明釉，经高温还原焰一次烧成。钴料烧成后呈蓝色，具有着色力强、发色鲜艳、烧成率高、呈色稳定的特点。原始青花瓷于唐宋已见端倪，成熟的青花瓷则出现在元代景德镇的湖田窑。明代青花成为瓷器的主流。清康熙时发展到了顶峰。明清时期，还创烧了青花五彩、孔雀绿釉青花、豆青釉青花、青花红彩、黄地青花、哥釉青花等衍生品种。','清代',NULL,NULL,1000,1000,26,0,NULL,2,4,NULL,NULL,NULL,NULL,NULL,0),
(1389,'青花瓷',NULL,'青花瓷又称白地青花瓷，常简称青花，中华陶瓷烧制工艺的珍品。是中国瓷器的主流品种之一，属釉下彩瓷。青花瓷是用含氧化钴的钴矿为原料，在陶瓷坯体上描绘纹饰，再罩上一层透明釉，经高温还原焰一次烧成。钴料烧成后呈蓝色，具有着色力强、发色鲜艳、烧成率高、呈色稳定的特点。原始青花瓷于唐宋已见端倪，成熟的青花瓷则出现在元代景德镇的湖田窑。明代青花成为瓷器的主流。清康熙时发展到了顶峰。明清时期，还创烧了青花五彩、孔雀绿釉青花、豆青釉青花、青花红彩、黄地青花、哥釉青花等衍生品种。','清代',NULL,NULL,1000,1000,26,0,NULL,2,4,NULL,NULL,NULL,NULL,NULL,0),
(1390,'青花瓷',NULL,'青花瓷又称白地青花瓷，常简称青花，中华陶瓷烧制工艺的珍品。是中国瓷器的主流品种之一，属釉下彩瓷。青花瓷是用含氧化钴的钴矿为原料，在陶瓷坯体上描绘纹饰，再罩上一层透明釉，经高温还原焰一次烧成。钴料烧成后呈蓝色，具有着色力强、发色鲜艳、烧成率高、呈色稳定的特点。原始青花瓷于唐宋已见端倪，成熟的青花瓷则出现在元代景德镇的湖田窑。明代青花成为瓷器的主流。清康熙时发展到了顶峰。明清时期，还创烧了青花五彩、孔雀绿釉青花、豆青釉青花、青花红彩、黄地青花、哥釉青花等衍生品种。','清代',NULL,NULL,1000,1000,26,0,NULL,2,4,NULL,NULL,NULL,NULL,NULL,0),
(1391,'青花瓷',NULL,'青花瓷又称白地青花瓷，常简称青花，中华陶瓷烧制工艺的珍品。是中国瓷器的主流品种之一，属釉下彩瓷。青花瓷是用含氧化钴的钴矿为原料，在陶瓷坯体上描绘纹饰，再罩上一层透明釉，经高温还原焰一次烧成。钴料烧成后呈蓝色，具有着色力强、发色鲜艳、烧成率高、呈色稳定的特点。原始青花瓷于唐宋已见端倪，成熟的青花瓷则出现在元代景德镇的湖田窑。明代青花成为瓷器的主流。清康熙时发展到了顶峰。明清时期，还创烧了青花五彩、孔雀绿釉青花、豆青釉青花、青花红彩、黄地青花、哥釉青花等衍生品种。','清代',NULL,NULL,1000,1000,26,0,NULL,2,1,NULL,NULL,NULL,NULL,NULL,0),
(1392,'青花瓷',NULL,'青花瓷又称白地青花瓷，常简称青花，中华陶瓷烧制工艺的珍品。是中国瓷器的主流品种之一，属釉下彩瓷。青花瓷是用含氧化钴的钴矿为原料，在陶瓷坯体上描绘纹饰，再罩上一层透明釉，经高温还原焰一次烧成。钴料烧成后呈蓝色，具有着色力强、发色鲜艳、烧成率高、呈色稳定的特点。原始青花瓷于唐宋已见端倪，成熟的青花瓷则出现在元代景德镇的湖田窑。明代青花成为瓷器的主流。清康熙时发展到了顶峰。明清时期，还创烧了青花五彩、孔雀绿釉青花、豆青釉青花、青花红彩、黄地青花、哥釉青花等衍生品种。','清代',NULL,NULL,1000,1000,26,0,NULL,2,1,NULL,NULL,NULL,NULL,NULL,0),
(1393,'青花瓷',NULL,'青花瓷又称白地青花瓷，常简称青花，中华陶瓷烧制工艺的珍品。是中国瓷器的主流品种之一，属釉下彩瓷。青花瓷是用含氧化钴的钴矿为原料，在陶瓷坯体上描绘纹饰，再罩上一层透明釉，经高温还原焰一次烧成。钴料烧成后呈蓝色，具有着色力强、发色鲜艳、烧成率高、呈色稳定的特点。原始青花瓷于唐宋已见端倪，成熟的青花瓷则出现在元代景德镇的湖田窑。明代青花成为瓷器的主流。清康熙时发展到了顶峰。明清时期，还创烧了青花五彩、孔雀绿釉青花、豆青釉青花、青花红彩、黄地青花、哥釉青花等衍生品种。','清代',NULL,NULL,1000,1000,26,0,NULL,2,1,NULL,NULL,NULL,NULL,NULL,0),
(1394,'青花瓷',NULL,'青花瓷又称白地青花瓷，常简称青花，中华陶瓷烧制工艺的珍品。是中国瓷器的主流品种之一，属釉下彩瓷。青花瓷是用含氧化钴的钴矿为原料，在陶瓷坯体上描绘纹饰，再罩上一层透明釉，经高温还原焰一次烧成。钴料烧成后呈蓝色，具有着色力强、发色鲜艳、烧成率高、呈色稳定的特点。原始青花瓷于唐宋已见端倪，成熟的青花瓷则出现在元代景德镇的湖田窑。明代青花成为瓷器的主流。清康熙时发展到了顶峰。明清时期，还创烧了青花五彩、孔雀绿釉青花、豆青釉青花、青花红彩、黄地青花、哥釉青花等衍生品种。','清代',NULL,NULL,1000,1000,26,0,NULL,2,1,NULL,NULL,NULL,NULL,NULL,0),
(1395,'青花瓷',NULL,'青花瓷又称白地青花瓷，常简称青花，中华陶瓷烧制工艺的珍品。是中国瓷器的主流品种之一，属釉下彩瓷。青花瓷是用含氧化钴的钴矿为原料，在陶瓷坯体上描绘纹饰，再罩上一层透明釉，经高温还原焰一次烧成。钴料烧成后呈蓝色，具有着色力强、发色鲜艳、烧成率高、呈色稳定的特点。原始青花瓷于唐宋已见端倪，成熟的青花瓷则出现在元代景德镇的湖田窑。明代青花成为瓷器的主流。清康熙时发展到了顶峰。明清时期，还创烧了青花五彩、孔雀绿釉青花、豆青釉青花、青花红彩、黄地青花、哥釉青花等衍生品种。','清代',NULL,NULL,1000,1000,26,0,NULL,2,1,NULL,NULL,NULL,NULL,NULL,0),
(1396,'青花瓷',NULL,'青花瓷又称白地青花瓷，常简称青花，中华陶瓷烧制工艺的珍品。是中国瓷器的主流品种之一，属釉下彩瓷。青花瓷是用含氧化钴的钴矿为原料，在陶瓷坯体上描绘纹饰，再罩上一层透明釉，经高温还原焰一次烧成。钴料烧成后呈蓝色，具有着色力强、发色鲜艳、烧成率高、呈色稳定的特点。原始青花瓷于唐宋已见端倪，成熟的青花瓷则出现在元代景德镇的湖田窑。明代青花成为瓷器的主流。清康熙时发展到了顶峰。明清时期，还创烧了青花五彩、孔雀绿釉青花、豆青釉青花、青花红彩、黄地青花、哥釉青花等衍生品种。','清代',NULL,NULL,1000,1000,26,0,NULL,2,4,NULL,NULL,NULL,NULL,NULL,0),
(1397,'青花瓷',NULL,'青花瓷又称白地青花瓷，常简称青花，中华陶瓷烧制工艺的珍品。是中国瓷器的主流品种之一，属釉下彩瓷。青花瓷是用含氧化钴的钴矿为原料，在陶瓷坯体上描绘纹饰，再罩上一层透明釉，经高温还原焰一次烧成。钴料烧成后呈蓝色，具有着色力强、发色鲜艳、烧成率高、呈色稳定的特点。原始青花瓷于唐宋已见端倪，成熟的青花瓷则出现在元代景德镇的湖田窑。明代青花成为瓷器的主流。清康熙时发展到了顶峰。明清时期，还创烧了青花五彩、孔雀绿釉青花、豆青釉青花、青花红彩、黄地青花、哥釉青花等衍生品种。','清代',NULL,NULL,1000,1000,26,0,NULL,2,4,NULL,NULL,NULL,NULL,NULL,0),
(1398,'青花瓷',NULL,'青花瓷又称白地青花瓷，常简称青花，中华陶瓷烧制工艺的珍品。是中国瓷器的主流品种之一，属釉下彩瓷。青花瓷是用含氧化钴的钴矿为原料，在陶瓷坯体上描绘纹饰，再罩上一层透明釉，经高温还原焰一次烧成。钴料烧成后呈蓝色，具有着色力强、发色鲜艳、烧成率高、呈色稳定的特点。原始青花瓷于唐宋已见端倪，成熟的青花瓷则出现在元代景德镇的湖田窑。明代青花成为瓷器的主流。清康熙时发展到了顶峰。明清时期，还创烧了青花五彩、孔雀绿釉青花、豆青釉青花、青花红彩、黄地青花、哥釉青花等衍生品种。','清代',NULL,NULL,1000,1000,26,0,NULL,2,4,NULL,NULL,NULL,NULL,NULL,0),
(1399,'青花瓷',NULL,'青花瓷又称白地青花瓷，常简称青花，中华陶瓷烧制工艺的珍品。是中国瓷器的主流品种之一，属釉下彩瓷。青花瓷是用含氧化钴的钴矿为原料，在陶瓷坯体上描绘纹饰，再罩上一层透明釉，经高温还原焰一次烧成。钴料烧成后呈蓝色，具有着色力强、发色鲜艳、烧成率高、呈色稳定的特点。原始青花瓷于唐宋已见端倪，成熟的青花瓷则出现在元代景德镇的湖田窑。明代青花成为瓷器的主流。清康熙时发展到了顶峰。明清时期，还创烧了青花五彩、孔雀绿釉青花、豆青釉青花、青花红彩、黄地青花、哥釉青花等衍生品种。','清代',NULL,NULL,1000,1000,26,0,NULL,2,4,NULL,NULL,NULL,NULL,NULL,0),
(1400,'青花瓷',NULL,'青花瓷又称白地青花瓷，常简称青花，中华陶瓷烧制工艺的珍品。是中国瓷器的主流品种之一，属釉下彩瓷。青花瓷是用含氧化钴的钴矿为原料，在陶瓷坯体上描绘纹饰，再罩上一层透明釉，经高温还原焰一次烧成。钴料烧成后呈蓝色，具有着色力强、发色鲜艳、烧成率高、呈色稳定的特点。原始青花瓷于唐宋已见端倪，成熟的青花瓷则出现在元代景德镇的湖田窑。明代青花成为瓷器的主流。清康熙时发展到了顶峰。明清时期，还创烧了青花五彩、孔雀绿釉青花、豆青釉青花、青花红彩、黄地青花、哥釉青花等衍生品种。','清代',NULL,NULL,1000,1000,26,0,NULL,2,4,NULL,NULL,NULL,NULL,NULL,0),
(1401,'青花瓷',NULL,'青花瓷又称白地青花瓷，常简称青花，中华陶瓷烧制工艺的珍品。是中国瓷器的主流品种之一，属釉下彩瓷。青花瓷是用含氧化钴的钴矿为原料，在陶瓷坯体上描绘纹饰，再罩上一层透明釉，经高温还原焰一次烧成。钴料烧成后呈蓝色，具有着色力强、发色鲜艳、烧成率高、呈色稳定的特点。原始青花瓷于唐宋已见端倪，成熟的青花瓷则出现在元代景德镇的湖田窑。明代青花成为瓷器的主流。清康熙时发展到了顶峰。明清时期，还创烧了青花五彩、孔雀绿釉青花、豆青釉青花、青花红彩、黄地青花、哥釉青花等衍生品种。','清代',NULL,NULL,1000,1000,26,0,NULL,2,1,NULL,NULL,NULL,NULL,NULL,0),
(1402,'青花瓷',NULL,'青花瓷又称白地青花瓷，常简称青花，中华陶瓷烧制工艺的珍品。是中国瓷器的主流品种之一，属釉下彩瓷。青花瓷是用含氧化钴的钴矿为原料，在陶瓷坯体上描绘纹饰，再罩上一层透明釉，经高温还原焰一次烧成。钴料烧成后呈蓝色，具有着色力强、发色鲜艳、烧成率高、呈色稳定的特点。原始青花瓷于唐宋已见端倪，成熟的青花瓷则出现在元代景德镇的湖田窑。明代青花成为瓷器的主流。清康熙时发展到了顶峰。明清时期，还创烧了青花五彩、孔雀绿釉青花、豆青釉青花、青花红彩、黄地青花、哥釉青花等衍生品种。','清代',NULL,NULL,1000,1000,26,0,NULL,2,1,NULL,NULL,NULL,NULL,NULL,0),
(1403,'青花瓷',NULL,'青花瓷又称白地青花瓷，常简称青花，中华陶瓷烧制工艺的珍品。是中国瓷器的主流品种之一，属釉下彩瓷。青花瓷是用含氧化钴的钴矿为原料，在陶瓷坯体上描绘纹饰，再罩上一层透明釉，经高温还原焰一次烧成。钴料烧成后呈蓝色，具有着色力强、发色鲜艳、烧成率高、呈色稳定的特点。原始青花瓷于唐宋已见端倪，成熟的青花瓷则出现在元代景德镇的湖田窑。明代青花成为瓷器的主流。清康熙时发展到了顶峰。明清时期，还创烧了青花五彩、孔雀绿釉青花、豆青釉青花、青花红彩、黄地青花、哥釉青花等衍生品种。','清代',NULL,NULL,1000,1000,26,0,NULL,2,1,NULL,NULL,NULL,NULL,NULL,0),
(1404,'青花瓷',NULL,'青花瓷又称白地青花瓷，常简称青花，中华陶瓷烧制工艺的珍品。是中国瓷器的主流品种之一，属釉下彩瓷。青花瓷是用含氧化钴的钴矿为原料，在陶瓷坯体上描绘纹饰，再罩上一层透明釉，经高温还原焰一次烧成。钴料烧成后呈蓝色，具有着色力强、发色鲜艳、烧成率高、呈色稳定的特点。原始青花瓷于唐宋已见端倪，成熟的青花瓷则出现在元代景德镇的湖田窑。明代青花成为瓷器的主流。清康熙时发展到了顶峰。明清时期，还创烧了青花五彩、孔雀绿釉青花、豆青釉青花、青花红彩、黄地青花、哥釉青花等衍生品种。','清代',NULL,NULL,1000,1000,26,0,NULL,2,1,NULL,NULL,NULL,NULL,NULL,0),
(1405,'青花瓷',NULL,'青花瓷又称白地青花瓷，常简称青花，中华陶瓷烧制工艺的珍品。是中国瓷器的主流品种之一，属釉下彩瓷。青花瓷是用含氧化钴的钴矿为原料，在陶瓷坯体上描绘纹饰，再罩上一层透明釉，经高温还原焰一次烧成。钴料烧成后呈蓝色，具有着色力强、发色鲜艳、烧成率高、呈色稳定的特点。原始青花瓷于唐宋已见端倪，成熟的青花瓷则出现在元代景德镇的湖田窑。明代青花成为瓷器的主流。清康熙时发展到了顶峰。明清时期，还创烧了青花五彩、孔雀绿釉青花、豆青釉青花、青花红彩、黄地青花、哥釉青花等衍生品种。','清代',NULL,NULL,1000,1000,26,0,NULL,2,1,NULL,NULL,NULL,NULL,NULL,0),
(1406,'猫眼',NULL,'猫眼是指具有猫眼效应的金绿宝石，在所有宝石中，具有猫眼效应的宝石品种很多。但在国家标准中，只有具有猫眼效应的金绿宝石才能真正称呼为猫眼，其它具有猫眼效应的宝石都不能直接称为猫眼。宝石学界把具有猫眼效应的金绿宝石称之为猫眼石。一般所说的猫眼石指的是金绿猫眼宝石，而其它具有猫眼效应的宝石，必须在“猫眼”二字之前加上宝石的名称，如海蓝宝石猫眼、电气石猫眼等。','现代',NULL,NULL,1000,1000,26,0,NULL,3,4,NULL,NULL,NULL,NULL,NULL,0),
(1407,'猫眼',NULL,'猫眼是指具有猫眼效应的金绿宝石，在所有宝石中，具有猫眼效应的宝石品种很多。但在国家标准中，只有具有猫眼效应的金绿宝石才能真正称呼为猫眼，其它具有猫眼效应的宝石都不能直接称为猫眼。宝石学界把具有猫眼效应的金绿宝石称之为猫眼石。一般所说的猫眼石指的是金绿猫眼宝石，而其它具有猫眼效应的宝石，必须在“猫眼”二字之前加上宝石的名称，如海蓝宝石猫眼、电气石猫眼等。','现代',NULL,NULL,1000,1000,26,0,NULL,3,4,NULL,NULL,NULL,NULL,NULL,0),
(1408,'猫眼',NULL,'猫眼是指具有猫眼效应的金绿宝石，在所有宝石中，具有猫眼效应的宝石品种很多。但在国家标准中，只有具有猫眼效应的金绿宝石才能真正称呼为猫眼，其它具有猫眼效应的宝石都不能直接称为猫眼。宝石学界把具有猫眼效应的金绿宝石称之为猫眼石。一般所说的猫眼石指的是金绿猫眼宝石，而其它具有猫眼效应的宝石，必须在“猫眼”二字之前加上宝石的名称，如海蓝宝石猫眼、电气石猫眼等。','现代',NULL,NULL,1000,1000,26,0,NULL,3,4,NULL,NULL,NULL,NULL,NULL,0),
(1409,'猫眼',NULL,'猫眼是指具有猫眼效应的金绿宝石，在所有宝石中，具有猫眼效应的宝石品种很多。但在国家标准中，只有具有猫眼效应的金绿宝石才能真正称呼为猫眼，其它具有猫眼效应的宝石都不能直接称为猫眼。宝石学界把具有猫眼效应的金绿宝石称之为猫眼石。一般所说的猫眼石指的是金绿猫眼宝石，而其它具有猫眼效应的宝石，必须在“猫眼”二字之前加上宝石的名称，如海蓝宝石猫眼、电气石猫眼等。','现代',NULL,NULL,1000,1000,26,0,NULL,3,4,NULL,NULL,NULL,NULL,NULL,0),
(1410,'猫眼',NULL,'猫眼是指具有猫眼效应的金绿宝石，在所有宝石中，具有猫眼效应的宝石品种很多。但在国家标准中，只有具有猫眼效应的金绿宝石才能真正称呼为猫眼，其它具有猫眼效应的宝石都不能直接称为猫眼。宝石学界把具有猫眼效应的金绿宝石称之为猫眼石。一般所说的猫眼石指的是金绿猫眼宝石，而其它具有猫眼效应的宝石，必须在“猫眼”二字之前加上宝石的名称，如海蓝宝石猫眼、电气石猫眼等。','现代',NULL,NULL,1000,1000,26,0,NULL,3,4,NULL,NULL,NULL,NULL,NULL,0),
(1411,'猫眼',NULL,'猫眼是指具有猫眼效应的金绿宝石，在所有宝石中，具有猫眼效应的宝石品种很多。但在国家标准中，只有具有猫眼效应的金绿宝石才能真正称呼为猫眼，其它具有猫眼效应的宝石都不能直接称为猫眼。宝石学界把具有猫眼效应的金绿宝石称之为猫眼石。一般所说的猫眼石指的是金绿猫眼宝石，而其它具有猫眼效应的宝石，必须在“猫眼”二字之前加上宝石的名称，如海蓝宝石猫眼、电气石猫眼等。','现代',NULL,NULL,1000,1000,26,0,NULL,3,1,NULL,NULL,NULL,NULL,NULL,0),
(1412,'猫眼',NULL,'猫眼是指具有猫眼效应的金绿宝石，在所有宝石中，具有猫眼效应的宝石品种很多。但在国家标准中，只有具有猫眼效应的金绿宝石才能真正称呼为猫眼，其它具有猫眼效应的宝石都不能直接称为猫眼。宝石学界把具有猫眼效应的金绿宝石称之为猫眼石。一般所说的猫眼石指的是金绿猫眼宝石，而其它具有猫眼效应的宝石，必须在“猫眼”二字之前加上宝石的名称，如海蓝宝石猫眼、电气石猫眼等。','现代',NULL,NULL,1000,1000,26,0,NULL,3,1,NULL,NULL,NULL,NULL,NULL,0),
(1413,'猫眼',NULL,'猫眼是指具有猫眼效应的金绿宝石，在所有宝石中，具有猫眼效应的宝石品种很多。但在国家标准中，只有具有猫眼效应的金绿宝石才能真正称呼为猫眼，其它具有猫眼效应的宝石都不能直接称为猫眼。宝石学界把具有猫眼效应的金绿宝石称之为猫眼石。一般所说的猫眼石指的是金绿猫眼宝石，而其它具有猫眼效应的宝石，必须在“猫眼”二字之前加上宝石的名称，如海蓝宝石猫眼、电气石猫眼等。','现代',NULL,NULL,1000,1000,26,0,NULL,3,1,NULL,NULL,NULL,NULL,NULL,0),
(1414,'猫眼',NULL,'猫眼是指具有猫眼效应的金绿宝石，在所有宝石中，具有猫眼效应的宝石品种很多。但在国家标准中，只有具有猫眼效应的金绿宝石才能真正称呼为猫眼，其它具有猫眼效应的宝石都不能直接称为猫眼。宝石学界把具有猫眼效应的金绿宝石称之为猫眼石。一般所说的猫眼石指的是金绿猫眼宝石，而其它具有猫眼效应的宝石，必须在“猫眼”二字之前加上宝石的名称，如海蓝宝石猫眼、电气石猫眼等。','现代',NULL,NULL,1000,1000,26,0,NULL,3,1,NULL,NULL,NULL,NULL,NULL,0),
(1415,'猫眼',NULL,'猫眼是指具有猫眼效应的金绿宝石，在所有宝石中，具有猫眼效应的宝石品种很多。但在国家标准中，只有具有猫眼效应的金绿宝石才能真正称呼为猫眼，其它具有猫眼效应的宝石都不能直接称为猫眼。宝石学界把具有猫眼效应的金绿宝石称之为猫眼石。一般所说的猫眼石指的是金绿猫眼宝石，而其它具有猫眼效应的宝石，必须在“猫眼”二字之前加上宝石的名称，如海蓝宝石猫眼、电气石猫眼等。','现代',NULL,NULL,1000,1000,26,0,NULL,3,1,NULL,NULL,NULL,NULL,NULL,0),
(1416,'猫眼',NULL,'猫眼是指具有猫眼效应的金绿宝石，在所有宝石中，具有猫眼效应的宝石品种很多。但在国家标准中，只有具有猫眼效应的金绿宝石才能真正称呼为猫眼，其它具有猫眼效应的宝石都不能直接称为猫眼。宝石学界把具有猫眼效应的金绿宝石称之为猫眼石。一般所说的猫眼石指的是金绿猫眼宝石，而其它具有猫眼效应的宝石，必须在“猫眼”二字之前加上宝石的名称，如海蓝宝石猫眼、电气石猫眼等。','现代',NULL,NULL,1000,1000,26,0,NULL,3,4,NULL,NULL,NULL,NULL,NULL,0),
(1417,'猫眼',NULL,'猫眼是指具有猫眼效应的金绿宝石，在所有宝石中，具有猫眼效应的宝石品种很多。但在国家标准中，只有具有猫眼效应的金绿宝石才能真正称呼为猫眼，其它具有猫眼效应的宝石都不能直接称为猫眼。宝石学界把具有猫眼效应的金绿宝石称之为猫眼石。一般所说的猫眼石指的是金绿猫眼宝石，而其它具有猫眼效应的宝石，必须在“猫眼”二字之前加上宝石的名称，如海蓝宝石猫眼、电气石猫眼等。','现代',NULL,NULL,1000,1000,26,0,NULL,3,4,NULL,NULL,NULL,NULL,NULL,0),
(1418,'猫眼',NULL,'猫眼是指具有猫眼效应的金绿宝石，在所有宝石中，具有猫眼效应的宝石品种很多。但在国家标准中，只有具有猫眼效应的金绿宝石才能真正称呼为猫眼，其它具有猫眼效应的宝石都不能直接称为猫眼。宝石学界把具有猫眼效应的金绿宝石称之为猫眼石。一般所说的猫眼石指的是金绿猫眼宝石，而其它具有猫眼效应的宝石，必须在“猫眼”二字之前加上宝石的名称，如海蓝宝石猫眼、电气石猫眼等。','现代',NULL,NULL,1000,1000,26,0,NULL,3,4,NULL,NULL,NULL,NULL,NULL,0),
(1419,'猫眼',NULL,'猫眼是指具有猫眼效应的金绿宝石，在所有宝石中，具有猫眼效应的宝石品种很多。但在国家标准中，只有具有猫眼效应的金绿宝石才能真正称呼为猫眼，其它具有猫眼效应的宝石都不能直接称为猫眼。宝石学界把具有猫眼效应的金绿宝石称之为猫眼石。一般所说的猫眼石指的是金绿猫眼宝石，而其它具有猫眼效应的宝石，必须在“猫眼”二字之前加上宝石的名称，如海蓝宝石猫眼、电气石猫眼等。','现代',NULL,NULL,1000,1000,26,0,NULL,3,4,NULL,NULL,NULL,NULL,NULL,0),
(1420,'猫眼',NULL,'猫眼是指具有猫眼效应的金绿宝石，在所有宝石中，具有猫眼效应的宝石品种很多。但在国家标准中，只有具有猫眼效应的金绿宝石才能真正称呼为猫眼，其它具有猫眼效应的宝石都不能直接称为猫眼。宝石学界把具有猫眼效应的金绿宝石称之为猫眼石。一般所说的猫眼石指的是金绿猫眼宝石，而其它具有猫眼效应的宝石，必须在“猫眼”二字之前加上宝石的名称，如海蓝宝石猫眼、电气石猫眼等。','现代',NULL,NULL,1000,1000,26,0,NULL,3,4,NULL,NULL,NULL,NULL,NULL,0),
(1421,'猫眼',NULL,'猫眼是指具有猫眼效应的金绿宝石，在所有宝石中，具有猫眼效应的宝石品种很多。但在国家标准中，只有具有猫眼效应的金绿宝石才能真正称呼为猫眼，其它具有猫眼效应的宝石都不能直接称为猫眼。宝石学界把具有猫眼效应的金绿宝石称之为猫眼石。一般所说的猫眼石指的是金绿猫眼宝石，而其它具有猫眼效应的宝石，必须在“猫眼”二字之前加上宝石的名称，如海蓝宝石猫眼、电气石猫眼等。','现代',NULL,NULL,1000,1000,26,0,NULL,3,1,NULL,NULL,NULL,NULL,NULL,0),
(1422,'猫眼',NULL,'猫眼是指具有猫眼效应的金绿宝石，在所有宝石中，具有猫眼效应的宝石品种很多。但在国家标准中，只有具有猫眼效应的金绿宝石才能真正称呼为猫眼，其它具有猫眼效应的宝石都不能直接称为猫眼。宝石学界把具有猫眼效应的金绿宝石称之为猫眼石。一般所说的猫眼石指的是金绿猫眼宝石，而其它具有猫眼效应的宝石，必须在“猫眼”二字之前加上宝石的名称，如海蓝宝石猫眼、电气石猫眼等。','现代',NULL,NULL,1000,1000,26,0,NULL,3,1,NULL,NULL,NULL,NULL,NULL,0),
(1423,'猫眼',NULL,'猫眼是指具有猫眼效应的金绿宝石，在所有宝石中，具有猫眼效应的宝石品种很多。但在国家标准中，只有具有猫眼效应的金绿宝石才能真正称呼为猫眼，其它具有猫眼效应的宝石都不能直接称为猫眼。宝石学界把具有猫眼效应的金绿宝石称之为猫眼石。一般所说的猫眼石指的是金绿猫眼宝石，而其它具有猫眼效应的宝石，必须在“猫眼”二字之前加上宝石的名称，如海蓝宝石猫眼、电气石猫眼等。','现代',NULL,NULL,1000,1000,26,0,NULL,3,1,NULL,NULL,NULL,NULL,NULL,0),
(1424,'猫眼',NULL,'猫眼是指具有猫眼效应的金绿宝石，在所有宝石中，具有猫眼效应的宝石品种很多。但在国家标准中，只有具有猫眼效应的金绿宝石才能真正称呼为猫眼，其它具有猫眼效应的宝石都不能直接称为猫眼。宝石学界把具有猫眼效应的金绿宝石称之为猫眼石。一般所说的猫眼石指的是金绿猫眼宝石，而其它具有猫眼效应的宝石，必须在“猫眼”二字之前加上宝石的名称，如海蓝宝石猫眼、电气石猫眼等。','现代',NULL,NULL,1000,1000,26,0,NULL,3,1,NULL,NULL,NULL,NULL,NULL,0),
(1425,'猫眼',NULL,'猫眼是指具有猫眼效应的金绿宝石，在所有宝石中，具有猫眼效应的宝石品种很多。但在国家标准中，只有具有猫眼效应的金绿宝石才能真正称呼为猫眼，其它具有猫眼效应的宝石都不能直接称为猫眼。宝石学界把具有猫眼效应的金绿宝石称之为猫眼石。一般所说的猫眼石指的是金绿猫眼宝石，而其它具有猫眼效应的宝石，必须在“猫眼”二字之前加上宝石的名称，如海蓝宝石猫眼、电气石猫眼等。','现代',NULL,NULL,1000,1000,26,0,NULL,3,1,NULL,NULL,NULL,NULL,NULL,0),
(1426,'猫眼',NULL,'猫眼是指具有猫眼效应的金绿宝石，在所有宝石中，具有猫眼效应的宝石品种很多。但在国家标准中，只有具有猫眼效应的金绿宝石才能真正称呼为猫眼，其它具有猫眼效应的宝石都不能直接称为猫眼。宝石学界把具有猫眼效应的金绿宝石称之为猫眼石。一般所说的猫眼石指的是金绿猫眼宝石，而其它具有猫眼效应的宝石，必须在“猫眼”二字之前加上宝石的名称，如海蓝宝石猫眼、电气石猫眼等。','现代',NULL,NULL,1000,1000,26,0,NULL,3,4,NULL,NULL,NULL,NULL,NULL,0),
(1427,'猫眼',NULL,'猫眼是指具有猫眼效应的金绿宝石，在所有宝石中，具有猫眼效应的宝石品种很多。但在国家标准中，只有具有猫眼效应的金绿宝石才能真正称呼为猫眼，其它具有猫眼效应的宝石都不能直接称为猫眼。宝石学界把具有猫眼效应的金绿宝石称之为猫眼石。一般所说的猫眼石指的是金绿猫眼宝石，而其它具有猫眼效应的宝石，必须在“猫眼”二字之前加上宝石的名称，如海蓝宝石猫眼、电气石猫眼等。','现代',NULL,NULL,1000,1000,26,0,NULL,3,4,NULL,NULL,NULL,NULL,NULL,0),
(1428,'猫眼',NULL,'猫眼是指具有猫眼效应的金绿宝石，在所有宝石中，具有猫眼效应的宝石品种很多。但在国家标准中，只有具有猫眼效应的金绿宝石才能真正称呼为猫眼，其它具有猫眼效应的宝石都不能直接称为猫眼。宝石学界把具有猫眼效应的金绿宝石称之为猫眼石。一般所说的猫眼石指的是金绿猫眼宝石，而其它具有猫眼效应的宝石，必须在“猫眼”二字之前加上宝石的名称，如海蓝宝石猫眼、电气石猫眼等。','现代',NULL,NULL,1000,1000,26,0,NULL,3,4,NULL,NULL,NULL,NULL,NULL,0),
(1429,'猫眼',NULL,'猫眼是指具有猫眼效应的金绿宝石，在所有宝石中，具有猫眼效应的宝石品种很多。但在国家标准中，只有具有猫眼效应的金绿宝石才能真正称呼为猫眼，其它具有猫眼效应的宝石都不能直接称为猫眼。宝石学界把具有猫眼效应的金绿宝石称之为猫眼石。一般所说的猫眼石指的是金绿猫眼宝石，而其它具有猫眼效应的宝石，必须在“猫眼”二字之前加上宝石的名称，如海蓝宝石猫眼、电气石猫眼等。','现代',NULL,NULL,1000,1000,26,0,NULL,3,4,NULL,NULL,NULL,NULL,NULL,0),
(1430,'猫眼',NULL,'猫眼是指具有猫眼效应的金绿宝石，在所有宝石中，具有猫眼效应的宝石品种很多。但在国家标准中，只有具有猫眼效应的金绿宝石才能真正称呼为猫眼，其它具有猫眼效应的宝石都不能直接称为猫眼。宝石学界把具有猫眼效应的金绿宝石称之为猫眼石。一般所说的猫眼石指的是金绿猫眼宝石，而其它具有猫眼效应的宝石，必须在“猫眼”二字之前加上宝石的名称，如海蓝宝石猫眼、电气石猫眼等。','现代',NULL,NULL,1000,1000,26,0,NULL,3,4,NULL,NULL,NULL,NULL,NULL,0),
(1431,'猫眼',NULL,'猫眼是指具有猫眼效应的金绿宝石，在所有宝石中，具有猫眼效应的宝石品种很多。但在国家标准中，只有具有猫眼效应的金绿宝石才能真正称呼为猫眼，其它具有猫眼效应的宝石都不能直接称为猫眼。宝石学界把具有猫眼效应的金绿宝石称之为猫眼石。一般所说的猫眼石指的是金绿猫眼宝石，而其它具有猫眼效应的宝石，必须在“猫眼”二字之前加上宝石的名称，如海蓝宝石猫眼、电气石猫眼等。','现代',NULL,NULL,1000,1000,26,0,NULL,3,1,NULL,NULL,NULL,NULL,NULL,0),
(1432,'猫眼',NULL,'猫眼是指具有猫眼效应的金绿宝石，在所有宝石中，具有猫眼效应的宝石品种很多。但在国家标准中，只有具有猫眼效应的金绿宝石才能真正称呼为猫眼，其它具有猫眼效应的宝石都不能直接称为猫眼。宝石学界把具有猫眼效应的金绿宝石称之为猫眼石。一般所说的猫眼石指的是金绿猫眼宝石，而其它具有猫眼效应的宝石，必须在“猫眼”二字之前加上宝石的名称，如海蓝宝石猫眼、电气石猫眼等。','现代',NULL,NULL,1000,1000,26,0,NULL,3,1,NULL,NULL,NULL,NULL,NULL,0),
(1433,'猫眼',NULL,'猫眼是指具有猫眼效应的金绿宝石，在所有宝石中，具有猫眼效应的宝石品种很多。但在国家标准中，只有具有猫眼效应的金绿宝石才能真正称呼为猫眼，其它具有猫眼效应的宝石都不能直接称为猫眼。宝石学界把具有猫眼效应的金绿宝石称之为猫眼石。一般所说的猫眼石指的是金绿猫眼宝石，而其它具有猫眼效应的宝石，必须在“猫眼”二字之前加上宝石的名称，如海蓝宝石猫眼、电气石猫眼等。','现代',NULL,NULL,1000,1000,26,0,NULL,3,1,NULL,NULL,NULL,NULL,NULL,0),
(1434,'猫眼',NULL,'猫眼是指具有猫眼效应的金绿宝石，在所有宝石中，具有猫眼效应的宝石品种很多。但在国家标准中，只有具有猫眼效应的金绿宝石才能真正称呼为猫眼，其它具有猫眼效应的宝石都不能直接称为猫眼。宝石学界把具有猫眼效应的金绿宝石称之为猫眼石。一般所说的猫眼石指的是金绿猫眼宝石，而其它具有猫眼效应的宝石，必须在“猫眼”二字之前加上宝石的名称，如海蓝宝石猫眼、电气石猫眼等。','现代',NULL,NULL,1000,1000,26,0,NULL,3,1,NULL,NULL,NULL,NULL,NULL,0),
(1435,'猫眼',NULL,'猫眼是指具有猫眼效应的金绿宝石，在所有宝石中，具有猫眼效应的宝石品种很多。但在国家标准中，只有具有猫眼效应的金绿宝石才能真正称呼为猫眼，其它具有猫眼效应的宝石都不能直接称为猫眼。宝石学界把具有猫眼效应的金绿宝石称之为猫眼石。一般所说的猫眼石指的是金绿猫眼宝石，而其它具有猫眼效应的宝石，必须在“猫眼”二字之前加上宝石的名称，如海蓝宝石猫眼、电气石猫眼等。','现代',NULL,NULL,1000,1000,26,0,NULL,3,1,NULL,NULL,NULL,NULL,NULL,0),
(1436,'猫眼',NULL,'猫眼是指具有猫眼效应的金绿宝石，在所有宝石中，具有猫眼效应的宝石品种很多。但在国家标准中，只有具有猫眼效应的金绿宝石才能真正称呼为猫眼，其它具有猫眼效应的宝石都不能直接称为猫眼。宝石学界把具有猫眼效应的金绿宝石称之为猫眼石。一般所说的猫眼石指的是金绿猫眼宝石，而其它具有猫眼效应的宝石，必须在“猫眼”二字之前加上宝石的名称，如海蓝宝石猫眼、电气石猫眼等。','现代',NULL,NULL,1000,1000,26,0,NULL,3,4,NULL,NULL,NULL,NULL,NULL,0),
(1437,'猫眼',NULL,'猫眼是指具有猫眼效应的金绿宝石，在所有宝石中，具有猫眼效应的宝石品种很多。但在国家标准中，只有具有猫眼效应的金绿宝石才能真正称呼为猫眼，其它具有猫眼效应的宝石都不能直接称为猫眼。宝石学界把具有猫眼效应的金绿宝石称之为猫眼石。一般所说的猫眼石指的是金绿猫眼宝石，而其它具有猫眼效应的宝石，必须在“猫眼”二字之前加上宝石的名称，如海蓝宝石猫眼、电气石猫眼等。','现代',NULL,NULL,1000,1000,26,0,NULL,3,4,NULL,NULL,NULL,NULL,NULL,0),
(1438,'猫眼',NULL,'猫眼是指具有猫眼效应的金绿宝石，在所有宝石中，具有猫眼效应的宝石品种很多。但在国家标准中，只有具有猫眼效应的金绿宝石才能真正称呼为猫眼，其它具有猫眼效应的宝石都不能直接称为猫眼。宝石学界把具有猫眼效应的金绿宝石称之为猫眼石。一般所说的猫眼石指的是金绿猫眼宝石，而其它具有猫眼效应的宝石，必须在“猫眼”二字之前加上宝石的名称，如海蓝宝石猫眼、电气石猫眼等。','现代',NULL,NULL,1000,1000,26,0,NULL,3,4,NULL,NULL,NULL,NULL,NULL,0),
(1439,'猫眼',NULL,'猫眼是指具有猫眼效应的金绿宝石，在所有宝石中，具有猫眼效应的宝石品种很多。但在国家标准中，只有具有猫眼效应的金绿宝石才能真正称呼为猫眼，其它具有猫眼效应的宝石都不能直接称为猫眼。宝石学界把具有猫眼效应的金绿宝石称之为猫眼石。一般所说的猫眼石指的是金绿猫眼宝石，而其它具有猫眼效应的宝石，必须在“猫眼”二字之前加上宝石的名称，如海蓝宝石猫眼、电气石猫眼等。','现代',NULL,NULL,1000,1000,26,0,NULL,3,4,NULL,NULL,NULL,NULL,NULL,0),
(1440,'猫眼',NULL,'猫眼是指具有猫眼效应的金绿宝石，在所有宝石中，具有猫眼效应的宝石品种很多。但在国家标准中，只有具有猫眼效应的金绿宝石才能真正称呼为猫眼，其它具有猫眼效应的宝石都不能直接称为猫眼。宝石学界把具有猫眼效应的金绿宝石称之为猫眼石。一般所说的猫眼石指的是金绿猫眼宝石，而其它具有猫眼效应的宝石，必须在“猫眼”二字之前加上宝石的名称，如海蓝宝石猫眼、电气石猫眼等。','现代',NULL,NULL,1000,1000,26,0,NULL,3,4,NULL,NULL,NULL,NULL,NULL,0),
(1441,'猫眼',NULL,'猫眼是指具有猫眼效应的金绿宝石，在所有宝石中，具有猫眼效应的宝石品种很多。但在国家标准中，只有具有猫眼效应的金绿宝石才能真正称呼为猫眼，其它具有猫眼效应的宝石都不能直接称为猫眼。宝石学界把具有猫眼效应的金绿宝石称之为猫眼石。一般所说的猫眼石指的是金绿猫眼宝石，而其它具有猫眼效应的宝石，必须在“猫眼”二字之前加上宝石的名称，如海蓝宝石猫眼、电气石猫眼等。','现代',NULL,NULL,1000,1000,26,0,NULL,3,1,NULL,NULL,NULL,NULL,NULL,0),
(1442,'猫眼',NULL,'猫眼是指具有猫眼效应的金绿宝石，在所有宝石中，具有猫眼效应的宝石品种很多。但在国家标准中，只有具有猫眼效应的金绿宝石才能真正称呼为猫眼，其它具有猫眼效应的宝石都不能直接称为猫眼。宝石学界把具有猫眼效应的金绿宝石称之为猫眼石。一般所说的猫眼石指的是金绿猫眼宝石，而其它具有猫眼效应的宝石，必须在“猫眼”二字之前加上宝石的名称，如海蓝宝石猫眼、电气石猫眼等。','现代',NULL,NULL,1000,1000,26,0,NULL,3,1,NULL,NULL,NULL,NULL,NULL,0),
(1443,'猫眼',NULL,'猫眼是指具有猫眼效应的金绿宝石，在所有宝石中，具有猫眼效应的宝石品种很多。但在国家标准中，只有具有猫眼效应的金绿宝石才能真正称呼为猫眼，其它具有猫眼效应的宝石都不能直接称为猫眼。宝石学界把具有猫眼效应的金绿宝石称之为猫眼石。一般所说的猫眼石指的是金绿猫眼宝石，而其它具有猫眼效应的宝石，必须在“猫眼”二字之前加上宝石的名称，如海蓝宝石猫眼、电气石猫眼等。','现代',NULL,NULL,1000,1000,26,0,NULL,3,1,NULL,NULL,NULL,NULL,NULL,0),
(1444,'猫眼',NULL,'猫眼是指具有猫眼效应的金绿宝石，在所有宝石中，具有猫眼效应的宝石品种很多。但在国家标准中，只有具有猫眼效应的金绿宝石才能真正称呼为猫眼，其它具有猫眼效应的宝石都不能直接称为猫眼。宝石学界把具有猫眼效应的金绿宝石称之为猫眼石。一般所说的猫眼石指的是金绿猫眼宝石，而其它具有猫眼效应的宝石，必须在“猫眼”二字之前加上宝石的名称，如海蓝宝石猫眼、电气石猫眼等。','现代',NULL,NULL,1000,1000,26,0,NULL,3,1,NULL,NULL,NULL,NULL,NULL,0),
(1445,'猫眼',NULL,'猫眼是指具有猫眼效应的金绿宝石，在所有宝石中，具有猫眼效应的宝石品种很多。但在国家标准中，只有具有猫眼效应的金绿宝石才能真正称呼为猫眼，其它具有猫眼效应的宝石都不能直接称为猫眼。宝石学界把具有猫眼效应的金绿宝石称之为猫眼石。一般所说的猫眼石指的是金绿猫眼宝石，而其它具有猫眼效应的宝石，必须在“猫眼”二字之前加上宝石的名称，如海蓝宝石猫眼、电气石猫眼等。','现代',NULL,NULL,1000,1000,26,0,NULL,3,1,NULL,NULL,NULL,NULL,NULL,0),
(1446,'猫眼',NULL,'猫眼是指具有猫眼效应的金绿宝石，在所有宝石中，具有猫眼效应的宝石品种很多。但在国家标准中，只有具有猫眼效应的金绿宝石才能真正称呼为猫眼，其它具有猫眼效应的宝石都不能直接称为猫眼。宝石学界把具有猫眼效应的金绿宝石称之为猫眼石。一般所说的猫眼石指的是金绿猫眼宝石，而其它具有猫眼效应的宝石，必须在“猫眼”二字之前加上宝石的名称，如海蓝宝石猫眼、电气石猫眼等。','现代',NULL,NULL,1000,1000,26,0,NULL,3,4,NULL,NULL,NULL,NULL,NULL,0),
(1447,'猫眼',NULL,'猫眼是指具有猫眼效应的金绿宝石，在所有宝石中，具有猫眼效应的宝石品种很多。但在国家标准中，只有具有猫眼效应的金绿宝石才能真正称呼为猫眼，其它具有猫眼效应的宝石都不能直接称为猫眼。宝石学界把具有猫眼效应的金绿宝石称之为猫眼石。一般所说的猫眼石指的是金绿猫眼宝石，而其它具有猫眼效应的宝石，必须在“猫眼”二字之前加上宝石的名称，如海蓝宝石猫眼、电气石猫眼等。','现代',NULL,NULL,1000,1000,26,0,NULL,3,4,NULL,NULL,NULL,NULL,NULL,0),
(1448,'猫眼',NULL,'猫眼是指具有猫眼效应的金绿宝石，在所有宝石中，具有猫眼效应的宝石品种很多。但在国家标准中，只有具有猫眼效应的金绿宝石才能真正称呼为猫眼，其它具有猫眼效应的宝石都不能直接称为猫眼。宝石学界把具有猫眼效应的金绿宝石称之为猫眼石。一般所说的猫眼石指的是金绿猫眼宝石，而其它具有猫眼效应的宝石，必须在“猫眼”二字之前加上宝石的名称，如海蓝宝石猫眼、电气石猫眼等。','现代',NULL,NULL,1000,1000,26,0,NULL,3,4,NULL,NULL,NULL,NULL,NULL,0),
(1449,'猫眼',NULL,'猫眼是指具有猫眼效应的金绿宝石，在所有宝石中，具有猫眼效应的宝石品种很多。但在国家标准中，只有具有猫眼效应的金绿宝石才能真正称呼为猫眼，其它具有猫眼效应的宝石都不能直接称为猫眼。宝石学界把具有猫眼效应的金绿宝石称之为猫眼石。一般所说的猫眼石指的是金绿猫眼宝石，而其它具有猫眼效应的宝石，必须在“猫眼”二字之前加上宝石的名称，如海蓝宝石猫眼、电气石猫眼等。','现代',NULL,NULL,1000,1000,26,0,NULL,3,4,NULL,NULL,NULL,NULL,NULL,0),
(1450,'猫眼',NULL,'猫眼是指具有猫眼效应的金绿宝石，在所有宝石中，具有猫眼效应的宝石品种很多。但在国家标准中，只有具有猫眼效应的金绿宝石才能真正称呼为猫眼，其它具有猫眼效应的宝石都不能直接称为猫眼。宝石学界把具有猫眼效应的金绿宝石称之为猫眼石。一般所说的猫眼石指的是金绿猫眼宝石，而其它具有猫眼效应的宝石，必须在“猫眼”二字之前加上宝石的名称，如海蓝宝石猫眼、电气石猫眼等。','现代',NULL,NULL,1000,1000,26,0,NULL,3,4,NULL,NULL,NULL,NULL,NULL,0),
(1451,'猫眼',NULL,'猫眼是指具有猫眼效应的金绿宝石，在所有宝石中，具有猫眼效应的宝石品种很多。但在国家标准中，只有具有猫眼效应的金绿宝石才能真正称呼为猫眼，其它具有猫眼效应的宝石都不能直接称为猫眼。宝石学界把具有猫眼效应的金绿宝石称之为猫眼石。一般所说的猫眼石指的是金绿猫眼宝石，而其它具有猫眼效应的宝石，必须在“猫眼”二字之前加上宝石的名称，如海蓝宝石猫眼、电气石猫眼等。','现代',NULL,NULL,1000,1000,26,0,NULL,3,1,NULL,NULL,NULL,NULL,NULL,0),
(1452,'猫眼',NULL,'猫眼是指具有猫眼效应的金绿宝石，在所有宝石中，具有猫眼效应的宝石品种很多。但在国家标准中，只有具有猫眼效应的金绿宝石才能真正称呼为猫眼，其它具有猫眼效应的宝石都不能直接称为猫眼。宝石学界把具有猫眼效应的金绿宝石称之为猫眼石。一般所说的猫眼石指的是金绿猫眼宝石，而其它具有猫眼效应的宝石，必须在“猫眼”二字之前加上宝石的名称，如海蓝宝石猫眼、电气石猫眼等。','现代',NULL,NULL,1000,1000,26,0,NULL,3,1,NULL,NULL,NULL,NULL,NULL,0),
(1453,'猫眼',NULL,'猫眼是指具有猫眼效应的金绿宝石，在所有宝石中，具有猫眼效应的宝石品种很多。但在国家标准中，只有具有猫眼效应的金绿宝石才能真正称呼为猫眼，其它具有猫眼效应的宝石都不能直接称为猫眼。宝石学界把具有猫眼效应的金绿宝石称之为猫眼石。一般所说的猫眼石指的是金绿猫眼宝石，而其它具有猫眼效应的宝石，必须在“猫眼”二字之前加上宝石的名称，如海蓝宝石猫眼、电气石猫眼等。','现代',NULL,NULL,1000,1000,26,0,NULL,3,1,NULL,NULL,NULL,NULL,NULL,0),
(1454,'猫眼',NULL,'猫眼是指具有猫眼效应的金绿宝石，在所有宝石中，具有猫眼效应的宝石品种很多。但在国家标准中，只有具有猫眼效应的金绿宝石才能真正称呼为猫眼，其它具有猫眼效应的宝石都不能直接称为猫眼。宝石学界把具有猫眼效应的金绿宝石称之为猫眼石。一般所说的猫眼石指的是金绿猫眼宝石，而其它具有猫眼效应的宝石，必须在“猫眼”二字之前加上宝石的名称，如海蓝宝石猫眼、电气石猫眼等。','现代',NULL,NULL,1000,1000,26,0,NULL,3,1,NULL,NULL,NULL,NULL,NULL,0),
(1455,'猫眼',NULL,'猫眼是指具有猫眼效应的金绿宝石，在所有宝石中，具有猫眼效应的宝石品种很多。但在国家标准中，只有具有猫眼效应的金绿宝石才能真正称呼为猫眼，其它具有猫眼效应的宝石都不能直接称为猫眼。宝石学界把具有猫眼效应的金绿宝石称之为猫眼石。一般所说的猫眼石指的是金绿猫眼宝石，而其它具有猫眼效应的宝石，必须在“猫眼”二字之前加上宝石的名称，如海蓝宝石猫眼、电气石猫眼等。','现代',NULL,NULL,1000,1000,26,0,NULL,3,1,NULL,NULL,NULL,NULL,NULL,0),
(1456,'猫眼',NULL,'猫眼是指具有猫眼效应的金绿宝石，在所有宝石中，具有猫眼效应的宝石品种很多。但在国家标准中，只有具有猫眼效应的金绿宝石才能真正称呼为猫眼，其它具有猫眼效应的宝石都不能直接称为猫眼。宝石学界把具有猫眼效应的金绿宝石称之为猫眼石。一般所说的猫眼石指的是金绿猫眼宝石，而其它具有猫眼效应的宝石，必须在“猫眼”二字之前加上宝石的名称，如海蓝宝石猫眼、电气石猫眼等。','现代',NULL,NULL,1000,1000,26,0,NULL,3,4,NULL,NULL,NULL,NULL,NULL,0),
(1457,'猫眼',NULL,'猫眼是指具有猫眼效应的金绿宝石，在所有宝石中，具有猫眼效应的宝石品种很多。但在国家标准中，只有具有猫眼效应的金绿宝石才能真正称呼为猫眼，其它具有猫眼效应的宝石都不能直接称为猫眼。宝石学界把具有猫眼效应的金绿宝石称之为猫眼石。一般所说的猫眼石指的是金绿猫眼宝石，而其它具有猫眼效应的宝石，必须在“猫眼”二字之前加上宝石的名称，如海蓝宝石猫眼、电气石猫眼等。','现代',NULL,NULL,1000,1000,26,0,NULL,3,4,NULL,NULL,NULL,NULL,NULL,0),
(1458,'猫眼',NULL,'猫眼是指具有猫眼效应的金绿宝石，在所有宝石中，具有猫眼效应的宝石品种很多。但在国家标准中，只有具有猫眼效应的金绿宝石才能真正称呼为猫眼，其它具有猫眼效应的宝石都不能直接称为猫眼。宝石学界把具有猫眼效应的金绿宝石称之为猫眼石。一般所说的猫眼石指的是金绿猫眼宝石，而其它具有猫眼效应的宝石，必须在“猫眼”二字之前加上宝石的名称，如海蓝宝石猫眼、电气石猫眼等。','现代',NULL,NULL,1000,1000,26,0,NULL,3,4,NULL,NULL,NULL,NULL,NULL,0),
(1459,'猫眼',NULL,'猫眼是指具有猫眼效应的金绿宝石，在所有宝石中，具有猫眼效应的宝石品种很多。但在国家标准中，只有具有猫眼效应的金绿宝石才能真正称呼为猫眼，其它具有猫眼效应的宝石都不能直接称为猫眼。宝石学界把具有猫眼效应的金绿宝石称之为猫眼石。一般所说的猫眼石指的是金绿猫眼宝石，而其它具有猫眼效应的宝石，必须在“猫眼”二字之前加上宝石的名称，如海蓝宝石猫眼、电气石猫眼等。','现代',NULL,NULL,1000,1000,26,0,NULL,3,4,NULL,NULL,NULL,NULL,NULL,0),
(1460,'猫眼',NULL,'猫眼是指具有猫眼效应的金绿宝石，在所有宝石中，具有猫眼效应的宝石品种很多。但在国家标准中，只有具有猫眼效应的金绿宝石才能真正称呼为猫眼，其它具有猫眼效应的宝石都不能直接称为猫眼。宝石学界把具有猫眼效应的金绿宝石称之为猫眼石。一般所说的猫眼石指的是金绿猫眼宝石，而其它具有猫眼效应的宝石，必须在“猫眼”二字之前加上宝石的名称，如海蓝宝石猫眼、电气石猫眼等。','现代',NULL,NULL,1000,1000,26,0,NULL,3,4,NULL,NULL,NULL,NULL,NULL,0),
(1461,'猫眼',NULL,'猫眼是指具有猫眼效应的金绿宝石，在所有宝石中，具有猫眼效应的宝石品种很多。但在国家标准中，只有具有猫眼效应的金绿宝石才能真正称呼为猫眼，其它具有猫眼效应的宝石都不能直接称为猫眼。宝石学界把具有猫眼效应的金绿宝石称之为猫眼石。一般所说的猫眼石指的是金绿猫眼宝石，而其它具有猫眼效应的宝石，必须在“猫眼”二字之前加上宝石的名称，如海蓝宝石猫眼、电气石猫眼等。','现代',NULL,NULL,1000,1000,26,0,NULL,3,1,NULL,NULL,NULL,NULL,NULL,0),
(1462,'猫眼',NULL,'猫眼是指具有猫眼效应的金绿宝石，在所有宝石中，具有猫眼效应的宝石品种很多。但在国家标准中，只有具有猫眼效应的金绿宝石才能真正称呼为猫眼，其它具有猫眼效应的宝石都不能直接称为猫眼。宝石学界把具有猫眼效应的金绿宝石称之为猫眼石。一般所说的猫眼石指的是金绿猫眼宝石，而其它具有猫眼效应的宝石，必须在“猫眼”二字之前加上宝石的名称，如海蓝宝石猫眼、电气石猫眼等。','现代',NULL,NULL,1000,1000,26,0,NULL,3,1,NULL,NULL,NULL,NULL,NULL,0),
(1463,'猫眼',NULL,'猫眼是指具有猫眼效应的金绿宝石，在所有宝石中，具有猫眼效应的宝石品种很多。但在国家标准中，只有具有猫眼效应的金绿宝石才能真正称呼为猫眼，其它具有猫眼效应的宝石都不能直接称为猫眼。宝石学界把具有猫眼效应的金绿宝石称之为猫眼石。一般所说的猫眼石指的是金绿猫眼宝石，而其它具有猫眼效应的宝石，必须在“猫眼”二字之前加上宝石的名称，如海蓝宝石猫眼、电气石猫眼等。','现代',NULL,NULL,1000,1000,26,0,NULL,3,1,NULL,NULL,NULL,NULL,NULL,0),
(1464,'猫眼',NULL,'猫眼是指具有猫眼效应的金绿宝石，在所有宝石中，具有猫眼效应的宝石品种很多。但在国家标准中，只有具有猫眼效应的金绿宝石才能真正称呼为猫眼，其它具有猫眼效应的宝石都不能直接称为猫眼。宝石学界把具有猫眼效应的金绿宝石称之为猫眼石。一般所说的猫眼石指的是金绿猫眼宝石，而其它具有猫眼效应的宝石，必须在“猫眼”二字之前加上宝石的名称，如海蓝宝石猫眼、电气石猫眼等。','现代',NULL,NULL,1000,1000,26,0,NULL,3,1,NULL,NULL,NULL,NULL,NULL,0),
(1465,'猫眼',NULL,'猫眼是指具有猫眼效应的金绿宝石，在所有宝石中，具有猫眼效应的宝石品种很多。但在国家标准中，只有具有猫眼效应的金绿宝石才能真正称呼为猫眼，其它具有猫眼效应的宝石都不能直接称为猫眼。宝石学界把具有猫眼效应的金绿宝石称之为猫眼石。一般所说的猫眼石指的是金绿猫眼宝石，而其它具有猫眼效应的宝石，必须在“猫眼”二字之前加上宝石的名称，如海蓝宝石猫眼、电气石猫眼等。','现代',NULL,NULL,1000,1000,26,0,NULL,3,1,NULL,NULL,NULL,NULL,NULL,0),
(1466,'猫眼',NULL,'猫眼是指具有猫眼效应的金绿宝石，在所有宝石中，具有猫眼效应的宝石品种很多。但在国家标准中，只有具有猫眼效应的金绿宝石才能真正称呼为猫眼，其它具有猫眼效应的宝石都不能直接称为猫眼。宝石学界把具有猫眼效应的金绿宝石称之为猫眼石。一般所说的猫眼石指的是金绿猫眼宝石，而其它具有猫眼效应的宝石，必须在“猫眼”二字之前加上宝石的名称，如海蓝宝石猫眼、电气石猫眼等。','现代',NULL,NULL,1000,1000,26,0,NULL,3,4,NULL,NULL,NULL,NULL,NULL,0),
(1467,'猫眼',NULL,'猫眼是指具有猫眼效应的金绿宝石，在所有宝石中，具有猫眼效应的宝石品种很多。但在国家标准中，只有具有猫眼效应的金绿宝石才能真正称呼为猫眼，其它具有猫眼效应的宝石都不能直接称为猫眼。宝石学界把具有猫眼效应的金绿宝石称之为猫眼石。一般所说的猫眼石指的是金绿猫眼宝石，而其它具有猫眼效应的宝石，必须在“猫眼”二字之前加上宝石的名称，如海蓝宝石猫眼、电气石猫眼等。','现代',NULL,NULL,1000,1000,26,0,NULL,3,4,NULL,NULL,NULL,NULL,NULL,0),
(1468,'猫眼',NULL,'猫眼是指具有猫眼效应的金绿宝石，在所有宝石中，具有猫眼效应的宝石品种很多。但在国家标准中，只有具有猫眼效应的金绿宝石才能真正称呼为猫眼，其它具有猫眼效应的宝石都不能直接称为猫眼。宝石学界把具有猫眼效应的金绿宝石称之为猫眼石。一般所说的猫眼石指的是金绿猫眼宝石，而其它具有猫眼效应的宝石，必须在“猫眼”二字之前加上宝石的名称，如海蓝宝石猫眼、电气石猫眼等。','现代',NULL,NULL,1000,1000,26,0,NULL,3,4,NULL,NULL,NULL,NULL,NULL,0),
(1469,'猫眼',NULL,'猫眼是指具有猫眼效应的金绿宝石，在所有宝石中，具有猫眼效应的宝石品种很多。但在国家标准中，只有具有猫眼效应的金绿宝石才能真正称呼为猫眼，其它具有猫眼效应的宝石都不能直接称为猫眼。宝石学界把具有猫眼效应的金绿宝石称之为猫眼石。一般所说的猫眼石指的是金绿猫眼宝石，而其它具有猫眼效应的宝石，必须在“猫眼”二字之前加上宝石的名称，如海蓝宝石猫眼、电气石猫眼等。','现代',NULL,NULL,1000,1000,26,0,NULL,3,4,NULL,NULL,NULL,NULL,NULL,0),
(1470,'猫眼',NULL,'猫眼是指具有猫眼效应的金绿宝石，在所有宝石中，具有猫眼效应的宝石品种很多。但在国家标准中，只有具有猫眼效应的金绿宝石才能真正称呼为猫眼，其它具有猫眼效应的宝石都不能直接称为猫眼。宝石学界把具有猫眼效应的金绿宝石称之为猫眼石。一般所说的猫眼石指的是金绿猫眼宝石，而其它具有猫眼效应的宝石，必须在“猫眼”二字之前加上宝石的名称，如海蓝宝石猫眼、电气石猫眼等。','现代',NULL,NULL,1000,1000,26,0,NULL,3,4,NULL,NULL,NULL,NULL,NULL,0),
(1471,'猫眼',NULL,'猫眼是指具有猫眼效应的金绿宝石，在所有宝石中，具有猫眼效应的宝石品种很多。但在国家标准中，只有具有猫眼效应的金绿宝石才能真正称呼为猫眼，其它具有猫眼效应的宝石都不能直接称为猫眼。宝石学界把具有猫眼效应的金绿宝石称之为猫眼石。一般所说的猫眼石指的是金绿猫眼宝石，而其它具有猫眼效应的宝石，必须在“猫眼”二字之前加上宝石的名称，如海蓝宝石猫眼、电气石猫眼等。','现代',NULL,NULL,1000,1000,26,0,NULL,3,1,NULL,NULL,NULL,NULL,NULL,0),
(1472,'猫眼',NULL,'猫眼是指具有猫眼效应的金绿宝石，在所有宝石中，具有猫眼效应的宝石品种很多。但在国家标准中，只有具有猫眼效应的金绿宝石才能真正称呼为猫眼，其它具有猫眼效应的宝石都不能直接称为猫眼。宝石学界把具有猫眼效应的金绿宝石称之为猫眼石。一般所说的猫眼石指的是金绿猫眼宝石，而其它具有猫眼效应的宝石，必须在“猫眼”二字之前加上宝石的名称，如海蓝宝石猫眼、电气石猫眼等。','现代',NULL,NULL,1000,1000,26,0,NULL,3,1,NULL,NULL,NULL,NULL,NULL,0),
(1473,'猫眼',NULL,'猫眼是指具有猫眼效应的金绿宝石，在所有宝石中，具有猫眼效应的宝石品种很多。但在国家标准中，只有具有猫眼效应的金绿宝石才能真正称呼为猫眼，其它具有猫眼效应的宝石都不能直接称为猫眼。宝石学界把具有猫眼效应的金绿宝石称之为猫眼石。一般所说的猫眼石指的是金绿猫眼宝石，而其它具有猫眼效应的宝石，必须在“猫眼”二字之前加上宝石的名称，如海蓝宝石猫眼、电气石猫眼等。','现代',NULL,NULL,1000,1000,26,0,NULL,3,1,NULL,NULL,NULL,NULL,NULL,0),
(1474,'猫眼',NULL,'猫眼是指具有猫眼效应的金绿宝石，在所有宝石中，具有猫眼效应的宝石品种很多。但在国家标准中，只有具有猫眼效应的金绿宝石才能真正称呼为猫眼，其它具有猫眼效应的宝石都不能直接称为猫眼。宝石学界把具有猫眼效应的金绿宝石称之为猫眼石。一般所说的猫眼石指的是金绿猫眼宝石，而其它具有猫眼效应的宝石，必须在“猫眼”二字之前加上宝石的名称，如海蓝宝石猫眼、电气石猫眼等。','现代',NULL,NULL,1000,1000,26,0,NULL,3,1,NULL,NULL,NULL,NULL,NULL,0),
(1475,'猫眼',NULL,'猫眼是指具有猫眼效应的金绿宝石，在所有宝石中，具有猫眼效应的宝石品种很多。但在国家标准中，只有具有猫眼效应的金绿宝石才能真正称呼为猫眼，其它具有猫眼效应的宝石都不能直接称为猫眼。宝石学界把具有猫眼效应的金绿宝石称之为猫眼石。一般所说的猫眼石指的是金绿猫眼宝石，而其它具有猫眼效应的宝石，必须在“猫眼”二字之前加上宝石的名称，如海蓝宝石猫眼、电气石猫眼等。','现代',NULL,NULL,1000,1000,26,0,NULL,3,1,NULL,NULL,NULL,NULL,NULL,0),
(1476,'猫眼',NULL,'猫眼是指具有猫眼效应的金绿宝石，在所有宝石中，具有猫眼效应的宝石品种很多。但在国家标准中，只有具有猫眼效应的金绿宝石才能真正称呼为猫眼，其它具有猫眼效应的宝石都不能直接称为猫眼。宝石学界把具有猫眼效应的金绿宝石称之为猫眼石。一般所说的猫眼石指的是金绿猫眼宝石，而其它具有猫眼效应的宝石，必须在“猫眼”二字之前加上宝石的名称，如海蓝宝石猫眼、电气石猫眼等。','现代',NULL,NULL,1000,1000,26,0,NULL,3,4,NULL,NULL,NULL,NULL,NULL,0),
(1477,'猫眼',NULL,'猫眼是指具有猫眼效应的金绿宝石，在所有宝石中，具有猫眼效应的宝石品种很多。但在国家标准中，只有具有猫眼效应的金绿宝石才能真正称呼为猫眼，其它具有猫眼效应的宝石都不能直接称为猫眼。宝石学界把具有猫眼效应的金绿宝石称之为猫眼石。一般所说的猫眼石指的是金绿猫眼宝石，而其它具有猫眼效应的宝石，必须在“猫眼”二字之前加上宝石的名称，如海蓝宝石猫眼、电气石猫眼等。','现代',NULL,NULL,1000,1000,26,0,NULL,3,4,NULL,NULL,NULL,NULL,NULL,0),
(1478,'猫眼',NULL,'猫眼是指具有猫眼效应的金绿宝石，在所有宝石中，具有猫眼效应的宝石品种很多。但在国家标准中，只有具有猫眼效应的金绿宝石才能真正称呼为猫眼，其它具有猫眼效应的宝石都不能直接称为猫眼。宝石学界把具有猫眼效应的金绿宝石称之为猫眼石。一般所说的猫眼石指的是金绿猫眼宝石，而其它具有猫眼效应的宝石，必须在“猫眼”二字之前加上宝石的名称，如海蓝宝石猫眼、电气石猫眼等。','现代',NULL,NULL,1000,1000,26,0,NULL,3,4,NULL,NULL,NULL,NULL,NULL,0),
(1479,'猫眼',NULL,'猫眼是指具有猫眼效应的金绿宝石，在所有宝石中，具有猫眼效应的宝石品种很多。但在国家标准中，只有具有猫眼效应的金绿宝石才能真正称呼为猫眼，其它具有猫眼效应的宝石都不能直接称为猫眼。宝石学界把具有猫眼效应的金绿宝石称之为猫眼石。一般所说的猫眼石指的是金绿猫眼宝石，而其它具有猫眼效应的宝石，必须在“猫眼”二字之前加上宝石的名称，如海蓝宝石猫眼、电气石猫眼等。','现代',NULL,NULL,1000,1000,26,0,NULL,3,4,NULL,NULL,NULL,NULL,NULL,0),
(1480,'猫眼',NULL,'猫眼是指具有猫眼效应的金绿宝石，在所有宝石中，具有猫眼效应的宝石品种很多。但在国家标准中，只有具有猫眼效应的金绿宝石才能真正称呼为猫眼，其它具有猫眼效应的宝石都不能直接称为猫眼。宝石学界把具有猫眼效应的金绿宝石称之为猫眼石。一般所说的猫眼石指的是金绿猫眼宝石，而其它具有猫眼效应的宝石，必须在“猫眼”二字之前加上宝石的名称，如海蓝宝石猫眼、电气石猫眼等。','现代',NULL,NULL,1000,1000,26,0,NULL,3,4,NULL,NULL,NULL,NULL,NULL,0),
(1481,'猫眼',NULL,'猫眼是指具有猫眼效应的金绿宝石，在所有宝石中，具有猫眼效应的宝石品种很多。但在国家标准中，只有具有猫眼效应的金绿宝石才能真正称呼为猫眼，其它具有猫眼效应的宝石都不能直接称为猫眼。宝石学界把具有猫眼效应的金绿宝石称之为猫眼石。一般所说的猫眼石指的是金绿猫眼宝石，而其它具有猫眼效应的宝石，必须在“猫眼”二字之前加上宝石的名称，如海蓝宝石猫眼、电气石猫眼等。','现代',NULL,NULL,1000,1000,26,0,NULL,3,1,NULL,NULL,NULL,NULL,NULL,0),
(1482,'猫眼',NULL,'猫眼是指具有猫眼效应的金绿宝石，在所有宝石中，具有猫眼效应的宝石品种很多。但在国家标准中，只有具有猫眼效应的金绿宝石才能真正称呼为猫眼，其它具有猫眼效应的宝石都不能直接称为猫眼。宝石学界把具有猫眼效应的金绿宝石称之为猫眼石。一般所说的猫眼石指的是金绿猫眼宝石，而其它具有猫眼效应的宝石，必须在“猫眼”二字之前加上宝石的名称，如海蓝宝石猫眼、电气石猫眼等。','现代',NULL,NULL,1000,1000,26,0,NULL,3,1,NULL,NULL,NULL,NULL,NULL,0),
(1483,'猫眼',NULL,'猫眼是指具有猫眼效应的金绿宝石，在所有宝石中，具有猫眼效应的宝石品种很多。但在国家标准中，只有具有猫眼效应的金绿宝石才能真正称呼为猫眼，其它具有猫眼效应的宝石都不能直接称为猫眼。宝石学界把具有猫眼效应的金绿宝石称之为猫眼石。一般所说的猫眼石指的是金绿猫眼宝石，而其它具有猫眼效应的宝石，必须在“猫眼”二字之前加上宝石的名称，如海蓝宝石猫眼、电气石猫眼等。','现代',NULL,NULL,1000,1000,26,0,NULL,3,1,NULL,NULL,NULL,NULL,NULL,0),
(1484,'猫眼',NULL,'猫眼是指具有猫眼效应的金绿宝石，在所有宝石中，具有猫眼效应的宝石品种很多。但在国家标准中，只有具有猫眼效应的金绿宝石才能真正称呼为猫眼，其它具有猫眼效应的宝石都不能直接称为猫眼。宝石学界把具有猫眼效应的金绿宝石称之为猫眼石。一般所说的猫眼石指的是金绿猫眼宝石，而其它具有猫眼效应的宝石，必须在“猫眼”二字之前加上宝石的名称，如海蓝宝石猫眼、电气石猫眼等。','现代',NULL,NULL,1000,1000,26,0,NULL,3,1,NULL,NULL,NULL,NULL,NULL,0),
(1485,'猫眼',NULL,'猫眼是指具有猫眼效应的金绿宝石，在所有宝石中，具有猫眼效应的宝石品种很多。但在国家标准中，只有具有猫眼效应的金绿宝石才能真正称呼为猫眼，其它具有猫眼效应的宝石都不能直接称为猫眼。宝石学界把具有猫眼效应的金绿宝石称之为猫眼石。一般所说的猫眼石指的是金绿猫眼宝石，而其它具有猫眼效应的宝石，必须在“猫眼”二字之前加上宝石的名称，如海蓝宝石猫眼、电气石猫眼等。','现代',NULL,NULL,1000,1000,26,0,NULL,3,1,NULL,NULL,NULL,NULL,NULL,0),
(1486,'猫眼',NULL,'猫眼是指具有猫眼效应的金绿宝石，在所有宝石中，具有猫眼效应的宝石品种很多。但在国家标准中，只有具有猫眼效应的金绿宝石才能真正称呼为猫眼，其它具有猫眼效应的宝石都不能直接称为猫眼。宝石学界把具有猫眼效应的金绿宝石称之为猫眼石。一般所说的猫眼石指的是金绿猫眼宝石，而其它具有猫眼效应的宝石，必须在“猫眼”二字之前加上宝石的名称，如海蓝宝石猫眼、电气石猫眼等。','现代',NULL,NULL,1000,1000,26,0,NULL,3,4,NULL,NULL,NULL,NULL,NULL,0),
(1487,'猫眼',NULL,'猫眼是指具有猫眼效应的金绿宝石，在所有宝石中，具有猫眼效应的宝石品种很多。但在国家标准中，只有具有猫眼效应的金绿宝石才能真正称呼为猫眼，其它具有猫眼效应的宝石都不能直接称为猫眼。宝石学界把具有猫眼效应的金绿宝石称之为猫眼石。一般所说的猫眼石指的是金绿猫眼宝石，而其它具有猫眼效应的宝石，必须在“猫眼”二字之前加上宝石的名称，如海蓝宝石猫眼、电气石猫眼等。','现代',NULL,NULL,1000,1000,26,0,NULL,3,4,NULL,NULL,NULL,NULL,NULL,0),
(1488,'猫眼',NULL,'猫眼是指具有猫眼效应的金绿宝石，在所有宝石中，具有猫眼效应的宝石品种很多。但在国家标准中，只有具有猫眼效应的金绿宝石才能真正称呼为猫眼，其它具有猫眼效应的宝石都不能直接称为猫眼。宝石学界把具有猫眼效应的金绿宝石称之为猫眼石。一般所说的猫眼石指的是金绿猫眼宝石，而其它具有猫眼效应的宝石，必须在“猫眼”二字之前加上宝石的名称，如海蓝宝石猫眼、电气石猫眼等。','现代',NULL,NULL,1000,1000,26,0,NULL,3,4,NULL,NULL,NULL,NULL,NULL,0),
(1489,'猫眼',NULL,'猫眼是指具有猫眼效应的金绿宝石，在所有宝石中，具有猫眼效应的宝石品种很多。但在国家标准中，只有具有猫眼效应的金绿宝石才能真正称呼为猫眼，其它具有猫眼效应的宝石都不能直接称为猫眼。宝石学界把具有猫眼效应的金绿宝石称之为猫眼石。一般所说的猫眼石指的是金绿猫眼宝石，而其它具有猫眼效应的宝石，必须在“猫眼”二字之前加上宝石的名称，如海蓝宝石猫眼、电气石猫眼等。','现代',NULL,NULL,1000,1000,26,0,NULL,3,4,NULL,NULL,NULL,NULL,NULL,0),
(1490,'猫眼',NULL,'猫眼是指具有猫眼效应的金绿宝石，在所有宝石中，具有猫眼效应的宝石品种很多。但在国家标准中，只有具有猫眼效应的金绿宝石才能真正称呼为猫眼，其它具有猫眼效应的宝石都不能直接称为猫眼。宝石学界把具有猫眼效应的金绿宝石称之为猫眼石。一般所说的猫眼石指的是金绿猫眼宝石，而其它具有猫眼效应的宝石，必须在“猫眼”二字之前加上宝石的名称，如海蓝宝石猫眼、电气石猫眼等。','现代',NULL,NULL,1000,1000,26,0,NULL,3,4,NULL,NULL,NULL,NULL,NULL,0),
(1491,'猫眼',NULL,'猫眼是指具有猫眼效应的金绿宝石，在所有宝石中，具有猫眼效应的宝石品种很多。但在国家标准中，只有具有猫眼效应的金绿宝石才能真正称呼为猫眼，其它具有猫眼效应的宝石都不能直接称为猫眼。宝石学界把具有猫眼效应的金绿宝石称之为猫眼石。一般所说的猫眼石指的是金绿猫眼宝石，而其它具有猫眼效应的宝石，必须在“猫眼”二字之前加上宝石的名称，如海蓝宝石猫眼、电气石猫眼等。','现代',NULL,NULL,1000,1000,26,0,NULL,3,1,NULL,NULL,NULL,NULL,NULL,0),
(1492,'猫眼',NULL,'猫眼是指具有猫眼效应的金绿宝石，在所有宝石中，具有猫眼效应的宝石品种很多。但在国家标准中，只有具有猫眼效应的金绿宝石才能真正称呼为猫眼，其它具有猫眼效应的宝石都不能直接称为猫眼。宝石学界把具有猫眼效应的金绿宝石称之为猫眼石。一般所说的猫眼石指的是金绿猫眼宝石，而其它具有猫眼效应的宝石，必须在“猫眼”二字之前加上宝石的名称，如海蓝宝石猫眼、电气石猫眼等。','现代',NULL,NULL,1000,1000,26,0,NULL,3,1,NULL,NULL,NULL,NULL,NULL,0),
(1493,'猫眼',NULL,'猫眼是指具有猫眼效应的金绿宝石，在所有宝石中，具有猫眼效应的宝石品种很多。但在国家标准中，只有具有猫眼效应的金绿宝石才能真正称呼为猫眼，其它具有猫眼效应的宝石都不能直接称为猫眼。宝石学界把具有猫眼效应的金绿宝石称之为猫眼石。一般所说的猫眼石指的是金绿猫眼宝石，而其它具有猫眼效应的宝石，必须在“猫眼”二字之前加上宝石的名称，如海蓝宝石猫眼、电气石猫眼等。','现代',NULL,NULL,1000,1000,26,0,NULL,3,1,NULL,NULL,NULL,NULL,NULL,0),
(1494,'猫眼',NULL,'猫眼是指具有猫眼效应的金绿宝石，在所有宝石中，具有猫眼效应的宝石品种很多。但在国家标准中，只有具有猫眼效应的金绿宝石才能真正称呼为猫眼，其它具有猫眼效应的宝石都不能直接称为猫眼。宝石学界把具有猫眼效应的金绿宝石称之为猫眼石。一般所说的猫眼石指的是金绿猫眼宝石，而其它具有猫眼效应的宝石，必须在“猫眼”二字之前加上宝石的名称，如海蓝宝石猫眼、电气石猫眼等。','现代',NULL,NULL,1000,1000,26,0,NULL,3,1,NULL,NULL,NULL,NULL,NULL,0),
(1495,'猫眼',NULL,'猫眼是指具有猫眼效应的金绿宝石，在所有宝石中，具有猫眼效应的宝石品种很多。但在国家标准中，只有具有猫眼效应的金绿宝石才能真正称呼为猫眼，其它具有猫眼效应的宝石都不能直接称为猫眼。宝石学界把具有猫眼效应的金绿宝石称之为猫眼石。一般所说的猫眼石指的是金绿猫眼宝石，而其它具有猫眼效应的宝石，必须在“猫眼”二字之前加上宝石的名称，如海蓝宝石猫眼、电气石猫眼等。','现代',NULL,NULL,1000,1000,26,0,NULL,3,1,NULL,NULL,NULL,NULL,NULL,0),
(1496,'猫眼',NULL,'猫眼是指具有猫眼效应的金绿宝石，在所有宝石中，具有猫眼效应的宝石品种很多。但在国家标准中，只有具有猫眼效应的金绿宝石才能真正称呼为猫眼，其它具有猫眼效应的宝石都不能直接称为猫眼。宝石学界把具有猫眼效应的金绿宝石称之为猫眼石。一般所说的猫眼石指的是金绿猫眼宝石，而其它具有猫眼效应的宝石，必须在“猫眼”二字之前加上宝石的名称，如海蓝宝石猫眼、电气石猫眼等。','现代',NULL,NULL,1000,1000,26,0,NULL,3,4,NULL,NULL,NULL,NULL,NULL,0),
(1497,'猫眼',NULL,'猫眼是指具有猫眼效应的金绿宝石，在所有宝石中，具有猫眼效应的宝石品种很多。但在国家标准中，只有具有猫眼效应的金绿宝石才能真正称呼为猫眼，其它具有猫眼效应的宝石都不能直接称为猫眼。宝石学界把具有猫眼效应的金绿宝石称之为猫眼石。一般所说的猫眼石指的是金绿猫眼宝石，而其它具有猫眼效应的宝石，必须在“猫眼”二字之前加上宝石的名称，如海蓝宝石猫眼、电气石猫眼等。','现代',NULL,NULL,1000,1000,26,0,NULL,3,4,NULL,NULL,NULL,NULL,NULL,0),
(1498,'猫眼',NULL,'猫眼是指具有猫眼效应的金绿宝石，在所有宝石中，具有猫眼效应的宝石品种很多。但在国家标准中，只有具有猫眼效应的金绿宝石才能真正称呼为猫眼，其它具有猫眼效应的宝石都不能直接称为猫眼。宝石学界把具有猫眼效应的金绿宝石称之为猫眼石。一般所说的猫眼石指的是金绿猫眼宝石，而其它具有猫眼效应的宝石，必须在“猫眼”二字之前加上宝石的名称，如海蓝宝石猫眼、电气石猫眼等。','现代',NULL,NULL,1000,1000,26,0,NULL,3,4,NULL,NULL,NULL,NULL,NULL,0),
(1499,'猫眼',NULL,'猫眼是指具有猫眼效应的金绿宝石，在所有宝石中，具有猫眼效应的宝石品种很多。但在国家标准中，只有具有猫眼效应的金绿宝石才能真正称呼为猫眼，其它具有猫眼效应的宝石都不能直接称为猫眼。宝石学界把具有猫眼效应的金绿宝石称之为猫眼石。一般所说的猫眼石指的是金绿猫眼宝石，而其它具有猫眼效应的宝石，必须在“猫眼”二字之前加上宝石的名称，如海蓝宝石猫眼、电气石猫眼等。','现代',NULL,NULL,1000,1000,26,0,NULL,3,4,NULL,NULL,NULL,NULL,NULL,0),
(1500,'猫眼',NULL,'猫眼是指具有猫眼效应的金绿宝石，在所有宝石中，具有猫眼效应的宝石品种很多。但在国家标准中，只有具有猫眼效应的金绿宝石才能真正称呼为猫眼，其它具有猫眼效应的宝石都不能直接称为猫眼。宝石学界把具有猫眼效应的金绿宝石称之为猫眼石。一般所说的猫眼石指的是金绿猫眼宝石，而其它具有猫眼效应的宝石，必须在“猫眼”二字之前加上宝石的名称，如海蓝宝石猫眼、电气石猫眼等。','现代',NULL,NULL,1000,1000,26,0,NULL,3,4,NULL,NULL,NULL,NULL,NULL,0),
(1501,'猫眼',NULL,'猫眼是指具有猫眼效应的金绿宝石，在所有宝石中，具有猫眼效应的宝石品种很多。但在国家标准中，只有具有猫眼效应的金绿宝石才能真正称呼为猫眼，其它具有猫眼效应的宝石都不能直接称为猫眼。宝石学界把具有猫眼效应的金绿宝石称之为猫眼石。一般所说的猫眼石指的是金绿猫眼宝石，而其它具有猫眼效应的宝石，必须在“猫眼”二字之前加上宝石的名称，如海蓝宝石猫眼、电气石猫眼等。','现代',NULL,NULL,1000,1000,26,0,NULL,3,1,NULL,NULL,NULL,NULL,NULL,0),
(1502,'猫眼',NULL,'猫眼是指具有猫眼效应的金绿宝石，在所有宝石中，具有猫眼效应的宝石品种很多。但在国家标准中，只有具有猫眼效应的金绿宝石才能真正称呼为猫眼，其它具有猫眼效应的宝石都不能直接称为猫眼。宝石学界把具有猫眼效应的金绿宝石称之为猫眼石。一般所说的猫眼石指的是金绿猫眼宝石，而其它具有猫眼效应的宝石，必须在“猫眼”二字之前加上宝石的名称，如海蓝宝石猫眼、电气石猫眼等。','现代',NULL,NULL,1000,1000,26,0,NULL,3,1,NULL,NULL,NULL,NULL,NULL,0),
(1503,'猫眼',NULL,'猫眼是指具有猫眼效应的金绿宝石，在所有宝石中，具有猫眼效应的宝石品种很多。但在国家标准中，只有具有猫眼效应的金绿宝石才能真正称呼为猫眼，其它具有猫眼效应的宝石都不能直接称为猫眼。宝石学界把具有猫眼效应的金绿宝石称之为猫眼石。一般所说的猫眼石指的是金绿猫眼宝石，而其它具有猫眼效应的宝石，必须在“猫眼”二字之前加上宝石的名称，如海蓝宝石猫眼、电气石猫眼等。','现代',NULL,NULL,1000,1000,26,0,NULL,3,1,NULL,NULL,NULL,NULL,NULL,0),
(1504,'猫眼',NULL,'猫眼是指具有猫眼效应的金绿宝石，在所有宝石中，具有猫眼效应的宝石品种很多。但在国家标准中，只有具有猫眼效应的金绿宝石才能真正称呼为猫眼，其它具有猫眼效应的宝石都不能直接称为猫眼。宝石学界把具有猫眼效应的金绿宝石称之为猫眼石。一般所说的猫眼石指的是金绿猫眼宝石，而其它具有猫眼效应的宝石，必须在“猫眼”二字之前加上宝石的名称，如海蓝宝石猫眼、电气石猫眼等。','现代',NULL,NULL,1000,1000,26,0,NULL,3,1,NULL,NULL,NULL,NULL,NULL,0),
(1505,'猫眼',NULL,'猫眼是指具有猫眼效应的金绿宝石，在所有宝石中，具有猫眼效应的宝石品种很多。但在国家标准中，只有具有猫眼效应的金绿宝石才能真正称呼为猫眼，其它具有猫眼效应的宝石都不能直接称为猫眼。宝石学界把具有猫眼效应的金绿宝石称之为猫眼石。一般所说的猫眼石指的是金绿猫眼宝石，而其它具有猫眼效应的宝石，必须在“猫眼”二字之前加上宝石的名称，如海蓝宝石猫眼、电气石猫眼等。','现代',NULL,NULL,1000,1000,26,0,NULL,3,1,NULL,NULL,NULL,NULL,NULL,0),
(1506,'青铜器',NULL,'青铜器在世界各地均有出现，是一种世界性文明的象征。最早的青铜器出现于6000年前的古巴比伦两河流域。苏美尔文明时期雕有狮子形象的大型铜刀是早期青铜器的代表。青铜器在2000多年前逐渐由铁器所取代。','商',NULL,NULL,1000,1000,26,0,NULL,4,4,NULL,NULL,NULL,NULL,NULL,0),
(1507,'青铜器',NULL,'青铜器在世界各地均有出现，是一种世界性文明的象征。最早的青铜器出现于6000年前的古巴比伦两河流域。苏美尔文明时期雕有狮子形象的大型铜刀是早期青铜器的代表。青铜器在2000多年前逐渐由铁器所取代。','商',NULL,NULL,1000,1000,26,0,NULL,4,4,NULL,NULL,NULL,NULL,NULL,0),
(1508,'青铜器',NULL,'青铜器在世界各地均有出现，是一种世界性文明的象征。最早的青铜器出现于6000年前的古巴比伦两河流域。苏美尔文明时期雕有狮子形象的大型铜刀是早期青铜器的代表。青铜器在2000多年前逐渐由铁器所取代。','商',NULL,NULL,1000,1000,26,0,NULL,4,4,NULL,NULL,NULL,NULL,NULL,0),
(1509,'青铜器',NULL,'青铜器在世界各地均有出现，是一种世界性文明的象征。最早的青铜器出现于6000年前的古巴比伦两河流域。苏美尔文明时期雕有狮子形象的大型铜刀是早期青铜器的代表。青铜器在2000多年前逐渐由铁器所取代。','商',NULL,NULL,1000,1000,26,0,NULL,4,4,NULL,NULL,NULL,NULL,NULL,0),
(1510,'青铜器',NULL,'青铜器在世界各地均有出现，是一种世界性文明的象征。最早的青铜器出现于6000年前的古巴比伦两河流域。苏美尔文明时期雕有狮子形象的大型铜刀是早期青铜器的代表。青铜器在2000多年前逐渐由铁器所取代。','商',NULL,NULL,1000,1000,26,0,NULL,4,4,NULL,NULL,NULL,NULL,NULL,0),
(1511,'青铜器',NULL,'青铜器在世界各地均有出现，是一种世界性文明的象征。最早的青铜器出现于6000年前的古巴比伦两河流域。苏美尔文明时期雕有狮子形象的大型铜刀是早期青铜器的代表。青铜器在2000多年前逐渐由铁器所取代。','商',NULL,NULL,1000,1000,26,0,NULL,4,4,NULL,NULL,NULL,NULL,NULL,0),
(1512,'青铜器',NULL,'青铜器在世界各地均有出现，是一种世界性文明的象征。最早的青铜器出现于6000年前的古巴比伦两河流域。苏美尔文明时期雕有狮子形象的大型铜刀是早期青铜器的代表。青铜器在2000多年前逐渐由铁器所取代。','商',NULL,NULL,1000,1000,26,0,NULL,4,4,NULL,NULL,NULL,NULL,NULL,0),
(1513,'青铜器',NULL,'青铜器在世界各地均有出现，是一种世界性文明的象征。最早的青铜器出现于6000年前的古巴比伦两河流域。苏美尔文明时期雕有狮子形象的大型铜刀是早期青铜器的代表。青铜器在2000多年前逐渐由铁器所取代。','商',NULL,NULL,1000,1000,26,0,NULL,4,4,NULL,NULL,NULL,NULL,NULL,0),
(1514,'青铜器',NULL,'青铜器在世界各地均有出现，是一种世界性文明的象征。最早的青铜器出现于6000年前的古巴比伦两河流域。苏美尔文明时期雕有狮子形象的大型铜刀是早期青铜器的代表。青铜器在2000多年前逐渐由铁器所取代。','商',NULL,NULL,1000,1000,26,0,NULL,4,4,NULL,NULL,NULL,NULL,NULL,0),
(1515,'青铜器',NULL,'青铜器在世界各地均有出现，是一种世界性文明的象征。最早的青铜器出现于6000年前的古巴比伦两河流域。苏美尔文明时期雕有狮子形象的大型铜刀是早期青铜器的代表。青铜器在2000多年前逐渐由铁器所取代。','商',NULL,NULL,1000,1000,26,0,NULL,4,4,NULL,NULL,NULL,NULL,NULL,0),
(1516,'青铜器',NULL,'青铜器在世界各地均有出现，是一种世界性文明的象征。最早的青铜器出现于6000年前的古巴比伦两河流域。苏美尔文明时期雕有狮子形象的大型铜刀是早期青铜器的代表。青铜器在2000多年前逐渐由铁器所取代。','商',NULL,NULL,1000,1000,26,0,NULL,4,4,NULL,NULL,NULL,NULL,NULL,0),
(1517,'青铜器',NULL,'青铜器在世界各地均有出现，是一种世界性文明的象征。最早的青铜器出现于6000年前的古巴比伦两河流域。苏美尔文明时期雕有狮子形象的大型铜刀是早期青铜器的代表。青铜器在2000多年前逐渐由铁器所取代。','商',NULL,NULL,1000,1000,26,0,NULL,4,4,NULL,NULL,NULL,NULL,NULL,0),
(1518,'青铜器',NULL,'青铜器在世界各地均有出现，是一种世界性文明的象征。最早的青铜器出现于6000年前的古巴比伦两河流域。苏美尔文明时期雕有狮子形象的大型铜刀是早期青铜器的代表。青铜器在2000多年前逐渐由铁器所取代。','商',NULL,NULL,1000,1000,26,0,NULL,4,4,NULL,NULL,NULL,NULL,NULL,0),
(1519,'青铜器',NULL,'青铜器在世界各地均有出现，是一种世界性文明的象征。最早的青铜器出现于6000年前的古巴比伦两河流域。苏美尔文明时期雕有狮子形象的大型铜刀是早期青铜器的代表。青铜器在2000多年前逐渐由铁器所取代。','商',NULL,NULL,1000,1000,26,0,NULL,4,4,NULL,NULL,NULL,NULL,NULL,0),
(1520,'青铜器',NULL,'青铜器在世界各地均有出现，是一种世界性文明的象征。最早的青铜器出现于6000年前的古巴比伦两河流域。苏美尔文明时期雕有狮子形象的大型铜刀是早期青铜器的代表。青铜器在2000多年前逐渐由铁器所取代。','商',NULL,NULL,1000,1000,26,0,NULL,4,4,NULL,NULL,NULL,NULL,NULL,0),
(1521,'青铜器',NULL,'青铜器在世界各地均有出现，是一种世界性文明的象征。最早的青铜器出现于6000年前的古巴比伦两河流域。苏美尔文明时期雕有狮子形象的大型铜刀是早期青铜器的代表。青铜器在2000多年前逐渐由铁器所取代。','商',NULL,NULL,1000,1000,26,0,NULL,4,4,NULL,NULL,NULL,NULL,NULL,0),
(1522,'青铜器',NULL,'青铜器在世界各地均有出现，是一种世界性文明的象征。最早的青铜器出现于6000年前的古巴比伦两河流域。苏美尔文明时期雕有狮子形象的大型铜刀是早期青铜器的代表。青铜器在2000多年前逐渐由铁器所取代。','商',NULL,NULL,1000,1000,26,0,NULL,4,4,NULL,NULL,NULL,NULL,NULL,0),
(1523,'青铜器',NULL,'青铜器在世界各地均有出现，是一种世界性文明的象征。最早的青铜器出现于6000年前的古巴比伦两河流域。苏美尔文明时期雕有狮子形象的大型铜刀是早期青铜器的代表。青铜器在2000多年前逐渐由铁器所取代。','商',NULL,NULL,1000,1000,26,0,NULL,4,4,NULL,NULL,NULL,NULL,NULL,0),
(1524,'青铜器',NULL,'青铜器在世界各地均有出现，是一种世界性文明的象征。最早的青铜器出现于6000年前的古巴比伦两河流域。苏美尔文明时期雕有狮子形象的大型铜刀是早期青铜器的代表。青铜器在2000多年前逐渐由铁器所取代。','商',NULL,NULL,1000,1000,26,0,NULL,4,4,NULL,NULL,NULL,NULL,NULL,0),
(1525,'青铜器',NULL,'青铜器在世界各地均有出现，是一种世界性文明的象征。最早的青铜器出现于6000年前的古巴比伦两河流域。苏美尔文明时期雕有狮子形象的大型铜刀是早期青铜器的代表。青铜器在2000多年前逐渐由铁器所取代。','商',NULL,NULL,1000,1000,26,0,NULL,4,4,NULL,NULL,NULL,NULL,NULL,0),
(1526,'青铜器',NULL,'青铜器在世界各地均有出现，是一种世界性文明的象征。最早的青铜器出现于6000年前的古巴比伦两河流域。苏美尔文明时期雕有狮子形象的大型铜刀是早期青铜器的代表。青铜器在2000多年前逐渐由铁器所取代。','商',NULL,NULL,1000,1000,26,0,NULL,4,4,NULL,NULL,NULL,NULL,NULL,0),
(1527,'青铜器',NULL,'青铜器在世界各地均有出现，是一种世界性文明的象征。最早的青铜器出现于6000年前的古巴比伦两河流域。苏美尔文明时期雕有狮子形象的大型铜刀是早期青铜器的代表。青铜器在2000多年前逐渐由铁器所取代。','商',NULL,NULL,1000,1000,26,0,NULL,4,4,NULL,NULL,NULL,NULL,NULL,0),
(1528,'青铜器',NULL,'青铜器在世界各地均有出现，是一种世界性文明的象征。最早的青铜器出现于6000年前的古巴比伦两河流域。苏美尔文明时期雕有狮子形象的大型铜刀是早期青铜器的代表。青铜器在2000多年前逐渐由铁器所取代。','商',NULL,NULL,1000,1000,26,0,NULL,4,4,NULL,NULL,NULL,NULL,NULL,0),
(1529,'青铜器',NULL,'青铜器在世界各地均有出现，是一种世界性文明的象征。最早的青铜器出现于6000年前的古巴比伦两河流域。苏美尔文明时期雕有狮子形象的大型铜刀是早期青铜器的代表。青铜器在2000多年前逐渐由铁器所取代。','商',NULL,NULL,1000,1000,26,0,NULL,4,4,NULL,NULL,NULL,NULL,NULL,0),
(1530,'青铜器',NULL,'青铜器在世界各地均有出现，是一种世界性文明的象征。最早的青铜器出现于6000年前的古巴比伦两河流域。苏美尔文明时期雕有狮子形象的大型铜刀是早期青铜器的代表。青铜器在2000多年前逐渐由铁器所取代。','商',NULL,NULL,1000,1000,26,0,NULL,4,4,NULL,NULL,NULL,NULL,NULL,0),
(1531,'青铜器',NULL,'青铜器在世界各地均有出现，是一种世界性文明的象征。最早的青铜器出现于6000年前的古巴比伦两河流域。苏美尔文明时期雕有狮子形象的大型铜刀是早期青铜器的代表。青铜器在2000多年前逐渐由铁器所取代。','商',NULL,NULL,1000,1000,26,0,NULL,4,4,NULL,NULL,NULL,NULL,NULL,0),
(1532,'青铜器',NULL,'青铜器在世界各地均有出现，是一种世界性文明的象征。最早的青铜器出现于6000年前的古巴比伦两河流域。苏美尔文明时期雕有狮子形象的大型铜刀是早期青铜器的代表。青铜器在2000多年前逐渐由铁器所取代。','商',NULL,NULL,1000,1000,26,0,NULL,4,4,NULL,NULL,NULL,NULL,NULL,0),
(1533,'青铜器',NULL,'青铜器在世界各地均有出现，是一种世界性文明的象征。最早的青铜器出现于6000年前的古巴比伦两河流域。苏美尔文明时期雕有狮子形象的大型铜刀是早期青铜器的代表。青铜器在2000多年前逐渐由铁器所取代。','商',NULL,NULL,1000,1000,26,0,NULL,4,4,NULL,NULL,NULL,NULL,NULL,0),
(1534,'青铜器',NULL,'青铜器在世界各地均有出现，是一种世界性文明的象征。最早的青铜器出现于6000年前的古巴比伦两河流域。苏美尔文明时期雕有狮子形象的大型铜刀是早期青铜器的代表。青铜器在2000多年前逐渐由铁器所取代。','商',NULL,NULL,1000,1000,26,0,NULL,4,4,NULL,NULL,NULL,NULL,NULL,0),
(1535,'青铜器',NULL,'青铜器在世界各地均有出现，是一种世界性文明的象征。最早的青铜器出现于6000年前的古巴比伦两河流域。苏美尔文明时期雕有狮子形象的大型铜刀是早期青铜器的代表。青铜器在2000多年前逐渐由铁器所取代。','商',NULL,NULL,1000,1000,26,0,NULL,4,4,NULL,NULL,NULL,NULL,NULL,0),
(1536,'青铜器',NULL,'青铜器在世界各地均有出现，是一种世界性文明的象征。最早的青铜器出现于6000年前的古巴比伦两河流域。苏美尔文明时期雕有狮子形象的大型铜刀是早期青铜器的代表。青铜器在2000多年前逐渐由铁器所取代。','商',NULL,NULL,1000,1000,26,0,NULL,4,4,NULL,NULL,NULL,NULL,NULL,0),
(1537,'青铜器',NULL,'青铜器在世界各地均有出现，是一种世界性文明的象征。最早的青铜器出现于6000年前的古巴比伦两河流域。苏美尔文明时期雕有狮子形象的大型铜刀是早期青铜器的代表。青铜器在2000多年前逐渐由铁器所取代。','商',NULL,NULL,1000,1000,26,0,NULL,4,4,NULL,NULL,NULL,NULL,NULL,0),
(1538,'青铜器',NULL,'青铜器在世界各地均有出现，是一种世界性文明的象征。最早的青铜器出现于6000年前的古巴比伦两河流域。苏美尔文明时期雕有狮子形象的大型铜刀是早期青铜器的代表。青铜器在2000多年前逐渐由铁器所取代。','商',NULL,NULL,1000,1000,26,0,NULL,4,4,NULL,NULL,NULL,NULL,NULL,0),
(1539,'青铜器',NULL,'青铜器在世界各地均有出现，是一种世界性文明的象征。最早的青铜器出现于6000年前的古巴比伦两河流域。苏美尔文明时期雕有狮子形象的大型铜刀是早期青铜器的代表。青铜器在2000多年前逐渐由铁器所取代。','商',NULL,NULL,1000,1000,26,0,NULL,4,4,NULL,NULL,NULL,NULL,NULL,0),
(1540,'青铜器',NULL,'青铜器在世界各地均有出现，是一种世界性文明的象征。最早的青铜器出现于6000年前的古巴比伦两河流域。苏美尔文明时期雕有狮子形象的大型铜刀是早期青铜器的代表。青铜器在2000多年前逐渐由铁器所取代。','商',NULL,NULL,1000,1000,26,0,NULL,4,4,NULL,NULL,NULL,NULL,NULL,0),
(1541,'青铜器',NULL,'青铜器在世界各地均有出现，是一种世界性文明的象征。最早的青铜器出现于6000年前的古巴比伦两河流域。苏美尔文明时期雕有狮子形象的大型铜刀是早期青铜器的代表。青铜器在2000多年前逐渐由铁器所取代。','商',NULL,NULL,1000,1000,26,0,NULL,4,4,NULL,NULL,NULL,NULL,NULL,0),
(1542,'青铜器',NULL,'青铜器在世界各地均有出现，是一种世界性文明的象征。最早的青铜器出现于6000年前的古巴比伦两河流域。苏美尔文明时期雕有狮子形象的大型铜刀是早期青铜器的代表。青铜器在2000多年前逐渐由铁器所取代。','商',NULL,NULL,1000,1000,26,0,NULL,4,4,NULL,NULL,NULL,NULL,NULL,0),
(1543,'青铜器',NULL,'青铜器在世界各地均有出现，是一种世界性文明的象征。最早的青铜器出现于6000年前的古巴比伦两河流域。苏美尔文明时期雕有狮子形象的大型铜刀是早期青铜器的代表。青铜器在2000多年前逐渐由铁器所取代。','商',NULL,NULL,1000,1000,26,0,NULL,4,4,NULL,NULL,NULL,NULL,NULL,0),
(1544,'青铜器',NULL,'青铜器在世界各地均有出现，是一种世界性文明的象征。最早的青铜器出现于6000年前的古巴比伦两河流域。苏美尔文明时期雕有狮子形象的大型铜刀是早期青铜器的代表。青铜器在2000多年前逐渐由铁器所取代。','商',NULL,NULL,1000,1000,26,0,NULL,4,4,NULL,NULL,NULL,NULL,NULL,0),
(1545,'青铜器',NULL,'青铜器在世界各地均有出现，是一种世界性文明的象征。最早的青铜器出现于6000年前的古巴比伦两河流域。苏美尔文明时期雕有狮子形象的大型铜刀是早期青铜器的代表。青铜器在2000多年前逐渐由铁器所取代。','商',NULL,NULL,1000,1000,26,0,NULL,4,4,NULL,NULL,NULL,NULL,NULL,0),
(1546,'青铜器',NULL,'青铜器在世界各地均有出现，是一种世界性文明的象征。最早的青铜器出现于6000年前的古巴比伦两河流域。苏美尔文明时期雕有狮子形象的大型铜刀是早期青铜器的代表。青铜器在2000多年前逐渐由铁器所取代。','商',NULL,NULL,1000,1000,26,0,NULL,4,4,NULL,NULL,NULL,NULL,NULL,0),
(1547,'青铜器',NULL,'青铜器在世界各地均有出现，是一种世界性文明的象征。最早的青铜器出现于6000年前的古巴比伦两河流域。苏美尔文明时期雕有狮子形象的大型铜刀是早期青铜器的代表。青铜器在2000多年前逐渐由铁器所取代。','商',NULL,NULL,1000,1000,26,0,NULL,4,4,NULL,NULL,NULL,NULL,NULL,0),
(1548,'青铜器',NULL,'青铜器在世界各地均有出现，是一种世界性文明的象征。最早的青铜器出现于6000年前的古巴比伦两河流域。苏美尔文明时期雕有狮子形象的大型铜刀是早期青铜器的代表。青铜器在2000多年前逐渐由铁器所取代。','商',NULL,NULL,1000,1000,26,0,NULL,4,4,NULL,NULL,NULL,NULL,NULL,0),
(1549,'青铜器',NULL,'青铜器在世界各地均有出现，是一种世界性文明的象征。最早的青铜器出现于6000年前的古巴比伦两河流域。苏美尔文明时期雕有狮子形象的大型铜刀是早期青铜器的代表。青铜器在2000多年前逐渐由铁器所取代。','商',NULL,NULL,1000,1000,26,0,NULL,4,4,NULL,NULL,NULL,NULL,NULL,0),
(1550,'青铜器',NULL,'青铜器在世界各地均有出现，是一种世界性文明的象征。最早的青铜器出现于6000年前的古巴比伦两河流域。苏美尔文明时期雕有狮子形象的大型铜刀是早期青铜器的代表。青铜器在2000多年前逐渐由铁器所取代。','商',NULL,NULL,1000,1000,26,0,NULL,4,4,NULL,NULL,NULL,NULL,NULL,0),
(1551,'青铜器',NULL,'青铜器在世界各地均有出现，是一种世界性文明的象征。最早的青铜器出现于6000年前的古巴比伦两河流域。苏美尔文明时期雕有狮子形象的大型铜刀是早期青铜器的代表。青铜器在2000多年前逐渐由铁器所取代。','商',NULL,NULL,1000,1000,26,0,NULL,4,4,NULL,NULL,NULL,NULL,NULL,0),
(1552,'青铜器',NULL,'青铜器在世界各地均有出现，是一种世界性文明的象征。最早的青铜器出现于6000年前的古巴比伦两河流域。苏美尔文明时期雕有狮子形象的大型铜刀是早期青铜器的代表。青铜器在2000多年前逐渐由铁器所取代。','商',NULL,NULL,1000,1000,26,0,NULL,4,4,NULL,NULL,NULL,NULL,NULL,0),
(1553,'青铜器',NULL,'青铜器在世界各地均有出现，是一种世界性文明的象征。最早的青铜器出现于6000年前的古巴比伦两河流域。苏美尔文明时期雕有狮子形象的大型铜刀是早期青铜器的代表。青铜器在2000多年前逐渐由铁器所取代。','商',NULL,NULL,1000,1000,26,0,NULL,4,4,NULL,NULL,NULL,NULL,NULL,0),
(1554,'青铜器',NULL,'青铜器在世界各地均有出现，是一种世界性文明的象征。最早的青铜器出现于6000年前的古巴比伦两河流域。苏美尔文明时期雕有狮子形象的大型铜刀是早期青铜器的代表。青铜器在2000多年前逐渐由铁器所取代。','商',NULL,NULL,1000,1000,26,0,NULL,4,4,NULL,NULL,NULL,NULL,NULL,0),
(1555,'青铜器',NULL,'青铜器在世界各地均有出现，是一种世界性文明的象征。最早的青铜器出现于6000年前的古巴比伦两河流域。苏美尔文明时期雕有狮子形象的大型铜刀是早期青铜器的代表。青铜器在2000多年前逐渐由铁器所取代。','商',NULL,NULL,1000,1000,26,0,NULL,4,4,NULL,NULL,NULL,NULL,NULL,0),
(1556,'青铜器',NULL,'青铜器在世界各地均有出现，是一种世界性文明的象征。最早的青铜器出现于6000年前的古巴比伦两河流域。苏美尔文明时期雕有狮子形象的大型铜刀是早期青铜器的代表。青铜器在2000多年前逐渐由铁器所取代。','商',NULL,NULL,1000,1000,26,0,NULL,4,4,NULL,NULL,NULL,NULL,NULL,0),
(1557,'青铜器',NULL,'青铜器在世界各地均有出现，是一种世界性文明的象征。最早的青铜器出现于6000年前的古巴比伦两河流域。苏美尔文明时期雕有狮子形象的大型铜刀是早期青铜器的代表。青铜器在2000多年前逐渐由铁器所取代。','商',NULL,NULL,1000,1000,26,0,NULL,4,4,NULL,NULL,NULL,NULL,NULL,0),
(1558,'青铜器',NULL,'青铜器在世界各地均有出现，是一种世界性文明的象征。最早的青铜器出现于6000年前的古巴比伦两河流域。苏美尔文明时期雕有狮子形象的大型铜刀是早期青铜器的代表。青铜器在2000多年前逐渐由铁器所取代。','商',NULL,NULL,1000,1000,26,0,NULL,4,4,NULL,NULL,NULL,NULL,NULL,0),
(1559,'青铜器',NULL,'青铜器在世界各地均有出现，是一种世界性文明的象征。最早的青铜器出现于6000年前的古巴比伦两河流域。苏美尔文明时期雕有狮子形象的大型铜刀是早期青铜器的代表。青铜器在2000多年前逐渐由铁器所取代。','商',NULL,NULL,1000,1000,26,0,NULL,4,4,NULL,NULL,NULL,NULL,NULL,0),
(1560,'青铜器',NULL,'青铜器在世界各地均有出现，是一种世界性文明的象征。最早的青铜器出现于6000年前的古巴比伦两河流域。苏美尔文明时期雕有狮子形象的大型铜刀是早期青铜器的代表。青铜器在2000多年前逐渐由铁器所取代。','商',NULL,NULL,1000,1000,26,0,NULL,4,4,NULL,NULL,NULL,NULL,NULL,0),
(1561,'青铜器',NULL,'青铜器在世界各地均有出现，是一种世界性文明的象征。最早的青铜器出现于6000年前的古巴比伦两河流域。苏美尔文明时期雕有狮子形象的大型铜刀是早期青铜器的代表。青铜器在2000多年前逐渐由铁器所取代。','商',NULL,NULL,1000,1000,26,0,NULL,4,4,NULL,NULL,NULL,NULL,NULL,0),
(1562,'青铜器',NULL,'青铜器在世界各地均有出现，是一种世界性文明的象征。最早的青铜器出现于6000年前的古巴比伦两河流域。苏美尔文明时期雕有狮子形象的大型铜刀是早期青铜器的代表。青铜器在2000多年前逐渐由铁器所取代。','商',NULL,NULL,1000,1000,26,0,NULL,4,4,NULL,NULL,NULL,NULL,NULL,0),
(1563,'青铜器',NULL,'青铜器在世界各地均有出现，是一种世界性文明的象征。最早的青铜器出现于6000年前的古巴比伦两河流域。苏美尔文明时期雕有狮子形象的大型铜刀是早期青铜器的代表。青铜器在2000多年前逐渐由铁器所取代。','商',NULL,NULL,1000,1000,26,0,NULL,4,4,NULL,NULL,NULL,NULL,NULL,0),
(1564,'青铜器',NULL,'青铜器在世界各地均有出现，是一种世界性文明的象征。最早的青铜器出现于6000年前的古巴比伦两河流域。苏美尔文明时期雕有狮子形象的大型铜刀是早期青铜器的代表。青铜器在2000多年前逐渐由铁器所取代。','商',NULL,NULL,1000,1000,26,0,NULL,4,4,NULL,NULL,NULL,NULL,NULL,0),
(1565,'青铜器',NULL,'青铜器在世界各地均有出现，是一种世界性文明的象征。最早的青铜器出现于6000年前的古巴比伦两河流域。苏美尔文明时期雕有狮子形象的大型铜刀是早期青铜器的代表。青铜器在2000多年前逐渐由铁器所取代。','商',NULL,NULL,1000,1000,26,0,NULL,4,4,NULL,NULL,NULL,NULL,NULL,0),
(1566,'青铜器',NULL,'青铜器在世界各地均有出现，是一种世界性文明的象征。最早的青铜器出现于6000年前的古巴比伦两河流域。苏美尔文明时期雕有狮子形象的大型铜刀是早期青铜器的代表。青铜器在2000多年前逐渐由铁器所取代。','商',NULL,NULL,1000,1000,26,0,NULL,4,4,NULL,NULL,NULL,NULL,NULL,0),
(1567,'青铜器',NULL,'青铜器在世界各地均有出现，是一种世界性文明的象征。最早的青铜器出现于6000年前的古巴比伦两河流域。苏美尔文明时期雕有狮子形象的大型铜刀是早期青铜器的代表。青铜器在2000多年前逐渐由铁器所取代。','商',NULL,NULL,1000,1000,26,0,NULL,4,4,NULL,NULL,NULL,NULL,NULL,0),
(1568,'青铜器',NULL,'青铜器在世界各地均有出现，是一种世界性文明的象征。最早的青铜器出现于6000年前的古巴比伦两河流域。苏美尔文明时期雕有狮子形象的大型铜刀是早期青铜器的代表。青铜器在2000多年前逐渐由铁器所取代。','商',NULL,NULL,1000,1000,26,0,NULL,4,4,NULL,NULL,NULL,NULL,NULL,0),
(1569,'青铜器',NULL,'青铜器在世界各地均有出现，是一种世界性文明的象征。最早的青铜器出现于6000年前的古巴比伦两河流域。苏美尔文明时期雕有狮子形象的大型铜刀是早期青铜器的代表。青铜器在2000多年前逐渐由铁器所取代。','商',NULL,NULL,1000,1000,26,0,NULL,4,4,NULL,NULL,NULL,NULL,NULL,0),
(1570,'青铜器',NULL,'青铜器在世界各地均有出现，是一种世界性文明的象征。最早的青铜器出现于6000年前的古巴比伦两河流域。苏美尔文明时期雕有狮子形象的大型铜刀是早期青铜器的代表。青铜器在2000多年前逐渐由铁器所取代。','商',NULL,NULL,1000,1000,26,0,NULL,4,4,NULL,NULL,NULL,NULL,NULL,0),
(1571,'青铜器',NULL,'青铜器在世界各地均有出现，是一种世界性文明的象征。最早的青铜器出现于6000年前的古巴比伦两河流域。苏美尔文明时期雕有狮子形象的大型铜刀是早期青铜器的代表。青铜器在2000多年前逐渐由铁器所取代。','商',NULL,NULL,1000,1000,26,0,NULL,4,4,NULL,NULL,NULL,NULL,NULL,0),
(1572,'青铜器',NULL,'青铜器在世界各地均有出现，是一种世界性文明的象征。最早的青铜器出现于6000年前的古巴比伦两河流域。苏美尔文明时期雕有狮子形象的大型铜刀是早期青铜器的代表。青铜器在2000多年前逐渐由铁器所取代。','商',NULL,NULL,1000,1000,26,0,NULL,4,4,NULL,NULL,NULL,NULL,NULL,0),
(1573,'青铜器',NULL,'青铜器在世界各地均有出现，是一种世界性文明的象征。最早的青铜器出现于6000年前的古巴比伦两河流域。苏美尔文明时期雕有狮子形象的大型铜刀是早期青铜器的代表。青铜器在2000多年前逐渐由铁器所取代。','商',NULL,NULL,1000,1000,26,0,NULL,4,4,NULL,NULL,NULL,NULL,NULL,0),
(1574,'青铜器',NULL,'青铜器在世界各地均有出现，是一种世界性文明的象征。最早的青铜器出现于6000年前的古巴比伦两河流域。苏美尔文明时期雕有狮子形象的大型铜刀是早期青铜器的代表。青铜器在2000多年前逐渐由铁器所取代。','商',NULL,NULL,1000,1000,26,0,NULL,4,4,NULL,NULL,NULL,NULL,NULL,0),
(1575,'青铜器',NULL,'青铜器在世界各地均有出现，是一种世界性文明的象征。最早的青铜器出现于6000年前的古巴比伦两河流域。苏美尔文明时期雕有狮子形象的大型铜刀是早期青铜器的代表。青铜器在2000多年前逐渐由铁器所取代。','商',NULL,NULL,1000,1000,26,0,NULL,4,4,NULL,NULL,NULL,NULL,NULL,0),
(1576,'青铜器',NULL,'青铜器在世界各地均有出现，是一种世界性文明的象征。最早的青铜器出现于6000年前的古巴比伦两河流域。苏美尔文明时期雕有狮子形象的大型铜刀是早期青铜器的代表。青铜器在2000多年前逐渐由铁器所取代。','商',NULL,NULL,1000,1000,26,0,NULL,4,4,NULL,NULL,NULL,NULL,NULL,0),
(1577,'青铜器',NULL,'青铜器在世界各地均有出现，是一种世界性文明的象征。最早的青铜器出现于6000年前的古巴比伦两河流域。苏美尔文明时期雕有狮子形象的大型铜刀是早期青铜器的代表。青铜器在2000多年前逐渐由铁器所取代。','商',NULL,NULL,1000,1000,26,0,NULL,4,4,NULL,NULL,NULL,NULL,NULL,0),
(1578,'青铜器',NULL,'青铜器在世界各地均有出现，是一种世界性文明的象征。最早的青铜器出现于6000年前的古巴比伦两河流域。苏美尔文明时期雕有狮子形象的大型铜刀是早期青铜器的代表。青铜器在2000多年前逐渐由铁器所取代。','商',NULL,NULL,1000,1000,26,0,NULL,4,4,NULL,NULL,NULL,NULL,NULL,0),
(1579,'青铜器',NULL,'青铜器在世界各地均有出现，是一种世界性文明的象征。最早的青铜器出现于6000年前的古巴比伦两河流域。苏美尔文明时期雕有狮子形象的大型铜刀是早期青铜器的代表。青铜器在2000多年前逐渐由铁器所取代。','商',NULL,NULL,1000,1000,26,0,NULL,4,4,NULL,NULL,NULL,NULL,NULL,0),
(1580,'青铜器',NULL,'青铜器在世界各地均有出现，是一种世界性文明的象征。最早的青铜器出现于6000年前的古巴比伦两河流域。苏美尔文明时期雕有狮子形象的大型铜刀是早期青铜器的代表。青铜器在2000多年前逐渐由铁器所取代。','商',NULL,NULL,1000,1000,26,0,NULL,4,4,NULL,NULL,NULL,NULL,NULL,0),
(1581,'青铜器',NULL,'青铜器在世界各地均有出现，是一种世界性文明的象征。最早的青铜器出现于6000年前的古巴比伦两河流域。苏美尔文明时期雕有狮子形象的大型铜刀是早期青铜器的代表。青铜器在2000多年前逐渐由铁器所取代。','商',NULL,NULL,1000,1000,26,0,NULL,4,4,NULL,NULL,NULL,NULL,NULL,0),
(1582,'青铜器',NULL,'青铜器在世界各地均有出现，是一种世界性文明的象征。最早的青铜器出现于6000年前的古巴比伦两河流域。苏美尔文明时期雕有狮子形象的大型铜刀是早期青铜器的代表。青铜器在2000多年前逐渐由铁器所取代。','商',NULL,NULL,1000,1000,26,0,NULL,4,4,NULL,NULL,NULL,NULL,NULL,0),
(1583,'青铜器',NULL,'青铜器在世界各地均有出现，是一种世界性文明的象征。最早的青铜器出现于6000年前的古巴比伦两河流域。苏美尔文明时期雕有狮子形象的大型铜刀是早期青铜器的代表。青铜器在2000多年前逐渐由铁器所取代。','商',NULL,NULL,1000,1000,26,0,NULL,4,4,NULL,NULL,NULL,NULL,NULL,0),
(1584,'青铜器',NULL,'青铜器在世界各地均有出现，是一种世界性文明的象征。最早的青铜器出现于6000年前的古巴比伦两河流域。苏美尔文明时期雕有狮子形象的大型铜刀是早期青铜器的代表。青铜器在2000多年前逐渐由铁器所取代。','商',NULL,NULL,1000,1000,26,0,NULL,4,4,NULL,NULL,NULL,NULL,NULL,0),
(1585,'青铜器',NULL,'青铜器在世界各地均有出现，是一种世界性文明的象征。最早的青铜器出现于6000年前的古巴比伦两河流域。苏美尔文明时期雕有狮子形象的大型铜刀是早期青铜器的代表。青铜器在2000多年前逐渐由铁器所取代。','商',NULL,NULL,1000,1000,26,0,NULL,4,4,NULL,NULL,NULL,NULL,NULL,0),
(1586,'青铜器',NULL,'青铜器在世界各地均有出现，是一种世界性文明的象征。最早的青铜器出现于6000年前的古巴比伦两河流域。苏美尔文明时期雕有狮子形象的大型铜刀是早期青铜器的代表。青铜器在2000多年前逐渐由铁器所取代。','商',NULL,NULL,1000,1000,26,0,NULL,4,1,NULL,NULL,NULL,NULL,NULL,0),
(1587,'青铜器',NULL,'青铜器在世界各地均有出现，是一种世界性文明的象征。最早的青铜器出现于6000年前的古巴比伦两河流域。苏美尔文明时期雕有狮子形象的大型铜刀是早期青铜器的代表。青铜器在2000多年前逐渐由铁器所取代。','商',NULL,NULL,1000,1000,26,0,NULL,4,1,NULL,NULL,NULL,NULL,NULL,0),
(1588,'青铜器',NULL,'青铜器在世界各地均有出现，是一种世界性文明的象征。最早的青铜器出现于6000年前的古巴比伦两河流域。苏美尔文明时期雕有狮子形象的大型铜刀是早期青铜器的代表。青铜器在2000多年前逐渐由铁器所取代。','商',NULL,NULL,1000,1000,26,0,NULL,4,1,NULL,NULL,NULL,NULL,NULL,0),
(1589,'青铜器',NULL,'青铜器在世界各地均有出现，是一种世界性文明的象征。最早的青铜器出现于6000年前的古巴比伦两河流域。苏美尔文明时期雕有狮子形象的大型铜刀是早期青铜器的代表。青铜器在2000多年前逐渐由铁器所取代。','商',NULL,NULL,1000,1000,26,0,NULL,4,1,NULL,NULL,NULL,NULL,NULL,0),
(1590,'青铜器',NULL,'青铜器在世界各地均有出现，是一种世界性文明的象征。最早的青铜器出现于6000年前的古巴比伦两河流域。苏美尔文明时期雕有狮子形象的大型铜刀是早期青铜器的代表。青铜器在2000多年前逐渐由铁器所取代。','商',NULL,NULL,1000,1000,26,0,NULL,4,1,NULL,NULL,NULL,NULL,NULL,0),
(1591,'青铜器',NULL,'青铜器在世界各地均有出现，是一种世界性文明的象征。最早的青铜器出现于6000年前的古巴比伦两河流域。苏美尔文明时期雕有狮子形象的大型铜刀是早期青铜器的代表。青铜器在2000多年前逐渐由铁器所取代。','商',NULL,NULL,1000,1000,26,0,NULL,4,4,NULL,NULL,NULL,NULL,NULL,0),
(1592,'青铜器',NULL,'青铜器在世界各地均有出现，是一种世界性文明的象征。最早的青铜器出现于6000年前的古巴比伦两河流域。苏美尔文明时期雕有狮子形象的大型铜刀是早期青铜器的代表。青铜器在2000多年前逐渐由铁器所取代。','商',NULL,NULL,1000,1000,26,0,NULL,4,4,NULL,NULL,NULL,NULL,NULL,0),
(1593,'青铜器',NULL,'青铜器在世界各地均有出现，是一种世界性文明的象征。最早的青铜器出现于6000年前的古巴比伦两河流域。苏美尔文明时期雕有狮子形象的大型铜刀是早期青铜器的代表。青铜器在2000多年前逐渐由铁器所取代。','商',NULL,NULL,1000,1000,26,0,NULL,4,4,NULL,NULL,NULL,NULL,NULL,0),
(1594,'青铜器',NULL,'青铜器在世界各地均有出现，是一种世界性文明的象征。最早的青铜器出现于6000年前的古巴比伦两河流域。苏美尔文明时期雕有狮子形象的大型铜刀是早期青铜器的代表。青铜器在2000多年前逐渐由铁器所取代。','商',NULL,NULL,1000,1000,26,0,NULL,4,4,NULL,NULL,NULL,NULL,NULL,0),
(1595,'青铜器',NULL,'青铜器在世界各地均有出现，是一种世界性文明的象征。最早的青铜器出现于6000年前的古巴比伦两河流域。苏美尔文明时期雕有狮子形象的大型铜刀是早期青铜器的代表。青铜器在2000多年前逐渐由铁器所取代。','商',NULL,NULL,1000,1000,26,0,NULL,4,4,NULL,NULL,NULL,NULL,NULL,0),
(1596,'青铜器',NULL,'青铜器在世界各地均有出现，是一种世界性文明的象征。最早的青铜器出现于6000年前的古巴比伦两河流域。苏美尔文明时期雕有狮子形象的大型铜刀是早期青铜器的代表。青铜器在2000多年前逐渐由铁器所取代。','商',NULL,NULL,1000,1000,26,0,NULL,4,1,NULL,NULL,NULL,NULL,NULL,0),
(1597,'青铜器',NULL,'青铜器在世界各地均有出现，是一种世界性文明的象征。最早的青铜器出现于6000年前的古巴比伦两河流域。苏美尔文明时期雕有狮子形象的大型铜刀是早期青铜器的代表。青铜器在2000多年前逐渐由铁器所取代。','商',NULL,NULL,1000,1000,26,0,NULL,4,1,NULL,NULL,NULL,NULL,NULL,0),
(1598,'青铜器',NULL,'青铜器在世界各地均有出现，是一种世界性文明的象征。最早的青铜器出现于6000年前的古巴比伦两河流域。苏美尔文明时期雕有狮子形象的大型铜刀是早期青铜器的代表。青铜器在2000多年前逐渐由铁器所取代。','商',NULL,NULL,1000,1000,26,0,NULL,4,1,NULL,NULL,NULL,NULL,NULL,0),
(1599,'青铜器',NULL,'青铜器在世界各地均有出现，是一种世界性文明的象征。最早的青铜器出现于6000年前的古巴比伦两河流域。苏美尔文明时期雕有狮子形象的大型铜刀是早期青铜器的代表。青铜器在2000多年前逐渐由铁器所取代。','商',NULL,NULL,1000,1000,26,0,NULL,4,1,NULL,NULL,NULL,NULL,NULL,0),
(1600,'青铜器',NULL,'青铜器在世界各地均有出现，是一种世界性文明的象征。最早的青铜器出现于6000年前的古巴比伦两河流域。苏美尔文明时期雕有狮子形象的大型铜刀是早期青铜器的代表。青铜器在2000多年前逐渐由铁器所取代。','商',NULL,NULL,1000,1000,26,0,NULL,4,1,NULL,NULL,NULL,NULL,NULL,0),
(1601,'青铜器',NULL,'青铜器在世界各地均有出现，是一种世界性文明的象征。最早的青铜器出现于6000年前的古巴比伦两河流域。苏美尔文明时期雕有狮子形象的大型铜刀是早期青铜器的代表。青铜器在2000多年前逐渐由铁器所取代。','商',NULL,NULL,1000,1000,26,0,NULL,4,4,NULL,NULL,NULL,NULL,NULL,0),
(1602,'青铜器',NULL,'青铜器在世界各地均有出现，是一种世界性文明的象征。最早的青铜器出现于6000年前的古巴比伦两河流域。苏美尔文明时期雕有狮子形象的大型铜刀是早期青铜器的代表。青铜器在2000多年前逐渐由铁器所取代。','商',NULL,NULL,1000,1000,26,0,NULL,4,4,NULL,NULL,NULL,NULL,NULL,0),
(1603,'青铜器',NULL,'青铜器在世界各地均有出现，是一种世界性文明的象征。最早的青铜器出现于6000年前的古巴比伦两河流域。苏美尔文明时期雕有狮子形象的大型铜刀是早期青铜器的代表。青铜器在2000多年前逐渐由铁器所取代。','商',NULL,NULL,1000,1000,26,0,NULL,4,4,NULL,NULL,NULL,NULL,NULL,0),
(1604,'青铜器',NULL,'青铜器在世界各地均有出现，是一种世界性文明的象征。最早的青铜器出现于6000年前的古巴比伦两河流域。苏美尔文明时期雕有狮子形象的大型铜刀是早期青铜器的代表。青铜器在2000多年前逐渐由铁器所取代。','商',NULL,NULL,1000,1000,26,0,NULL,4,4,NULL,NULL,NULL,NULL,NULL,0),
(1605,'青铜器',NULL,'青铜器在世界各地均有出现，是一种世界性文明的象征。最早的青铜器出现于6000年前的古巴比伦两河流域。苏美尔文明时期雕有狮子形象的大型铜刀是早期青铜器的代表。青铜器在2000多年前逐渐由铁器所取代。','商',NULL,NULL,1000,1000,26,0,NULL,4,4,NULL,NULL,NULL,NULL,NULL,0),
(1606,'古筝',NULL,'筝的形制为长方形木质音箱，弦架“筝柱”（即雁柱）可以自由移动，一弦一音，按五声音阶排列，最早以25弦筝为最多（分瑟为筝），唐宋时有弦十三根，后增至十六根、十八弦、二十一弦等，目前最常用的规格为二十一弦；通常古筝的型号前用S163-21，S代表S形岳山，是王巽之与缪金林共同发明，163代表古筝长度是163厘米左右，21代表古筝弦数21根。','现代',NULL,NULL,1000,1000,26,0,NULL,5,1,NULL,NULL,NULL,NULL,NULL,0),
(1607,'古筝',NULL,'筝的形制为长方形木质音箱，弦架“筝柱”（即雁柱）可以自由移动，一弦一音，按五声音阶排列，最早以25弦筝为最多（分瑟为筝），唐宋时有弦十三根，后增至十六根、十八弦、二十一弦等，目前最常用的规格为二十一弦；通常古筝的型号前用S163-21，S代表S形岳山，是王巽之与缪金林共同发明，163代表古筝长度是163厘米左右，21代表古筝弦数21根。','现代',NULL,NULL,1000,1000,26,0,NULL,5,1,NULL,NULL,NULL,NULL,NULL,0),
(1608,'古筝',NULL,'筝的形制为长方形木质音箱，弦架“筝柱”（即雁柱）可以自由移动，一弦一音，按五声音阶排列，最早以25弦筝为最多（分瑟为筝），唐宋时有弦十三根，后增至十六根、十八弦、二十一弦等，目前最常用的规格为二十一弦；通常古筝的型号前用S163-21，S代表S形岳山，是王巽之与缪金林共同发明，163代表古筝长度是163厘米左右，21代表古筝弦数21根。','现代',NULL,NULL,1000,1000,26,0,NULL,5,1,NULL,NULL,NULL,NULL,NULL,0),
(1609,'古筝',NULL,'筝的形制为长方形木质音箱，弦架“筝柱”（即雁柱）可以自由移动，一弦一音，按五声音阶排列，最早以25弦筝为最多（分瑟为筝），唐宋时有弦十三根，后增至十六根、十八弦、二十一弦等，目前最常用的规格为二十一弦；通常古筝的型号前用S163-21，S代表S形岳山，是王巽之与缪金林共同发明，163代表古筝长度是163厘米左右，21代表古筝弦数21根。','现代',NULL,NULL,1000,1000,26,0,NULL,5,1,NULL,NULL,NULL,NULL,NULL,0),
(1610,'古筝',NULL,'筝的形制为长方形木质音箱，弦架“筝柱”（即雁柱）可以自由移动，一弦一音，按五声音阶排列，最早以25弦筝为最多（分瑟为筝），唐宋时有弦十三根，后增至十六根、十八弦、二十一弦等，目前最常用的规格为二十一弦；通常古筝的型号前用S163-21，S代表S形岳山，是王巽之与缪金林共同发明，163代表古筝长度是163厘米左右，21代表古筝弦数21根。','现代',NULL,NULL,1000,1000,26,0,NULL,5,1,NULL,NULL,NULL,NULL,NULL,0),
(1611,'古筝',NULL,'筝的形制为长方形木质音箱，弦架“筝柱”（即雁柱）可以自由移动，一弦一音，按五声音阶排列，最早以25弦筝为最多（分瑟为筝），唐宋时有弦十三根，后增至十六根、十八弦、二十一弦等，目前最常用的规格为二十一弦；通常古筝的型号前用S163-21，S代表S形岳山，是王巽之与缪金林共同发明，163代表古筝长度是163厘米左右，21代表古筝弦数21根。','现代',NULL,NULL,1000,1000,26,0,NULL,5,4,NULL,NULL,NULL,NULL,NULL,0),
(1612,'古筝',NULL,'筝的形制为长方形木质音箱，弦架“筝柱”（即雁柱）可以自由移动，一弦一音，按五声音阶排列，最早以25弦筝为最多（分瑟为筝），唐宋时有弦十三根，后增至十六根、十八弦、二十一弦等，目前最常用的规格为二十一弦；通常古筝的型号前用S163-21，S代表S形岳山，是王巽之与缪金林共同发明，163代表古筝长度是163厘米左右，21代表古筝弦数21根。','现代',NULL,NULL,1000,1000,26,0,NULL,5,4,NULL,NULL,NULL,NULL,NULL,0),
(1613,'古筝',NULL,'筝的形制为长方形木质音箱，弦架“筝柱”（即雁柱）可以自由移动，一弦一音，按五声音阶排列，最早以25弦筝为最多（分瑟为筝），唐宋时有弦十三根，后增至十六根、十八弦、二十一弦等，目前最常用的规格为二十一弦；通常古筝的型号前用S163-21，S代表S形岳山，是王巽之与缪金林共同发明，163代表古筝长度是163厘米左右，21代表古筝弦数21根。','现代',NULL,NULL,1000,1000,26,0,NULL,5,4,NULL,NULL,NULL,NULL,NULL,0),
(1614,'古筝',NULL,'筝的形制为长方形木质音箱，弦架“筝柱”（即雁柱）可以自由移动，一弦一音，按五声音阶排列，最早以25弦筝为最多（分瑟为筝），唐宋时有弦十三根，后增至十六根、十八弦、二十一弦等，目前最常用的规格为二十一弦；通常古筝的型号前用S163-21，S代表S形岳山，是王巽之与缪金林共同发明，163代表古筝长度是163厘米左右，21代表古筝弦数21根。','现代',NULL,NULL,1000,1000,26,0,NULL,5,4,NULL,NULL,NULL,NULL,NULL,0),
(1615,'古筝',NULL,'筝的形制为长方形木质音箱，弦架“筝柱”（即雁柱）可以自由移动，一弦一音，按五声音阶排列，最早以25弦筝为最多（分瑟为筝），唐宋时有弦十三根，后增至十六根、十八弦、二十一弦等，目前最常用的规格为二十一弦；通常古筝的型号前用S163-21，S代表S形岳山，是王巽之与缪金林共同发明，163代表古筝长度是163厘米左右，21代表古筝弦数21根。','现代',NULL,NULL,1000,1000,26,0,NULL,5,4,NULL,NULL,NULL,NULL,NULL,0),
(1616,'古筝',NULL,'筝的形制为长方形木质音箱，弦架“筝柱”（即雁柱）可以自由移动，一弦一音，按五声音阶排列，最早以25弦筝为最多（分瑟为筝），唐宋时有弦十三根，后增至十六根、十八弦、二十一弦等，目前最常用的规格为二十一弦；通常古筝的型号前用S163-21，S代表S形岳山，是王巽之与缪金林共同发明，163代表古筝长度是163厘米左右，21代表古筝弦数21根。','现代',NULL,NULL,1000,1000,26,0,NULL,5,1,NULL,NULL,NULL,NULL,NULL,0),
(1617,'古筝',NULL,'筝的形制为长方形木质音箱，弦架“筝柱”（即雁柱）可以自由移动，一弦一音，按五声音阶排列，最早以25弦筝为最多（分瑟为筝），唐宋时有弦十三根，后增至十六根、十八弦、二十一弦等，目前最常用的规格为二十一弦；通常古筝的型号前用S163-21，S代表S形岳山，是王巽之与缪金林共同发明，163代表古筝长度是163厘米左右，21代表古筝弦数21根。','现代',NULL,NULL,1000,1000,26,0,NULL,5,1,NULL,NULL,NULL,NULL,NULL,0),
(1618,'古筝',NULL,'筝的形制为长方形木质音箱，弦架“筝柱”（即雁柱）可以自由移动，一弦一音，按五声音阶排列，最早以25弦筝为最多（分瑟为筝），唐宋时有弦十三根，后增至十六根、十八弦、二十一弦等，目前最常用的规格为二十一弦；通常古筝的型号前用S163-21，S代表S形岳山，是王巽之与缪金林共同发明，163代表古筝长度是163厘米左右，21代表古筝弦数21根。','现代',NULL,NULL,1000,1000,26,0,NULL,5,1,NULL,NULL,NULL,NULL,NULL,0),
(1619,'古筝',NULL,'筝的形制为长方形木质音箱，弦架“筝柱”（即雁柱）可以自由移动，一弦一音，按五声音阶排列，最早以25弦筝为最多（分瑟为筝），唐宋时有弦十三根，后增至十六根、十八弦、二十一弦等，目前最常用的规格为二十一弦；通常古筝的型号前用S163-21，S代表S形岳山，是王巽之与缪金林共同发明，163代表古筝长度是163厘米左右，21代表古筝弦数21根。','现代',NULL,NULL,1000,1000,26,0,NULL,5,1,NULL,NULL,NULL,NULL,NULL,0),
(1620,'古筝',NULL,'筝的形制为长方形木质音箱，弦架“筝柱”（即雁柱）可以自由移动，一弦一音，按五声音阶排列，最早以25弦筝为最多（分瑟为筝），唐宋时有弦十三根，后增至十六根、十八弦、二十一弦等，目前最常用的规格为二十一弦；通常古筝的型号前用S163-21，S代表S形岳山，是王巽之与缪金林共同发明，163代表古筝长度是163厘米左右，21代表古筝弦数21根。','现代',NULL,NULL,1000,1000,26,0,NULL,5,1,NULL,NULL,NULL,NULL,NULL,0),
(1621,'古筝',NULL,'筝的形制为长方形木质音箱，弦架“筝柱”（即雁柱）可以自由移动，一弦一音，按五声音阶排列，最早以25弦筝为最多（分瑟为筝），唐宋时有弦十三根，后增至十六根、十八弦、二十一弦等，目前最常用的规格为二十一弦；通常古筝的型号前用S163-21，S代表S形岳山，是王巽之与缪金林共同发明，163代表古筝长度是163厘米左右，21代表古筝弦数21根。','现代',NULL,NULL,1000,1000,26,0,NULL,5,4,NULL,NULL,NULL,NULL,NULL,0),
(1622,'古筝',NULL,'筝的形制为长方形木质音箱，弦架“筝柱”（即雁柱）可以自由移动，一弦一音，按五声音阶排列，最早以25弦筝为最多（分瑟为筝），唐宋时有弦十三根，后增至十六根、十八弦、二十一弦等，目前最常用的规格为二十一弦；通常古筝的型号前用S163-21，S代表S形岳山，是王巽之与缪金林共同发明，163代表古筝长度是163厘米左右，21代表古筝弦数21根。','现代',NULL,NULL,1000,1000,26,0,NULL,5,4,NULL,NULL,NULL,NULL,NULL,0),
(1623,'古筝',NULL,'筝的形制为长方形木质音箱，弦架“筝柱”（即雁柱）可以自由移动，一弦一音，按五声音阶排列，最早以25弦筝为最多（分瑟为筝），唐宋时有弦十三根，后增至十六根、十八弦、二十一弦等，目前最常用的规格为二十一弦；通常古筝的型号前用S163-21，S代表S形岳山，是王巽之与缪金林共同发明，163代表古筝长度是163厘米左右，21代表古筝弦数21根。','现代',NULL,NULL,1000,1000,26,0,NULL,5,4,NULL,NULL,NULL,NULL,NULL,0),
(1624,'古筝',NULL,'筝的形制为长方形木质音箱，弦架“筝柱”（即雁柱）可以自由移动，一弦一音，按五声音阶排列，最早以25弦筝为最多（分瑟为筝），唐宋时有弦十三根，后增至十六根、十八弦、二十一弦等，目前最常用的规格为二十一弦；通常古筝的型号前用S163-21，S代表S形岳山，是王巽之与缪金林共同发明，163代表古筝长度是163厘米左右，21代表古筝弦数21根。','现代',NULL,NULL,1000,1000,26,0,NULL,5,4,NULL,NULL,NULL,NULL,NULL,0),
(1625,'古筝',NULL,'筝的形制为长方形木质音箱，弦架“筝柱”（即雁柱）可以自由移动，一弦一音，按五声音阶排列，最早以25弦筝为最多（分瑟为筝），唐宋时有弦十三根，后增至十六根、十八弦、二十一弦等，目前最常用的规格为二十一弦；通常古筝的型号前用S163-21，S代表S形岳山，是王巽之与缪金林共同发明，163代表古筝长度是163厘米左右，21代表古筝弦数21根。','现代',NULL,NULL,1000,1000,26,0,NULL,5,4,NULL,NULL,NULL,NULL,NULL,0),
(1626,'古筝',NULL,'筝的形制为长方形木质音箱，弦架“筝柱”（即雁柱）可以自由移动，一弦一音，按五声音阶排列，最早以25弦筝为最多（分瑟为筝），唐宋时有弦十三根，后增至十六根、十八弦、二十一弦等，目前最常用的规格为二十一弦；通常古筝的型号前用S163-21，S代表S形岳山，是王巽之与缪金林共同发明，163代表古筝长度是163厘米左右，21代表古筝弦数21根。','现代',NULL,NULL,1000,1000,26,0,NULL,5,1,NULL,NULL,NULL,NULL,NULL,0),
(1627,'古筝',NULL,'筝的形制为长方形木质音箱，弦架“筝柱”（即雁柱）可以自由移动，一弦一音，按五声音阶排列，最早以25弦筝为最多（分瑟为筝），唐宋时有弦十三根，后增至十六根、十八弦、二十一弦等，目前最常用的规格为二十一弦；通常古筝的型号前用S163-21，S代表S形岳山，是王巽之与缪金林共同发明，163代表古筝长度是163厘米左右，21代表古筝弦数21根。','现代',NULL,NULL,1000,1000,26,0,NULL,5,1,NULL,NULL,NULL,NULL,NULL,0),
(1628,'古筝',NULL,'筝的形制为长方形木质音箱，弦架“筝柱”（即雁柱）可以自由移动，一弦一音，按五声音阶排列，最早以25弦筝为最多（分瑟为筝），唐宋时有弦十三根，后增至十六根、十八弦、二十一弦等，目前最常用的规格为二十一弦；通常古筝的型号前用S163-21，S代表S形岳山，是王巽之与缪金林共同发明，163代表古筝长度是163厘米左右，21代表古筝弦数21根。','现代',NULL,NULL,1000,1000,26,0,NULL,5,1,NULL,NULL,NULL,NULL,NULL,0),
(1629,'古筝',NULL,'筝的形制为长方形木质音箱，弦架“筝柱”（即雁柱）可以自由移动，一弦一音，按五声音阶排列，最早以25弦筝为最多（分瑟为筝），唐宋时有弦十三根，后增至十六根、十八弦、二十一弦等，目前最常用的规格为二十一弦；通常古筝的型号前用S163-21，S代表S形岳山，是王巽之与缪金林共同发明，163代表古筝长度是163厘米左右，21代表古筝弦数21根。','现代',NULL,NULL,1000,1000,26,0,NULL,5,1,NULL,NULL,NULL,NULL,NULL,0),
(1630,'古筝',NULL,'筝的形制为长方形木质音箱，弦架“筝柱”（即雁柱）可以自由移动，一弦一音，按五声音阶排列，最早以25弦筝为最多（分瑟为筝），唐宋时有弦十三根，后增至十六根、十八弦、二十一弦等，目前最常用的规格为二十一弦；通常古筝的型号前用S163-21，S代表S形岳山，是王巽之与缪金林共同发明，163代表古筝长度是163厘米左右，21代表古筝弦数21根。','现代',NULL,NULL,1000,1000,26,0,NULL,5,1,NULL,NULL,NULL,NULL,NULL,0),
(1631,'古筝',NULL,'筝的形制为长方形木质音箱，弦架“筝柱”（即雁柱）可以自由移动，一弦一音，按五声音阶排列，最早以25弦筝为最多（分瑟为筝），唐宋时有弦十三根，后增至十六根、十八弦、二十一弦等，目前最常用的规格为二十一弦；通常古筝的型号前用S163-21，S代表S形岳山，是王巽之与缪金林共同发明，163代表古筝长度是163厘米左右，21代表古筝弦数21根。','现代',NULL,NULL,1000,1000,26,0,NULL,5,4,NULL,NULL,NULL,NULL,NULL,0),
(1632,'古筝',NULL,'筝的形制为长方形木质音箱，弦架“筝柱”（即雁柱）可以自由移动，一弦一音，按五声音阶排列，最早以25弦筝为最多（分瑟为筝），唐宋时有弦十三根，后增至十六根、十八弦、二十一弦等，目前最常用的规格为二十一弦；通常古筝的型号前用S163-21，S代表S形岳山，是王巽之与缪金林共同发明，163代表古筝长度是163厘米左右，21代表古筝弦数21根。','现代',NULL,NULL,1000,1000,26,0,NULL,5,4,NULL,NULL,NULL,NULL,NULL,0),
(1633,'古筝',NULL,'筝的形制为长方形木质音箱，弦架“筝柱”（即雁柱）可以自由移动，一弦一音，按五声音阶排列，最早以25弦筝为最多（分瑟为筝），唐宋时有弦十三根，后增至十六根、十八弦、二十一弦等，目前最常用的规格为二十一弦；通常古筝的型号前用S163-21，S代表S形岳山，是王巽之与缪金林共同发明，163代表古筝长度是163厘米左右，21代表古筝弦数21根。','现代',NULL,NULL,1000,1000,26,0,NULL,5,4,NULL,NULL,NULL,NULL,NULL,0),
(1634,'古筝',NULL,'筝的形制为长方形木质音箱，弦架“筝柱”（即雁柱）可以自由移动，一弦一音，按五声音阶排列，最早以25弦筝为最多（分瑟为筝），唐宋时有弦十三根，后增至十六根、十八弦、二十一弦等，目前最常用的规格为二十一弦；通常古筝的型号前用S163-21，S代表S形岳山，是王巽之与缪金林共同发明，163代表古筝长度是163厘米左右，21代表古筝弦数21根。','现代',NULL,NULL,1000,1000,26,0,NULL,5,4,NULL,NULL,NULL,NULL,NULL,0),
(1635,'古筝',NULL,'筝的形制为长方形木质音箱，弦架“筝柱”（即雁柱）可以自由移动，一弦一音，按五声音阶排列，最早以25弦筝为最多（分瑟为筝），唐宋时有弦十三根，后增至十六根、十八弦、二十一弦等，目前最常用的规格为二十一弦；通常古筝的型号前用S163-21，S代表S形岳山，是王巽之与缪金林共同发明，163代表古筝长度是163厘米左右，21代表古筝弦数21根。','现代',NULL,NULL,1000,1000,26,0,NULL,5,4,NULL,NULL,NULL,NULL,NULL,0),
(1636,'古筝',NULL,'筝的形制为长方形木质音箱，弦架“筝柱”（即雁柱）可以自由移动，一弦一音，按五声音阶排列，最早以25弦筝为最多（分瑟为筝），唐宋时有弦十三根，后增至十六根、十八弦、二十一弦等，目前最常用的规格为二十一弦；通常古筝的型号前用S163-21，S代表S形岳山，是王巽之与缪金林共同发明，163代表古筝长度是163厘米左右，21代表古筝弦数21根。','现代',NULL,NULL,1000,1000,26,0,NULL,5,1,NULL,NULL,NULL,NULL,NULL,0),
(1637,'古筝',NULL,'筝的形制为长方形木质音箱，弦架“筝柱”（即雁柱）可以自由移动，一弦一音，按五声音阶排列，最早以25弦筝为最多（分瑟为筝），唐宋时有弦十三根，后增至十六根、十八弦、二十一弦等，目前最常用的规格为二十一弦；通常古筝的型号前用S163-21，S代表S形岳山，是王巽之与缪金林共同发明，163代表古筝长度是163厘米左右，21代表古筝弦数21根。','现代',NULL,NULL,1000,1000,26,0,NULL,5,1,NULL,NULL,NULL,NULL,NULL,0),
(1638,'古筝',NULL,'筝的形制为长方形木质音箱，弦架“筝柱”（即雁柱）可以自由移动，一弦一音，按五声音阶排列，最早以25弦筝为最多（分瑟为筝），唐宋时有弦十三根，后增至十六根、十八弦、二十一弦等，目前最常用的规格为二十一弦；通常古筝的型号前用S163-21，S代表S形岳山，是王巽之与缪金林共同发明，163代表古筝长度是163厘米左右，21代表古筝弦数21根。','现代',NULL,NULL,1000,1000,26,0,NULL,5,1,NULL,NULL,NULL,NULL,NULL,0),
(1639,'古筝',NULL,'筝的形制为长方形木质音箱，弦架“筝柱”（即雁柱）可以自由移动，一弦一音，按五声音阶排列，最早以25弦筝为最多（分瑟为筝），唐宋时有弦十三根，后增至十六根、十八弦、二十一弦等，目前最常用的规格为二十一弦；通常古筝的型号前用S163-21，S代表S形岳山，是王巽之与缪金林共同发明，163代表古筝长度是163厘米左右，21代表古筝弦数21根。','现代',NULL,NULL,1000,1000,26,0,NULL,5,1,NULL,NULL,NULL,NULL,NULL,0),
(1640,'古筝',NULL,'筝的形制为长方形木质音箱，弦架“筝柱”（即雁柱）可以自由移动，一弦一音，按五声音阶排列，最早以25弦筝为最多（分瑟为筝），唐宋时有弦十三根，后增至十六根、十八弦、二十一弦等，目前最常用的规格为二十一弦；通常古筝的型号前用S163-21，S代表S形岳山，是王巽之与缪金林共同发明，163代表古筝长度是163厘米左右，21代表古筝弦数21根。','现代',NULL,NULL,1000,1000,26,0,NULL,5,1,NULL,NULL,NULL,NULL,NULL,0),
(1641,'古筝',NULL,'筝的形制为长方形木质音箱，弦架“筝柱”（即雁柱）可以自由移动，一弦一音，按五声音阶排列，最早以25弦筝为最多（分瑟为筝），唐宋时有弦十三根，后增至十六根、十八弦、二十一弦等，目前最常用的规格为二十一弦；通常古筝的型号前用S163-21，S代表S形岳山，是王巽之与缪金林共同发明，163代表古筝长度是163厘米左右，21代表古筝弦数21根。','现代',NULL,NULL,1000,1000,26,0,NULL,5,4,NULL,NULL,NULL,NULL,NULL,0),
(1642,'古筝',NULL,'筝的形制为长方形木质音箱，弦架“筝柱”（即雁柱）可以自由移动，一弦一音，按五声音阶排列，最早以25弦筝为最多（分瑟为筝），唐宋时有弦十三根，后增至十六根、十八弦、二十一弦等，目前最常用的规格为二十一弦；通常古筝的型号前用S163-21，S代表S形岳山，是王巽之与缪金林共同发明，163代表古筝长度是163厘米左右，21代表古筝弦数21根。','现代',NULL,NULL,1000,1000,26,0,NULL,5,4,NULL,NULL,NULL,NULL,NULL,0),
(1643,'古筝',NULL,'筝的形制为长方形木质音箱，弦架“筝柱”（即雁柱）可以自由移动，一弦一音，按五声音阶排列，最早以25弦筝为最多（分瑟为筝），唐宋时有弦十三根，后增至十六根、十八弦、二十一弦等，目前最常用的规格为二十一弦；通常古筝的型号前用S163-21，S代表S形岳山，是王巽之与缪金林共同发明，163代表古筝长度是163厘米左右，21代表古筝弦数21根。','现代',NULL,NULL,1000,1000,26,0,NULL,5,4,NULL,NULL,NULL,NULL,NULL,0),
(1644,'古筝',NULL,'筝的形制为长方形木质音箱，弦架“筝柱”（即雁柱）可以自由移动，一弦一音，按五声音阶排列，最早以25弦筝为最多（分瑟为筝），唐宋时有弦十三根，后增至十六根、十八弦、二十一弦等，目前最常用的规格为二十一弦；通常古筝的型号前用S163-21，S代表S形岳山，是王巽之与缪金林共同发明，163代表古筝长度是163厘米左右，21代表古筝弦数21根。','现代',NULL,NULL,1000,1000,26,0,NULL,5,4,NULL,NULL,NULL,NULL,NULL,0),
(1645,'古筝',NULL,'筝的形制为长方形木质音箱，弦架“筝柱”（即雁柱）可以自由移动，一弦一音，按五声音阶排列，最早以25弦筝为最多（分瑟为筝），唐宋时有弦十三根，后增至十六根、十八弦、二十一弦等，目前最常用的规格为二十一弦；通常古筝的型号前用S163-21，S代表S形岳山，是王巽之与缪金林共同发明，163代表古筝长度是163厘米左右，21代表古筝弦数21根。','现代',NULL,NULL,1000,1000,26,0,NULL,5,4,NULL,NULL,NULL,NULL,NULL,0),
(1646,'古筝',NULL,'筝的形制为长方形木质音箱，弦架“筝柱”（即雁柱）可以自由移动，一弦一音，按五声音阶排列，最早以25弦筝为最多（分瑟为筝），唐宋时有弦十三根，后增至十六根、十八弦、二十一弦等，目前最常用的规格为二十一弦；通常古筝的型号前用S163-21，S代表S形岳山，是王巽之与缪金林共同发明，163代表古筝长度是163厘米左右，21代表古筝弦数21根。','现代',NULL,NULL,1000,1000,26,0,NULL,5,1,NULL,NULL,NULL,NULL,NULL,0),
(1647,'古筝',NULL,'筝的形制为长方形木质音箱，弦架“筝柱”（即雁柱）可以自由移动，一弦一音，按五声音阶排列，最早以25弦筝为最多（分瑟为筝），唐宋时有弦十三根，后增至十六根、十八弦、二十一弦等，目前最常用的规格为二十一弦；通常古筝的型号前用S163-21，S代表S形岳山，是王巽之与缪金林共同发明，163代表古筝长度是163厘米左右，21代表古筝弦数21根。','现代',NULL,NULL,1000,1000,26,0,NULL,5,1,NULL,NULL,NULL,NULL,NULL,0),
(1648,'古筝',NULL,'筝的形制为长方形木质音箱，弦架“筝柱”（即雁柱）可以自由移动，一弦一音，按五声音阶排列，最早以25弦筝为最多（分瑟为筝），唐宋时有弦十三根，后增至十六根、十八弦、二十一弦等，目前最常用的规格为二十一弦；通常古筝的型号前用S163-21，S代表S形岳山，是王巽之与缪金林共同发明，163代表古筝长度是163厘米左右，21代表古筝弦数21根。','现代',NULL,NULL,1000,1000,26,0,NULL,5,1,NULL,NULL,NULL,NULL,NULL,0),
(1649,'古筝',NULL,'筝的形制为长方形木质音箱，弦架“筝柱”（即雁柱）可以自由移动，一弦一音，按五声音阶排列，最早以25弦筝为最多（分瑟为筝），唐宋时有弦十三根，后增至十六根、十八弦、二十一弦等，目前最常用的规格为二十一弦；通常古筝的型号前用S163-21，S代表S形岳山，是王巽之与缪金林共同发明，163代表古筝长度是163厘米左右，21代表古筝弦数21根。','现代',NULL,NULL,1000,1000,26,0,NULL,5,1,NULL,NULL,NULL,NULL,NULL,0),
(1650,'古筝',NULL,'筝的形制为长方形木质音箱，弦架“筝柱”（即雁柱）可以自由移动，一弦一音，按五声音阶排列，最早以25弦筝为最多（分瑟为筝），唐宋时有弦十三根，后增至十六根、十八弦、二十一弦等，目前最常用的规格为二十一弦；通常古筝的型号前用S163-21，S代表S形岳山，是王巽之与缪金林共同发明，163代表古筝长度是163厘米左右，21代表古筝弦数21根。','现代',NULL,NULL,1000,1000,26,0,NULL,5,1,NULL,NULL,NULL,NULL,NULL,0),
(1651,'古筝',NULL,'筝的形制为长方形木质音箱，弦架“筝柱”（即雁柱）可以自由移动，一弦一音，按五声音阶排列，最早以25弦筝为最多（分瑟为筝），唐宋时有弦十三根，后增至十六根、十八弦、二十一弦等，目前最常用的规格为二十一弦；通常古筝的型号前用S163-21，S代表S形岳山，是王巽之与缪金林共同发明，163代表古筝长度是163厘米左右，21代表古筝弦数21根。','现代',NULL,NULL,1000,1000,26,0,NULL,5,4,NULL,NULL,NULL,NULL,NULL,0),
(1652,'古筝',NULL,'筝的形制为长方形木质音箱，弦架“筝柱”（即雁柱）可以自由移动，一弦一音，按五声音阶排列，最早以25弦筝为最多（分瑟为筝），唐宋时有弦十三根，后增至十六根、十八弦、二十一弦等，目前最常用的规格为二十一弦；通常古筝的型号前用S163-21，S代表S形岳山，是王巽之与缪金林共同发明，163代表古筝长度是163厘米左右，21代表古筝弦数21根。','现代',NULL,NULL,1000,1000,26,0,NULL,5,4,NULL,NULL,NULL,NULL,NULL,0),
(1653,'古筝',NULL,'筝的形制为长方形木质音箱，弦架“筝柱”（即雁柱）可以自由移动，一弦一音，按五声音阶排列，最早以25弦筝为最多（分瑟为筝），唐宋时有弦十三根，后增至十六根、十八弦、二十一弦等，目前最常用的规格为二十一弦；通常古筝的型号前用S163-21，S代表S形岳山，是王巽之与缪金林共同发明，163代表古筝长度是163厘米左右，21代表古筝弦数21根。','现代',NULL,NULL,1000,1000,26,0,NULL,5,4,NULL,NULL,NULL,NULL,NULL,0),
(1654,'古筝',NULL,'筝的形制为长方形木质音箱，弦架“筝柱”（即雁柱）可以自由移动，一弦一音，按五声音阶排列，最早以25弦筝为最多（分瑟为筝），唐宋时有弦十三根，后增至十六根、十八弦、二十一弦等，目前最常用的规格为二十一弦；通常古筝的型号前用S163-21，S代表S形岳山，是王巽之与缪金林共同发明，163代表古筝长度是163厘米左右，21代表古筝弦数21根。','现代',NULL,NULL,1000,1000,26,0,NULL,5,4,NULL,NULL,NULL,NULL,NULL,0),
(1655,'古筝',NULL,'筝的形制为长方形木质音箱，弦架“筝柱”（即雁柱）可以自由移动，一弦一音，按五声音阶排列，最早以25弦筝为最多（分瑟为筝），唐宋时有弦十三根，后增至十六根、十八弦、二十一弦等，目前最常用的规格为二十一弦；通常古筝的型号前用S163-21，S代表S形岳山，是王巽之与缪金林共同发明，163代表古筝长度是163厘米左右，21代表古筝弦数21根。','现代',NULL,NULL,1000,1000,26,0,NULL,5,4,NULL,NULL,NULL,NULL,NULL,0),
(1656,'古筝',NULL,'筝的形制为长方形木质音箱，弦架“筝柱”（即雁柱）可以自由移动，一弦一音，按五声音阶排列，最早以25弦筝为最多（分瑟为筝），唐宋时有弦十三根，后增至十六根、十八弦、二十一弦等，目前最常用的规格为二十一弦；通常古筝的型号前用S163-21，S代表S形岳山，是王巽之与缪金林共同发明，163代表古筝长度是163厘米左右，21代表古筝弦数21根。','现代',NULL,NULL,1000,1000,26,0,NULL,5,1,NULL,NULL,NULL,NULL,NULL,0),
(1657,'古筝',NULL,'筝的形制为长方形木质音箱，弦架“筝柱”（即雁柱）可以自由移动，一弦一音，按五声音阶排列，最早以25弦筝为最多（分瑟为筝），唐宋时有弦十三根，后增至十六根、十八弦、二十一弦等，目前最常用的规格为二十一弦；通常古筝的型号前用S163-21，S代表S形岳山，是王巽之与缪金林共同发明，163代表古筝长度是163厘米左右，21代表古筝弦数21根。','现代',NULL,NULL,1000,1000,26,0,NULL,5,1,NULL,NULL,NULL,NULL,NULL,0),
(1658,'古筝',NULL,'筝的形制为长方形木质音箱，弦架“筝柱”（即雁柱）可以自由移动，一弦一音，按五声音阶排列，最早以25弦筝为最多（分瑟为筝），唐宋时有弦十三根，后增至十六根、十八弦、二十一弦等，目前最常用的规格为二十一弦；通常古筝的型号前用S163-21，S代表S形岳山，是王巽之与缪金林共同发明，163代表古筝长度是163厘米左右，21代表古筝弦数21根。','现代',NULL,NULL,1000,1000,26,0,NULL,5,1,NULL,NULL,NULL,NULL,NULL,0),
(1659,'古筝',NULL,'筝的形制为长方形木质音箱，弦架“筝柱”（即雁柱）可以自由移动，一弦一音，按五声音阶排列，最早以25弦筝为最多（分瑟为筝），唐宋时有弦十三根，后增至十六根、十八弦、二十一弦等，目前最常用的规格为二十一弦；通常古筝的型号前用S163-21，S代表S形岳山，是王巽之与缪金林共同发明，163代表古筝长度是163厘米左右，21代表古筝弦数21根。','现代',NULL,NULL,1000,1000,26,0,NULL,5,1,NULL,NULL,NULL,NULL,NULL,0),
(1660,'古筝',NULL,'筝的形制为长方形木质音箱，弦架“筝柱”（即雁柱）可以自由移动，一弦一音，按五声音阶排列，最早以25弦筝为最多（分瑟为筝），唐宋时有弦十三根，后增至十六根、十八弦、二十一弦等，目前最常用的规格为二十一弦；通常古筝的型号前用S163-21，S代表S形岳山，是王巽之与缪金林共同发明，163代表古筝长度是163厘米左右，21代表古筝弦数21根。','现代',NULL,NULL,1000,1000,26,0,NULL,5,1,NULL,NULL,NULL,NULL,NULL,0),
(1661,'古筝',NULL,'筝的形制为长方形木质音箱，弦架“筝柱”（即雁柱）可以自由移动，一弦一音，按五声音阶排列，最早以25弦筝为最多（分瑟为筝），唐宋时有弦十三根，后增至十六根、十八弦、二十一弦等，目前最常用的规格为二十一弦；通常古筝的型号前用S163-21，S代表S形岳山，是王巽之与缪金林共同发明，163代表古筝长度是163厘米左右，21代表古筝弦数21根。','现代',NULL,NULL,1000,1000,26,0,NULL,5,4,NULL,NULL,NULL,NULL,NULL,0),
(1662,'古筝',NULL,'筝的形制为长方形木质音箱，弦架“筝柱”（即雁柱）可以自由移动，一弦一音，按五声音阶排列，最早以25弦筝为最多（分瑟为筝），唐宋时有弦十三根，后增至十六根、十八弦、二十一弦等，目前最常用的规格为二十一弦；通常古筝的型号前用S163-21，S代表S形岳山，是王巽之与缪金林共同发明，163代表古筝长度是163厘米左右，21代表古筝弦数21根。','现代',NULL,NULL,1000,1000,26,0,NULL,5,4,NULL,NULL,NULL,NULL,NULL,0),
(1663,'古筝',NULL,'筝的形制为长方形木质音箱，弦架“筝柱”（即雁柱）可以自由移动，一弦一音，按五声音阶排列，最早以25弦筝为最多（分瑟为筝），唐宋时有弦十三根，后增至十六根、十八弦、二十一弦等，目前最常用的规格为二十一弦；通常古筝的型号前用S163-21，S代表S形岳山，是王巽之与缪金林共同发明，163代表古筝长度是163厘米左右，21代表古筝弦数21根。','现代',NULL,NULL,1000,1000,26,0,NULL,5,4,NULL,NULL,NULL,NULL,NULL,0),
(1664,'古筝',NULL,'筝的形制为长方形木质音箱，弦架“筝柱”（即雁柱）可以自由移动，一弦一音，按五声音阶排列，最早以25弦筝为最多（分瑟为筝），唐宋时有弦十三根，后增至十六根、十八弦、二十一弦等，目前最常用的规格为二十一弦；通常古筝的型号前用S163-21，S代表S形岳山，是王巽之与缪金林共同发明，163代表古筝长度是163厘米左右，21代表古筝弦数21根。','现代',NULL,NULL,1000,1000,26,0,NULL,5,4,NULL,NULL,NULL,NULL,NULL,0),
(1665,'古筝',NULL,'筝的形制为长方形木质音箱，弦架“筝柱”（即雁柱）可以自由移动，一弦一音，按五声音阶排列，最早以25弦筝为最多（分瑟为筝），唐宋时有弦十三根，后增至十六根、十八弦、二十一弦等，目前最常用的规格为二十一弦；通常古筝的型号前用S163-21，S代表S形岳山，是王巽之与缪金林共同发明，163代表古筝长度是163厘米左右，21代表古筝弦数21根。','现代',NULL,NULL,1000,1000,26,0,NULL,5,4,NULL,NULL,NULL,NULL,NULL,0),
(1666,'古筝',NULL,'筝的形制为长方形木质音箱，弦架“筝柱”（即雁柱）可以自由移动，一弦一音，按五声音阶排列，最早以25弦筝为最多（分瑟为筝），唐宋时有弦十三根，后增至十六根、十八弦、二十一弦等，目前最常用的规格为二十一弦；通常古筝的型号前用S163-21，S代表S形岳山，是王巽之与缪金林共同发明，163代表古筝长度是163厘米左右，21代表古筝弦数21根。','现代',NULL,NULL,1000,1000,26,0,NULL,5,1,NULL,NULL,NULL,NULL,NULL,0),
(1667,'古筝',NULL,'筝的形制为长方形木质音箱，弦架“筝柱”（即雁柱）可以自由移动，一弦一音，按五声音阶排列，最早以25弦筝为最多（分瑟为筝），唐宋时有弦十三根，后增至十六根、十八弦、二十一弦等，目前最常用的规格为二十一弦；通常古筝的型号前用S163-21，S代表S形岳山，是王巽之与缪金林共同发明，163代表古筝长度是163厘米左右，21代表古筝弦数21根。','现代',NULL,NULL,1000,1000,26,0,NULL,5,1,NULL,NULL,NULL,NULL,NULL,0),
(1668,'古筝',NULL,'筝的形制为长方形木质音箱，弦架“筝柱”（即雁柱）可以自由移动，一弦一音，按五声音阶排列，最早以25弦筝为最多（分瑟为筝），唐宋时有弦十三根，后增至十六根、十八弦、二十一弦等，目前最常用的规格为二十一弦；通常古筝的型号前用S163-21，S代表S形岳山，是王巽之与缪金林共同发明，163代表古筝长度是163厘米左右，21代表古筝弦数21根。','现代',NULL,NULL,1000,1000,26,0,NULL,5,1,NULL,NULL,NULL,NULL,NULL,0),
(1669,'古筝',NULL,'筝的形制为长方形木质音箱，弦架“筝柱”（即雁柱）可以自由移动，一弦一音，按五声音阶排列，最早以25弦筝为最多（分瑟为筝），唐宋时有弦十三根，后增至十六根、十八弦、二十一弦等，目前最常用的规格为二十一弦；通常古筝的型号前用S163-21，S代表S形岳山，是王巽之与缪金林共同发明，163代表古筝长度是163厘米左右，21代表古筝弦数21根。','现代',NULL,NULL,1000,1000,26,0,NULL,5,1,NULL,NULL,NULL,NULL,NULL,0),
(1670,'古筝',NULL,'筝的形制为长方形木质音箱，弦架“筝柱”（即雁柱）可以自由移动，一弦一音，按五声音阶排列，最早以25弦筝为最多（分瑟为筝），唐宋时有弦十三根，后增至十六根、十八弦、二十一弦等，目前最常用的规格为二十一弦；通常古筝的型号前用S163-21，S代表S形岳山，是王巽之与缪金林共同发明，163代表古筝长度是163厘米左右，21代表古筝弦数21根。','现代',NULL,NULL,1000,1000,26,0,NULL,5,1,NULL,NULL,NULL,NULL,NULL,0),
(1671,'古筝',NULL,'筝的形制为长方形木质音箱，弦架“筝柱”（即雁柱）可以自由移动，一弦一音，按五声音阶排列，最早以25弦筝为最多（分瑟为筝），唐宋时有弦十三根，后增至十六根、十八弦、二十一弦等，目前最常用的规格为二十一弦；通常古筝的型号前用S163-21，S代表S形岳山，是王巽之与缪金林共同发明，163代表古筝长度是163厘米左右，21代表古筝弦数21根。','现代',NULL,NULL,1000,1000,26,0,NULL,5,4,NULL,NULL,NULL,NULL,NULL,0),
(1672,'古筝',NULL,'筝的形制为长方形木质音箱，弦架“筝柱”（即雁柱）可以自由移动，一弦一音，按五声音阶排列，最早以25弦筝为最多（分瑟为筝），唐宋时有弦十三根，后增至十六根、十八弦、二十一弦等，目前最常用的规格为二十一弦；通常古筝的型号前用S163-21，S代表S形岳山，是王巽之与缪金林共同发明，163代表古筝长度是163厘米左右，21代表古筝弦数21根。','现代',NULL,NULL,1000,1000,26,0,NULL,5,4,NULL,NULL,NULL,NULL,NULL,0),
(1673,'古筝',NULL,'筝的形制为长方形木质音箱，弦架“筝柱”（即雁柱）可以自由移动，一弦一音，按五声音阶排列，最早以25弦筝为最多（分瑟为筝），唐宋时有弦十三根，后增至十六根、十八弦、二十一弦等，目前最常用的规格为二十一弦；通常古筝的型号前用S163-21，S代表S形岳山，是王巽之与缪金林共同发明，163代表古筝长度是163厘米左右，21代表古筝弦数21根。','现代',NULL,NULL,1000,1000,26,0,NULL,5,4,NULL,NULL,NULL,NULL,NULL,0),
(1674,'古筝',NULL,'筝的形制为长方形木质音箱，弦架“筝柱”（即雁柱）可以自由移动，一弦一音，按五声音阶排列，最早以25弦筝为最多（分瑟为筝），唐宋时有弦十三根，后增至十六根、十八弦、二十一弦等，目前最常用的规格为二十一弦；通常古筝的型号前用S163-21，S代表S形岳山，是王巽之与缪金林共同发明，163代表古筝长度是163厘米左右，21代表古筝弦数21根。','现代',NULL,NULL,1000,1000,26,0,NULL,5,4,NULL,NULL,NULL,NULL,NULL,0),
(1675,'古筝',NULL,'筝的形制为长方形木质音箱，弦架“筝柱”（即雁柱）可以自由移动，一弦一音，按五声音阶排列，最早以25弦筝为最多（分瑟为筝），唐宋时有弦十三根，后增至十六根、十八弦、二十一弦等，目前最常用的规格为二十一弦；通常古筝的型号前用S163-21，S代表S形岳山，是王巽之与缪金林共同发明，163代表古筝长度是163厘米左右，21代表古筝弦数21根。','现代',NULL,NULL,1000,1000,26,0,NULL,5,4,NULL,NULL,NULL,NULL,NULL,0),
(1676,'古筝',NULL,'筝的形制为长方形木质音箱，弦架“筝柱”（即雁柱）可以自由移动，一弦一音，按五声音阶排列，最早以25弦筝为最多（分瑟为筝），唐宋时有弦十三根，后增至十六根、十八弦、二十一弦等，目前最常用的规格为二十一弦；通常古筝的型号前用S163-21，S代表S形岳山，是王巽之与缪金林共同发明，163代表古筝长度是163厘米左右，21代表古筝弦数21根。','现代',NULL,NULL,1000,1000,26,0,NULL,5,1,NULL,NULL,NULL,NULL,NULL,0),
(1677,'古筝',NULL,'筝的形制为长方形木质音箱，弦架“筝柱”（即雁柱）可以自由移动，一弦一音，按五声音阶排列，最早以25弦筝为最多（分瑟为筝），唐宋时有弦十三根，后增至十六根、十八弦、二十一弦等，目前最常用的规格为二十一弦；通常古筝的型号前用S163-21，S代表S形岳山，是王巽之与缪金林共同发明，163代表古筝长度是163厘米左右，21代表古筝弦数21根。','现代',NULL,NULL,1000,1000,26,0,NULL,5,1,NULL,NULL,NULL,NULL,NULL,0),
(1678,'古筝',NULL,'筝的形制为长方形木质音箱，弦架“筝柱”（即雁柱）可以自由移动，一弦一音，按五声音阶排列，最早以25弦筝为最多（分瑟为筝），唐宋时有弦十三根，后增至十六根、十八弦、二十一弦等，目前最常用的规格为二十一弦；通常古筝的型号前用S163-21，S代表S形岳山，是王巽之与缪金林共同发明，163代表古筝长度是163厘米左右，21代表古筝弦数21根。','现代',NULL,NULL,1000,1000,26,0,NULL,5,1,NULL,NULL,NULL,NULL,NULL,0),
(1679,'古筝',NULL,'筝的形制为长方形木质音箱，弦架“筝柱”（即雁柱）可以自由移动，一弦一音，按五声音阶排列，最早以25弦筝为最多（分瑟为筝），唐宋时有弦十三根，后增至十六根、十八弦、二十一弦等，目前最常用的规格为二十一弦；通常古筝的型号前用S163-21，S代表S形岳山，是王巽之与缪金林共同发明，163代表古筝长度是163厘米左右，21代表古筝弦数21根。','现代',NULL,NULL,1000,1000,26,0,NULL,5,1,NULL,NULL,NULL,NULL,NULL,0),
(1680,'古筝',NULL,'筝的形制为长方形木质音箱，弦架“筝柱”（即雁柱）可以自由移动，一弦一音，按五声音阶排列，最早以25弦筝为最多（分瑟为筝），唐宋时有弦十三根，后增至十六根、十八弦、二十一弦等，目前最常用的规格为二十一弦；通常古筝的型号前用S163-21，S代表S形岳山，是王巽之与缪金林共同发明，163代表古筝长度是163厘米左右，21代表古筝弦数21根。','现代',NULL,NULL,1000,1000,26,0,NULL,5,1,NULL,NULL,NULL,NULL,NULL,0),
(1681,'古筝',NULL,'筝的形制为长方形木质音箱，弦架“筝柱”（即雁柱）可以自由移动，一弦一音，按五声音阶排列，最早以25弦筝为最多（分瑟为筝），唐宋时有弦十三根，后增至十六根、十八弦、二十一弦等，目前最常用的规格为二十一弦；通常古筝的型号前用S163-21，S代表S形岳山，是王巽之与缪金林共同发明，163代表古筝长度是163厘米左右，21代表古筝弦数21根。','现代',NULL,NULL,1000,1000,26,0,NULL,5,4,NULL,NULL,NULL,NULL,NULL,0),
(1682,'古筝',NULL,'筝的形制为长方形木质音箱，弦架“筝柱”（即雁柱）可以自由移动，一弦一音，按五声音阶排列，最早以25弦筝为最多（分瑟为筝），唐宋时有弦十三根，后增至十六根、十八弦、二十一弦等，目前最常用的规格为二十一弦；通常古筝的型号前用S163-21，S代表S形岳山，是王巽之与缪金林共同发明，163代表古筝长度是163厘米左右，21代表古筝弦数21根。','现代',NULL,NULL,1000,1000,26,0,NULL,5,4,NULL,NULL,NULL,NULL,NULL,0),
(1683,'古筝',NULL,'筝的形制为长方形木质音箱，弦架“筝柱”（即雁柱）可以自由移动，一弦一音，按五声音阶排列，最早以25弦筝为最多（分瑟为筝），唐宋时有弦十三根，后增至十六根、十八弦、二十一弦等，目前最常用的规格为二十一弦；通常古筝的型号前用S163-21，S代表S形岳山，是王巽之与缪金林共同发明，163代表古筝长度是163厘米左右，21代表古筝弦数21根。','现代',NULL,NULL,1000,1000,26,0,NULL,5,4,NULL,NULL,NULL,NULL,NULL,0),
(1684,'古筝',NULL,'筝的形制为长方形木质音箱，弦架“筝柱”（即雁柱）可以自由移动，一弦一音，按五声音阶排列，最早以25弦筝为最多（分瑟为筝），唐宋时有弦十三根，后增至十六根、十八弦、二十一弦等，目前最常用的规格为二十一弦；通常古筝的型号前用S163-21，S代表S形岳山，是王巽之与缪金林共同发明，163代表古筝长度是163厘米左右，21代表古筝弦数21根。','现代',NULL,NULL,1000,1000,26,0,NULL,5,4,NULL,NULL,NULL,NULL,NULL,0),
(1685,'古筝',NULL,'筝的形制为长方形木质音箱，弦架“筝柱”（即雁柱）可以自由移动，一弦一音，按五声音阶排列，最早以25弦筝为最多（分瑟为筝），唐宋时有弦十三根，后增至十六根、十八弦、二十一弦等，目前最常用的规格为二十一弦；通常古筝的型号前用S163-21，S代表S形岳山，是王巽之与缪金林共同发明，163代表古筝长度是163厘米左右，21代表古筝弦数21根。','现代',NULL,NULL,1000,1000,26,0,NULL,5,4,NULL,NULL,NULL,NULL,NULL,0),
(1686,'古筝',NULL,'筝的形制为长方形木质音箱，弦架“筝柱”（即雁柱）可以自由移动，一弦一音，按五声音阶排列，最早以25弦筝为最多（分瑟为筝），唐宋时有弦十三根，后增至十六根、十八弦、二十一弦等，目前最常用的规格为二十一弦；通常古筝的型号前用S163-21，S代表S形岳山，是王巽之与缪金林共同发明，163代表古筝长度是163厘米左右，21代表古筝弦数21根。','现代',NULL,NULL,1000,1000,26,0,NULL,5,1,NULL,NULL,NULL,NULL,NULL,0),
(1687,'古筝',NULL,'筝的形制为长方形木质音箱，弦架“筝柱”（即雁柱）可以自由移动，一弦一音，按五声音阶排列，最早以25弦筝为最多（分瑟为筝），唐宋时有弦十三根，后增至十六根、十八弦、二十一弦等，目前最常用的规格为二十一弦；通常古筝的型号前用S163-21，S代表S形岳山，是王巽之与缪金林共同发明，163代表古筝长度是163厘米左右，21代表古筝弦数21根。','现代',NULL,NULL,1000,1000,26,0,NULL,5,1,NULL,NULL,NULL,NULL,NULL,0),
(1688,'古筝',NULL,'筝的形制为长方形木质音箱，弦架“筝柱”（即雁柱）可以自由移动，一弦一音，按五声音阶排列，最早以25弦筝为最多（分瑟为筝），唐宋时有弦十三根，后增至十六根、十八弦、二十一弦等，目前最常用的规格为二十一弦；通常古筝的型号前用S163-21，S代表S形岳山，是王巽之与缪金林共同发明，163代表古筝长度是163厘米左右，21代表古筝弦数21根。','现代',NULL,NULL,1000,1000,26,0,NULL,5,1,NULL,NULL,NULL,NULL,NULL,0),
(1689,'古筝',NULL,'筝的形制为长方形木质音箱，弦架“筝柱”（即雁柱）可以自由移动，一弦一音，按五声音阶排列，最早以25弦筝为最多（分瑟为筝），唐宋时有弦十三根，后增至十六根、十八弦、二十一弦等，目前最常用的规格为二十一弦；通常古筝的型号前用S163-21，S代表S形岳山，是王巽之与缪金林共同发明，163代表古筝长度是163厘米左右，21代表古筝弦数21根。','现代',NULL,NULL,1000,1000,26,0,NULL,5,1,NULL,NULL,NULL,NULL,NULL,0),
(1690,'古筝',NULL,'筝的形制为长方形木质音箱，弦架“筝柱”（即雁柱）可以自由移动，一弦一音，按五声音阶排列，最早以25弦筝为最多（分瑟为筝），唐宋时有弦十三根，后增至十六根、十八弦、二十一弦等，目前最常用的规格为二十一弦；通常古筝的型号前用S163-21，S代表S形岳山，是王巽之与缪金林共同发明，163代表古筝长度是163厘米左右，21代表古筝弦数21根。','现代',NULL,NULL,1000,1000,26,0,NULL,5,1,NULL,NULL,NULL,NULL,NULL,0),
(1691,'古筝',NULL,'筝的形制为长方形木质音箱，弦架“筝柱”（即雁柱）可以自由移动，一弦一音，按五声音阶排列，最早以25弦筝为最多（分瑟为筝），唐宋时有弦十三根，后增至十六根、十八弦、二十一弦等，目前最常用的规格为二十一弦；通常古筝的型号前用S163-21，S代表S形岳山，是王巽之与缪金林共同发明，163代表古筝长度是163厘米左右，21代表古筝弦数21根。','现代',NULL,NULL,1000,1000,26,0,NULL,5,4,NULL,NULL,NULL,NULL,NULL,0),
(1692,'古筝',NULL,'筝的形制为长方形木质音箱，弦架“筝柱”（即雁柱）可以自由移动，一弦一音，按五声音阶排列，最早以25弦筝为最多（分瑟为筝），唐宋时有弦十三根，后增至十六根、十八弦、二十一弦等，目前最常用的规格为二十一弦；通常古筝的型号前用S163-21，S代表S形岳山，是王巽之与缪金林共同发明，163代表古筝长度是163厘米左右，21代表古筝弦数21根。','现代',NULL,NULL,1000,1000,26,0,NULL,5,4,NULL,NULL,NULL,NULL,NULL,0),
(1693,'古筝',NULL,'筝的形制为长方形木质音箱，弦架“筝柱”（即雁柱）可以自由移动，一弦一音，按五声音阶排列，最早以25弦筝为最多（分瑟为筝），唐宋时有弦十三根，后增至十六根、十八弦、二十一弦等，目前最常用的规格为二十一弦；通常古筝的型号前用S163-21，S代表S形岳山，是王巽之与缪金林共同发明，163代表古筝长度是163厘米左右，21代表古筝弦数21根。','现代',NULL,NULL,1000,1000,26,0,NULL,5,4,NULL,NULL,NULL,NULL,NULL,0),
(1694,'古筝',NULL,'筝的形制为长方形木质音箱，弦架“筝柱”（即雁柱）可以自由移动，一弦一音，按五声音阶排列，最早以25弦筝为最多（分瑟为筝），唐宋时有弦十三根，后增至十六根、十八弦、二十一弦等，目前最常用的规格为二十一弦；通常古筝的型号前用S163-21，S代表S形岳山，是王巽之与缪金林共同发明，163代表古筝长度是163厘米左右，21代表古筝弦数21根。','现代',NULL,NULL,1000,1000,26,0,NULL,5,4,NULL,NULL,NULL,NULL,NULL,0),
(1695,'古筝',NULL,'筝的形制为长方形木质音箱，弦架“筝柱”（即雁柱）可以自由移动，一弦一音，按五声音阶排列，最早以25弦筝为最多（分瑟为筝），唐宋时有弦十三根，后增至十六根、十八弦、二十一弦等，目前最常用的规格为二十一弦；通常古筝的型号前用S163-21，S代表S形岳山，是王巽之与缪金林共同发明，163代表古筝长度是163厘米左右，21代表古筝弦数21根。','现代',NULL,NULL,1000,1000,26,0,NULL,5,4,NULL,NULL,NULL,NULL,NULL,0),
(1696,'古筝',NULL,'筝的形制为长方形木质音箱，弦架“筝柱”（即雁柱）可以自由移动，一弦一音，按五声音阶排列，最早以25弦筝为最多（分瑟为筝），唐宋时有弦十三根，后增至十六根、十八弦、二十一弦等，目前最常用的规格为二十一弦；通常古筝的型号前用S163-21，S代表S形岳山，是王巽之与缪金林共同发明，163代表古筝长度是163厘米左右，21代表古筝弦数21根。','现代',NULL,NULL,1000,1000,26,0,NULL,5,1,NULL,NULL,NULL,NULL,NULL,0),
(1697,'古筝',NULL,'筝的形制为长方形木质音箱，弦架“筝柱”（即雁柱）可以自由移动，一弦一音，按五声音阶排列，最早以25弦筝为最多（分瑟为筝），唐宋时有弦十三根，后增至十六根、十八弦、二十一弦等，目前最常用的规格为二十一弦；通常古筝的型号前用S163-21，S代表S形岳山，是王巽之与缪金林共同发明，163代表古筝长度是163厘米左右，21代表古筝弦数21根。','现代',NULL,NULL,1000,1000,26,0,NULL,5,1,NULL,NULL,NULL,NULL,NULL,0),
(1698,'古筝',NULL,'筝的形制为长方形木质音箱，弦架“筝柱”（即雁柱）可以自由移动，一弦一音，按五声音阶排列，最早以25弦筝为最多（分瑟为筝），唐宋时有弦十三根，后增至十六根、十八弦、二十一弦等，目前最常用的规格为二十一弦；通常古筝的型号前用S163-21，S代表S形岳山，是王巽之与缪金林共同发明，163代表古筝长度是163厘米左右，21代表古筝弦数21根。','现代',NULL,NULL,1000,1000,26,0,NULL,5,1,NULL,NULL,NULL,NULL,NULL,0),
(1699,'古筝',NULL,'筝的形制为长方形木质音箱，弦架“筝柱”（即雁柱）可以自由移动，一弦一音，按五声音阶排列，最早以25弦筝为最多（分瑟为筝），唐宋时有弦十三根，后增至十六根、十八弦、二十一弦等，目前最常用的规格为二十一弦；通常古筝的型号前用S163-21，S代表S形岳山，是王巽之与缪金林共同发明，163代表古筝长度是163厘米左右，21代表古筝弦数21根。','现代',NULL,NULL,1000,1000,26,0,NULL,5,1,NULL,NULL,NULL,NULL,NULL,0),
(1700,'古筝',NULL,'筝的形制为长方形木质音箱，弦架“筝柱”（即雁柱）可以自由移动，一弦一音，按五声音阶排列，最早以25弦筝为最多（分瑟为筝），唐宋时有弦十三根，后增至十六根、十八弦、二十一弦等，目前最常用的规格为二十一弦；通常古筝的型号前用S163-21，S代表S形岳山，是王巽之与缪金林共同发明，163代表古筝长度是163厘米左右，21代表古筝弦数21根。','现代',NULL,NULL,1000,1000,26,0,NULL,5,1,NULL,NULL,NULL,NULL,NULL,0),
(1701,'古筝',NULL,'筝的形制为长方形木质音箱，弦架“筝柱”（即雁柱）可以自由移动，一弦一音，按五声音阶排列，最早以25弦筝为最多（分瑟为筝），唐宋时有弦十三根，后增至十六根、十八弦、二十一弦等，目前最常用的规格为二十一弦；通常古筝的型号前用S163-21，S代表S形岳山，是王巽之与缪金林共同发明，163代表古筝长度是163厘米左右，21代表古筝弦数21根。','现代',NULL,NULL,1000,1000,26,0,NULL,5,4,NULL,NULL,NULL,NULL,NULL,0),
(1702,'古筝',NULL,'筝的形制为长方形木质音箱，弦架“筝柱”（即雁柱）可以自由移动，一弦一音，按五声音阶排列，最早以25弦筝为最多（分瑟为筝），唐宋时有弦十三根，后增至十六根、十八弦、二十一弦等，目前最常用的规格为二十一弦；通常古筝的型号前用S163-21，S代表S形岳山，是王巽之与缪金林共同发明，163代表古筝长度是163厘米左右，21代表古筝弦数21根。','现代',NULL,NULL,1000,1000,26,0,NULL,5,4,NULL,NULL,NULL,NULL,NULL,0),
(1703,'古筝',NULL,'筝的形制为长方形木质音箱，弦架“筝柱”（即雁柱）可以自由移动，一弦一音，按五声音阶排列，最早以25弦筝为最多（分瑟为筝），唐宋时有弦十三根，后增至十六根、十八弦、二十一弦等，目前最常用的规格为二十一弦；通常古筝的型号前用S163-21，S代表S形岳山，是王巽之与缪金林共同发明，163代表古筝长度是163厘米左右，21代表古筝弦数21根。','现代',NULL,NULL,1000,1000,26,0,NULL,5,4,NULL,NULL,NULL,NULL,NULL,0),
(1704,'古筝',NULL,'筝的形制为长方形木质音箱，弦架“筝柱”（即雁柱）可以自由移动，一弦一音，按五声音阶排列，最早以25弦筝为最多（分瑟为筝），唐宋时有弦十三根，后增至十六根、十八弦、二十一弦等，目前最常用的规格为二十一弦；通常古筝的型号前用S163-21，S代表S形岳山，是王巽之与缪金林共同发明，163代表古筝长度是163厘米左右，21代表古筝弦数21根。','现代',NULL,NULL,1000,1000,26,0,NULL,5,4,NULL,NULL,NULL,NULL,NULL,0),
(1705,'古筝',NULL,'筝的形制为长方形木质音箱，弦架“筝柱”（即雁柱）可以自由移动，一弦一音，按五声音阶排列，最早以25弦筝为最多（分瑟为筝），唐宋时有弦十三根，后增至十六根、十八弦、二十一弦等，目前最常用的规格为二十一弦；通常古筝的型号前用S163-21，S代表S形岳山，是王巽之与缪金林共同发明，163代表古筝长度是163厘米左右，21代表古筝弦数21根。','现代',NULL,NULL,1000,1000,26,0,NULL,5,4,NULL,NULL,NULL,NULL,NULL,0),
(1706,'东阳木雕',NULL,'东阳木雕（Dongyang woodcarving）中国民间雕刻艺术之一，因产于浙江东阳而得名，“东阳木雕”与“青田石雕”“黄杨木雕”并称“浙江三雕”。被誉为中国木雕之乡的浙江东阳，有千余年的木雕历史，北京故宫及苏、杭、皖等地，都有精美的东阳木雕留世。','现代',NULL,NULL,1000,1000,26,0,NULL,6,1,NULL,NULL,NULL,NULL,NULL,0),
(1707,'东阳木雕',NULL,'东阳木雕（Dongyang woodcarving）中国民间雕刻艺术之一，因产于浙江东阳而得名，“东阳木雕”与“青田石雕”“黄杨木雕”并称“浙江三雕”。被誉为中国木雕之乡的浙江东阳，有千余年的木雕历史，北京故宫及苏、杭、皖等地，都有精美的东阳木雕留世。','现代',NULL,NULL,1000,1000,26,0,NULL,6,1,NULL,NULL,NULL,NULL,NULL,0),
(1708,'东阳木雕',NULL,'东阳木雕（Dongyang woodcarving）中国民间雕刻艺术之一，因产于浙江东阳而得名，“东阳木雕”与“青田石雕”“黄杨木雕”并称“浙江三雕”。被誉为中国木雕之乡的浙江东阳，有千余年的木雕历史，北京故宫及苏、杭、皖等地，都有精美的东阳木雕留世。','现代',NULL,NULL,1000,1000,26,0,NULL,6,1,NULL,NULL,NULL,NULL,NULL,0),
(1709,'东阳木雕',NULL,'东阳木雕（Dongyang woodcarving）中国民间雕刻艺术之一，因产于浙江东阳而得名，“东阳木雕”与“青田石雕”“黄杨木雕”并称“浙江三雕”。被誉为中国木雕之乡的浙江东阳，有千余年的木雕历史，北京故宫及苏、杭、皖等地，都有精美的东阳木雕留世。','现代',NULL,NULL,1000,1000,26,0,NULL,6,1,NULL,NULL,NULL,NULL,NULL,0),
(1710,'东阳木雕',NULL,'东阳木雕（Dongyang woodcarving）中国民间雕刻艺术之一，因产于浙江东阳而得名，“东阳木雕”与“青田石雕”“黄杨木雕”并称“浙江三雕”。被誉为中国木雕之乡的浙江东阳，有千余年的木雕历史，北京故宫及苏、杭、皖等地，都有精美的东阳木雕留世。','现代',NULL,NULL,1000,1000,26,0,NULL,6,1,NULL,NULL,NULL,NULL,NULL,0),
(1711,'东阳木雕',NULL,'东阳木雕（Dongyang woodcarving）中国民间雕刻艺术之一，因产于浙江东阳而得名，“东阳木雕”与“青田石雕”“黄杨木雕”并称“浙江三雕”。被誉为中国木雕之乡的浙江东阳，有千余年的木雕历史，北京故宫及苏、杭、皖等地，都有精美的东阳木雕留世。','现代',NULL,NULL,1000,1000,26,0,NULL,6,4,NULL,NULL,NULL,NULL,NULL,0),
(1712,'东阳木雕',NULL,'东阳木雕（Dongyang woodcarving）中国民间雕刻艺术之一，因产于浙江东阳而得名，“东阳木雕”与“青田石雕”“黄杨木雕”并称“浙江三雕”。被誉为中国木雕之乡的浙江东阳，有千余年的木雕历史，北京故宫及苏、杭、皖等地，都有精美的东阳木雕留世。','现代',NULL,NULL,1000,1000,26,0,NULL,6,4,NULL,NULL,NULL,NULL,NULL,0),
(1713,'东阳木雕',NULL,'东阳木雕（Dongyang woodcarving）中国民间雕刻艺术之一，因产于浙江东阳而得名，“东阳木雕”与“青田石雕”“黄杨木雕”并称“浙江三雕”。被誉为中国木雕之乡的浙江东阳，有千余年的木雕历史，北京故宫及苏、杭、皖等地，都有精美的东阳木雕留世。','现代',NULL,NULL,1000,1000,26,0,NULL,6,4,NULL,NULL,NULL,NULL,NULL,0),
(1714,'东阳木雕',NULL,'东阳木雕（Dongyang woodcarving）中国民间雕刻艺术之一，因产于浙江东阳而得名，“东阳木雕”与“青田石雕”“黄杨木雕”并称“浙江三雕”。被誉为中国木雕之乡的浙江东阳，有千余年的木雕历史，北京故宫及苏、杭、皖等地，都有精美的东阳木雕留世。','现代',NULL,NULL,1000,1000,26,0,NULL,6,4,NULL,NULL,NULL,NULL,NULL,0),
(1715,'东阳木雕',NULL,'东阳木雕（Dongyang woodcarving）中国民间雕刻艺术之一，因产于浙江东阳而得名，“东阳木雕”与“青田石雕”“黄杨木雕”并称“浙江三雕”。被誉为中国木雕之乡的浙江东阳，有千余年的木雕历史，北京故宫及苏、杭、皖等地，都有精美的东阳木雕留世。','现代',NULL,NULL,1000,1000,26,0,NULL,6,4,NULL,NULL,NULL,NULL,NULL,0),
(1716,'东阳木雕',NULL,'东阳木雕（Dongyang woodcarving）中国民间雕刻艺术之一，因产于浙江东阳而得名，“东阳木雕”与“青田石雕”“黄杨木雕”并称“浙江三雕”。被誉为中国木雕之乡的浙江东阳，有千余年的木雕历史，北京故宫及苏、杭、皖等地，都有精美的东阳木雕留世。','现代',NULL,NULL,1000,1000,26,0,NULL,6,1,NULL,NULL,NULL,NULL,NULL,0),
(1717,'东阳木雕',NULL,'东阳木雕（Dongyang woodcarving）中国民间雕刻艺术之一，因产于浙江东阳而得名，“东阳木雕”与“青田石雕”“黄杨木雕”并称“浙江三雕”。被誉为中国木雕之乡的浙江东阳，有千余年的木雕历史，北京故宫及苏、杭、皖等地，都有精美的东阳木雕留世。','现代',NULL,NULL,1000,1000,26,0,NULL,6,1,NULL,NULL,NULL,NULL,NULL,0),
(1718,'东阳木雕',NULL,'东阳木雕（Dongyang woodcarving）中国民间雕刻艺术之一，因产于浙江东阳而得名，“东阳木雕”与“青田石雕”“黄杨木雕”并称“浙江三雕”。被誉为中国木雕之乡的浙江东阳，有千余年的木雕历史，北京故宫及苏、杭、皖等地，都有精美的东阳木雕留世。','现代',NULL,NULL,1000,1000,26,0,NULL,6,1,NULL,NULL,NULL,NULL,NULL,0),
(1719,'东阳木雕',NULL,'东阳木雕（Dongyang woodcarving）中国民间雕刻艺术之一，因产于浙江东阳而得名，“东阳木雕”与“青田石雕”“黄杨木雕”并称“浙江三雕”。被誉为中国木雕之乡的浙江东阳，有千余年的木雕历史，北京故宫及苏、杭、皖等地，都有精美的东阳木雕留世。','现代',NULL,NULL,1000,1000,26,0,NULL,6,1,NULL,NULL,NULL,NULL,NULL,0),
(1720,'东阳木雕',NULL,'东阳木雕（Dongyang woodcarving）中国民间雕刻艺术之一，因产于浙江东阳而得名，“东阳木雕”与“青田石雕”“黄杨木雕”并称“浙江三雕”。被誉为中国木雕之乡的浙江东阳，有千余年的木雕历史，北京故宫及苏、杭、皖等地，都有精美的东阳木雕留世。','现代',NULL,NULL,1000,1000,26,0,NULL,6,1,NULL,NULL,NULL,NULL,NULL,0),
(1721,'东阳木雕',NULL,'东阳木雕（Dongyang woodcarving）中国民间雕刻艺术之一，因产于浙江东阳而得名，“东阳木雕”与“青田石雕”“黄杨木雕”并称“浙江三雕”。被誉为中国木雕之乡的浙江东阳，有千余年的木雕历史，北京故宫及苏、杭、皖等地，都有精美的东阳木雕留世。','现代',NULL,NULL,1000,1000,26,0,NULL,6,4,NULL,NULL,NULL,NULL,NULL,0),
(1722,'东阳木雕',NULL,'东阳木雕（Dongyang woodcarving）中国民间雕刻艺术之一，因产于浙江东阳而得名，“东阳木雕”与“青田石雕”“黄杨木雕”并称“浙江三雕”。被誉为中国木雕之乡的浙江东阳，有千余年的木雕历史，北京故宫及苏、杭、皖等地，都有精美的东阳木雕留世。','现代',NULL,NULL,1000,1000,26,0,NULL,6,4,NULL,NULL,NULL,NULL,NULL,0),
(1723,'东阳木雕',NULL,'东阳木雕（Dongyang woodcarving）中国民间雕刻艺术之一，因产于浙江东阳而得名，“东阳木雕”与“青田石雕”“黄杨木雕”并称“浙江三雕”。被誉为中国木雕之乡的浙江东阳，有千余年的木雕历史，北京故宫及苏、杭、皖等地，都有精美的东阳木雕留世。','现代',NULL,NULL,1000,1000,26,0,NULL,6,4,NULL,NULL,NULL,NULL,NULL,0),
(1724,'东阳木雕',NULL,'东阳木雕（Dongyang woodcarving）中国民间雕刻艺术之一，因产于浙江东阳而得名，“东阳木雕”与“青田石雕”“黄杨木雕”并称“浙江三雕”。被誉为中国木雕之乡的浙江东阳，有千余年的木雕历史，北京故宫及苏、杭、皖等地，都有精美的东阳木雕留世。','现代',NULL,NULL,1000,1000,26,0,NULL,6,4,NULL,NULL,NULL,NULL,NULL,0),
(1725,'东阳木雕',NULL,'东阳木雕（Dongyang woodcarving）中国民间雕刻艺术之一，因产于浙江东阳而得名，“东阳木雕”与“青田石雕”“黄杨木雕”并称“浙江三雕”。被誉为中国木雕之乡的浙江东阳，有千余年的木雕历史，北京故宫及苏、杭、皖等地，都有精美的东阳木雕留世。','现代',NULL,NULL,1000,1000,26,0,NULL,6,4,NULL,NULL,NULL,NULL,NULL,0),
(1726,'东阳木雕',NULL,'东阳木雕（Dongyang woodcarving）中国民间雕刻艺术之一，因产于浙江东阳而得名，“东阳木雕”与“青田石雕”“黄杨木雕”并称“浙江三雕”。被誉为中国木雕之乡的浙江东阳，有千余年的木雕历史，北京故宫及苏、杭、皖等地，都有精美的东阳木雕留世。','现代',NULL,NULL,1000,1000,26,0,NULL,6,1,NULL,NULL,NULL,NULL,NULL,0),
(1727,'东阳木雕',NULL,'东阳木雕（Dongyang woodcarving）中国民间雕刻艺术之一，因产于浙江东阳而得名，“东阳木雕”与“青田石雕”“黄杨木雕”并称“浙江三雕”。被誉为中国木雕之乡的浙江东阳，有千余年的木雕历史，北京故宫及苏、杭、皖等地，都有精美的东阳木雕留世。','现代',NULL,NULL,1000,1000,26,0,NULL,6,1,NULL,NULL,NULL,NULL,NULL,0),
(1728,'东阳木雕',NULL,'东阳木雕（Dongyang woodcarving）中国民间雕刻艺术之一，因产于浙江东阳而得名，“东阳木雕”与“青田石雕”“黄杨木雕”并称“浙江三雕”。被誉为中国木雕之乡的浙江东阳，有千余年的木雕历史，北京故宫及苏、杭、皖等地，都有精美的东阳木雕留世。','现代',NULL,NULL,1000,1000,26,0,NULL,6,1,NULL,NULL,NULL,NULL,NULL,0),
(1729,'东阳木雕',NULL,'东阳木雕（Dongyang woodcarving）中国民间雕刻艺术之一，因产于浙江东阳而得名，“东阳木雕”与“青田石雕”“黄杨木雕”并称“浙江三雕”。被誉为中国木雕之乡的浙江东阳，有千余年的木雕历史，北京故宫及苏、杭、皖等地，都有精美的东阳木雕留世。','现代',NULL,NULL,1000,1000,26,0,NULL,6,1,NULL,NULL,NULL,NULL,NULL,0),
(1730,'东阳木雕',NULL,'东阳木雕（Dongyang woodcarving）中国民间雕刻艺术之一，因产于浙江东阳而得名，“东阳木雕”与“青田石雕”“黄杨木雕”并称“浙江三雕”。被誉为中国木雕之乡的浙江东阳，有千余年的木雕历史，北京故宫及苏、杭、皖等地，都有精美的东阳木雕留世。','现代',NULL,NULL,1000,1000,26,0,NULL,6,1,NULL,NULL,NULL,NULL,NULL,0),
(1731,'东阳木雕',NULL,'东阳木雕（Dongyang woodcarving）中国民间雕刻艺术之一，因产于浙江东阳而得名，“东阳木雕”与“青田石雕”“黄杨木雕”并称“浙江三雕”。被誉为中国木雕之乡的浙江东阳，有千余年的木雕历史，北京故宫及苏、杭、皖等地，都有精美的东阳木雕留世。','现代',NULL,NULL,1000,1000,26,0,NULL,6,4,NULL,NULL,NULL,NULL,NULL,0),
(1732,'东阳木雕',NULL,'东阳木雕（Dongyang woodcarving）中国民间雕刻艺术之一，因产于浙江东阳而得名，“东阳木雕”与“青田石雕”“黄杨木雕”并称“浙江三雕”。被誉为中国木雕之乡的浙江东阳，有千余年的木雕历史，北京故宫及苏、杭、皖等地，都有精美的东阳木雕留世。','现代',NULL,NULL,1000,1000,26,0,NULL,6,4,NULL,NULL,NULL,NULL,NULL,0),
(1733,'东阳木雕',NULL,'东阳木雕（Dongyang woodcarving）中国民间雕刻艺术之一，因产于浙江东阳而得名，“东阳木雕”与“青田石雕”“黄杨木雕”并称“浙江三雕”。被誉为中国木雕之乡的浙江东阳，有千余年的木雕历史，北京故宫及苏、杭、皖等地，都有精美的东阳木雕留世。','现代',NULL,NULL,1000,1000,26,0,NULL,6,4,NULL,NULL,NULL,NULL,NULL,0),
(1734,'东阳木雕',NULL,'东阳木雕（Dongyang woodcarving）中国民间雕刻艺术之一，因产于浙江东阳而得名，“东阳木雕”与“青田石雕”“黄杨木雕”并称“浙江三雕”。被誉为中国木雕之乡的浙江东阳，有千余年的木雕历史，北京故宫及苏、杭、皖等地，都有精美的东阳木雕留世。','现代',NULL,NULL,1000,1000,26,0,NULL,6,4,NULL,NULL,NULL,NULL,NULL,0),
(1735,'东阳木雕',NULL,'东阳木雕（Dongyang woodcarving）中国民间雕刻艺术之一，因产于浙江东阳而得名，“东阳木雕”与“青田石雕”“黄杨木雕”并称“浙江三雕”。被誉为中国木雕之乡的浙江东阳，有千余年的木雕历史，北京故宫及苏、杭、皖等地，都有精美的东阳木雕留世。','现代',NULL,NULL,1000,1000,26,0,NULL,6,4,NULL,NULL,NULL,NULL,NULL,0),
(1736,'东阳木雕',NULL,'东阳木雕（Dongyang woodcarving）中国民间雕刻艺术之一，因产于浙江东阳而得名，“东阳木雕”与“青田石雕”“黄杨木雕”并称“浙江三雕”。被誉为中国木雕之乡的浙江东阳，有千余年的木雕历史，北京故宫及苏、杭、皖等地，都有精美的东阳木雕留世。','现代',NULL,NULL,1000,1000,26,0,NULL,6,1,NULL,NULL,NULL,NULL,NULL,0),
(1737,'东阳木雕',NULL,'东阳木雕（Dongyang woodcarving）中国民间雕刻艺术之一，因产于浙江东阳而得名，“东阳木雕”与“青田石雕”“黄杨木雕”并称“浙江三雕”。被誉为中国木雕之乡的浙江东阳，有千余年的木雕历史，北京故宫及苏、杭、皖等地，都有精美的东阳木雕留世。','现代',NULL,NULL,1000,1000,26,0,NULL,6,1,NULL,NULL,NULL,NULL,NULL,0),
(1738,'东阳木雕',NULL,'东阳木雕（Dongyang woodcarving）中国民间雕刻艺术之一，因产于浙江东阳而得名，“东阳木雕”与“青田石雕”“黄杨木雕”并称“浙江三雕”。被誉为中国木雕之乡的浙江东阳，有千余年的木雕历史，北京故宫及苏、杭、皖等地，都有精美的东阳木雕留世。','现代',NULL,NULL,1000,1000,26,0,NULL,6,1,NULL,NULL,NULL,NULL,NULL,0),
(1739,'东阳木雕',NULL,'东阳木雕（Dongyang woodcarving）中国民间雕刻艺术之一，因产于浙江东阳而得名，“东阳木雕”与“青田石雕”“黄杨木雕”并称“浙江三雕”。被誉为中国木雕之乡的浙江东阳，有千余年的木雕历史，北京故宫及苏、杭、皖等地，都有精美的东阳木雕留世。','现代',NULL,NULL,1000,1000,26,0,NULL,6,1,NULL,NULL,NULL,NULL,NULL,0),
(1740,'东阳木雕',NULL,'东阳木雕（Dongyang woodcarving）中国民间雕刻艺术之一，因产于浙江东阳而得名，“东阳木雕”与“青田石雕”“黄杨木雕”并称“浙江三雕”。被誉为中国木雕之乡的浙江东阳，有千余年的木雕历史，北京故宫及苏、杭、皖等地，都有精美的东阳木雕留世。','现代',NULL,NULL,1000,1000,26,0,NULL,6,1,NULL,NULL,NULL,NULL,NULL,0),
(1741,'东阳木雕',NULL,'东阳木雕（Dongyang woodcarving）中国民间雕刻艺术之一，因产于浙江东阳而得名，“东阳木雕”与“青田石雕”“黄杨木雕”并称“浙江三雕”。被誉为中国木雕之乡的浙江东阳，有千余年的木雕历史，北京故宫及苏、杭、皖等地，都有精美的东阳木雕留世。','现代',NULL,NULL,1000,1000,26,0,NULL,6,4,NULL,NULL,NULL,NULL,NULL,0),
(1742,'东阳木雕',NULL,'东阳木雕（Dongyang woodcarving）中国民间雕刻艺术之一，因产于浙江东阳而得名，“东阳木雕”与“青田石雕”“黄杨木雕”并称“浙江三雕”。被誉为中国木雕之乡的浙江东阳，有千余年的木雕历史，北京故宫及苏、杭、皖等地，都有精美的东阳木雕留世。','现代',NULL,NULL,1000,1000,26,0,NULL,6,4,NULL,NULL,NULL,NULL,NULL,0),
(1743,'东阳木雕',NULL,'东阳木雕（Dongyang woodcarving）中国民间雕刻艺术之一，因产于浙江东阳而得名，“东阳木雕”与“青田石雕”“黄杨木雕”并称“浙江三雕”。被誉为中国木雕之乡的浙江东阳，有千余年的木雕历史，北京故宫及苏、杭、皖等地，都有精美的东阳木雕留世。','现代',NULL,NULL,1000,1000,26,0,NULL,6,4,NULL,NULL,NULL,NULL,NULL,0),
(1744,'东阳木雕',NULL,'东阳木雕（Dongyang woodcarving）中国民间雕刻艺术之一，因产于浙江东阳而得名，“东阳木雕”与“青田石雕”“黄杨木雕”并称“浙江三雕”。被誉为中国木雕之乡的浙江东阳，有千余年的木雕历史，北京故宫及苏、杭、皖等地，都有精美的东阳木雕留世。','现代',NULL,NULL,1000,1000,26,0,NULL,6,4,NULL,NULL,NULL,NULL,NULL,0),
(1745,'东阳木雕',NULL,'东阳木雕（Dongyang woodcarving）中国民间雕刻艺术之一，因产于浙江东阳而得名，“东阳木雕”与“青田石雕”“黄杨木雕”并称“浙江三雕”。被誉为中国木雕之乡的浙江东阳，有千余年的木雕历史，北京故宫及苏、杭、皖等地，都有精美的东阳木雕留世。','现代',NULL,NULL,1000,1000,26,0,NULL,6,4,NULL,NULL,NULL,NULL,NULL,0),
(1746,'东阳木雕',NULL,'东阳木雕（Dongyang woodcarving）中国民间雕刻艺术之一，因产于浙江东阳而得名，“东阳木雕”与“青田石雕”“黄杨木雕”并称“浙江三雕”。被誉为中国木雕之乡的浙江东阳，有千余年的木雕历史，北京故宫及苏、杭、皖等地，都有精美的东阳木雕留世。','现代',NULL,NULL,1000,1000,26,0,NULL,6,1,NULL,NULL,NULL,NULL,NULL,0),
(1747,'东阳木雕',NULL,'东阳木雕（Dongyang woodcarving）中国民间雕刻艺术之一，因产于浙江东阳而得名，“东阳木雕”与“青田石雕”“黄杨木雕”并称“浙江三雕”。被誉为中国木雕之乡的浙江东阳，有千余年的木雕历史，北京故宫及苏、杭、皖等地，都有精美的东阳木雕留世。','现代',NULL,NULL,1000,1000,26,0,NULL,6,1,NULL,NULL,NULL,NULL,NULL,0),
(1748,'东阳木雕',NULL,'东阳木雕（Dongyang woodcarving）中国民间雕刻艺术之一，因产于浙江东阳而得名，“东阳木雕”与“青田石雕”“黄杨木雕”并称“浙江三雕”。被誉为中国木雕之乡的浙江东阳，有千余年的木雕历史，北京故宫及苏、杭、皖等地，都有精美的东阳木雕留世。','现代',NULL,NULL,1000,1000,26,0,NULL,6,1,NULL,NULL,NULL,NULL,NULL,0),
(1749,'东阳木雕',NULL,'东阳木雕（Dongyang woodcarving）中国民间雕刻艺术之一，因产于浙江东阳而得名，“东阳木雕”与“青田石雕”“黄杨木雕”并称“浙江三雕”。被誉为中国木雕之乡的浙江东阳，有千余年的木雕历史，北京故宫及苏、杭、皖等地，都有精美的东阳木雕留世。','现代',NULL,NULL,1000,1000,26,0,NULL,6,1,NULL,NULL,NULL,NULL,NULL,0),
(1750,'东阳木雕',NULL,'东阳木雕（Dongyang woodcarving）中国民间雕刻艺术之一，因产于浙江东阳而得名，“东阳木雕”与“青田石雕”“黄杨木雕”并称“浙江三雕”。被誉为中国木雕之乡的浙江东阳，有千余年的木雕历史，北京故宫及苏、杭、皖等地，都有精美的东阳木雕留世。','现代',NULL,NULL,1000,1000,26,0,NULL,6,1,NULL,NULL,NULL,NULL,NULL,0),
(1751,'东阳木雕',NULL,'东阳木雕（Dongyang woodcarving）中国民间雕刻艺术之一，因产于浙江东阳而得名，“东阳木雕”与“青田石雕”“黄杨木雕”并称“浙江三雕”。被誉为中国木雕之乡的浙江东阳，有千余年的木雕历史，北京故宫及苏、杭、皖等地，都有精美的东阳木雕留世。','现代',NULL,NULL,1000,1000,26,0,NULL,6,4,NULL,NULL,NULL,NULL,NULL,0),
(1752,'东阳木雕',NULL,'东阳木雕（Dongyang woodcarving）中国民间雕刻艺术之一，因产于浙江东阳而得名，“东阳木雕”与“青田石雕”“黄杨木雕”并称“浙江三雕”。被誉为中国木雕之乡的浙江东阳，有千余年的木雕历史，北京故宫及苏、杭、皖等地，都有精美的东阳木雕留世。','现代',NULL,NULL,1000,1000,26,0,NULL,6,4,NULL,NULL,NULL,NULL,NULL,0),
(1753,'东阳木雕',NULL,'东阳木雕（Dongyang woodcarving）中国民间雕刻艺术之一，因产于浙江东阳而得名，“东阳木雕”与“青田石雕”“黄杨木雕”并称“浙江三雕”。被誉为中国木雕之乡的浙江东阳，有千余年的木雕历史，北京故宫及苏、杭、皖等地，都有精美的东阳木雕留世。','现代',NULL,NULL,1000,1000,26,0,NULL,6,4,NULL,NULL,NULL,NULL,NULL,0),
(1754,'东阳木雕',NULL,'东阳木雕（Dongyang woodcarving）中国民间雕刻艺术之一，因产于浙江东阳而得名，“东阳木雕”与“青田石雕”“黄杨木雕”并称“浙江三雕”。被誉为中国木雕之乡的浙江东阳，有千余年的木雕历史，北京故宫及苏、杭、皖等地，都有精美的东阳木雕留世。','现代',NULL,NULL,1000,1000,26,0,NULL,6,4,NULL,NULL,NULL,NULL,NULL,0),
(1755,'东阳木雕',NULL,'东阳木雕（Dongyang woodcarving）中国民间雕刻艺术之一，因产于浙江东阳而得名，“东阳木雕”与“青田石雕”“黄杨木雕”并称“浙江三雕”。被誉为中国木雕之乡的浙江东阳，有千余年的木雕历史，北京故宫及苏、杭、皖等地，都有精美的东阳木雕留世。','现代',NULL,NULL,1000,1000,26,0,NULL,6,4,NULL,NULL,NULL,NULL,NULL,0),
(1756,'东阳木雕',NULL,'东阳木雕（Dongyang woodcarving）中国民间雕刻艺术之一，因产于浙江东阳而得名，“东阳木雕”与“青田石雕”“黄杨木雕”并称“浙江三雕”。被誉为中国木雕之乡的浙江东阳，有千余年的木雕历史，北京故宫及苏、杭、皖等地，都有精美的东阳木雕留世。','现代',NULL,NULL,1000,1000,26,0,NULL,6,4,NULL,NULL,NULL,NULL,NULL,0),
(1757,'东阳木雕',NULL,'东阳木雕（Dongyang woodcarving）中国民间雕刻艺术之一，因产于浙江东阳而得名，“东阳木雕”与“青田石雕”“黄杨木雕”并称“浙江三雕”。被誉为中国木雕之乡的浙江东阳，有千余年的木雕历史，北京故宫及苏、杭、皖等地，都有精美的东阳木雕留世。','现代',NULL,NULL,1000,1000,26,0,NULL,6,4,NULL,NULL,NULL,NULL,NULL,0),
(1758,'东阳木雕',NULL,'东阳木雕（Dongyang woodcarving）中国民间雕刻艺术之一，因产于浙江东阳而得名，“东阳木雕”与“青田石雕”“黄杨木雕”并称“浙江三雕”。被誉为中国木雕之乡的浙江东阳，有千余年的木雕历史，北京故宫及苏、杭、皖等地，都有精美的东阳木雕留世。','现代',NULL,NULL,1000,1000,26,0,NULL,6,4,NULL,NULL,NULL,NULL,NULL,0),
(1759,'东阳木雕',NULL,'东阳木雕（Dongyang woodcarving）中国民间雕刻艺术之一，因产于浙江东阳而得名，“东阳木雕”与“青田石雕”“黄杨木雕”并称“浙江三雕”。被誉为中国木雕之乡的浙江东阳，有千余年的木雕历史，北京故宫及苏、杭、皖等地，都有精美的东阳木雕留世。','现代',NULL,NULL,1000,1000,26,0,NULL,6,4,NULL,NULL,NULL,NULL,NULL,0),
(1760,'东阳木雕',NULL,'东阳木雕（Dongyang woodcarving）中国民间雕刻艺术之一，因产于浙江东阳而得名，“东阳木雕”与“青田石雕”“黄杨木雕”并称“浙江三雕”。被誉为中国木雕之乡的浙江东阳，有千余年的木雕历史，北京故宫及苏、杭、皖等地，都有精美的东阳木雕留世。','现代',NULL,NULL,1000,1000,26,0,NULL,6,4,NULL,NULL,NULL,NULL,NULL,0),
(1761,'东阳木雕',NULL,'东阳木雕（Dongyang woodcarving）中国民间雕刻艺术之一，因产于浙江东阳而得名，“东阳木雕”与“青田石雕”“黄杨木雕”并称“浙江三雕”。被誉为中国木雕之乡的浙江东阳，有千余年的木雕历史，北京故宫及苏、杭、皖等地，都有精美的东阳木雕留世。','现代',NULL,NULL,1000,1000,26,0,NULL,6,4,NULL,NULL,NULL,NULL,NULL,0),
(1762,'东阳木雕',NULL,'东阳木雕（Dongyang woodcarving）中国民间雕刻艺术之一，因产于浙江东阳而得名，“东阳木雕”与“青田石雕”“黄杨木雕”并称“浙江三雕”。被誉为中国木雕之乡的浙江东阳，有千余年的木雕历史，北京故宫及苏、杭、皖等地，都有精美的东阳木雕留世。','现代',NULL,NULL,1000,1000,26,0,NULL,6,4,NULL,NULL,NULL,NULL,NULL,0),
(1763,'东阳木雕',NULL,'东阳木雕（Dongyang woodcarving）中国民间雕刻艺术之一，因产于浙江东阳而得名，“东阳木雕”与“青田石雕”“黄杨木雕”并称“浙江三雕”。被誉为中国木雕之乡的浙江东阳，有千余年的木雕历史，北京故宫及苏、杭、皖等地，都有精美的东阳木雕留世。','现代',NULL,NULL,1000,1000,26,0,NULL,6,4,NULL,NULL,NULL,NULL,NULL,0),
(1764,'东阳木雕',NULL,'东阳木雕（Dongyang woodcarving）中国民间雕刻艺术之一，因产于浙江东阳而得名，“东阳木雕”与“青田石雕”“黄杨木雕”并称“浙江三雕”。被誉为中国木雕之乡的浙江东阳，有千余年的木雕历史，北京故宫及苏、杭、皖等地，都有精美的东阳木雕留世。','现代',NULL,NULL,1000,1000,26,0,NULL,6,4,NULL,NULL,NULL,NULL,NULL,0),
(1765,'东阳木雕',NULL,'东阳木雕（Dongyang woodcarving）中国民间雕刻艺术之一，因产于浙江东阳而得名，“东阳木雕”与“青田石雕”“黄杨木雕”并称“浙江三雕”。被誉为中国木雕之乡的浙江东阳，有千余年的木雕历史，北京故宫及苏、杭、皖等地，都有精美的东阳木雕留世。','现代',NULL,NULL,1000,1000,26,0,NULL,6,4,NULL,NULL,NULL,NULL,NULL,0),
(1766,'东阳木雕',NULL,'东阳木雕（Dongyang woodcarving）中国民间雕刻艺术之一，因产于浙江东阳而得名，“东阳木雕”与“青田石雕”“黄杨木雕”并称“浙江三雕”。被誉为中国木雕之乡的浙江东阳，有千余年的木雕历史，北京故宫及苏、杭、皖等地，都有精美的东阳木雕留世。','现代',NULL,NULL,1000,1000,26,0,NULL,6,4,NULL,NULL,NULL,NULL,NULL,0),
(1767,'东阳木雕',NULL,'东阳木雕（Dongyang woodcarving）中国民间雕刻艺术之一，因产于浙江东阳而得名，“东阳木雕”与“青田石雕”“黄杨木雕”并称“浙江三雕”。被誉为中国木雕之乡的浙江东阳，有千余年的木雕历史，北京故宫及苏、杭、皖等地，都有精美的东阳木雕留世。','现代',NULL,NULL,1000,1000,26,0,NULL,6,4,NULL,NULL,NULL,NULL,NULL,0),
(1768,'东阳木雕',NULL,'东阳木雕（Dongyang woodcarving）中国民间雕刻艺术之一，因产于浙江东阳而得名，“东阳木雕”与“青田石雕”“黄杨木雕”并称“浙江三雕”。被誉为中国木雕之乡的浙江东阳，有千余年的木雕历史，北京故宫及苏、杭、皖等地，都有精美的东阳木雕留世。','现代',NULL,NULL,1000,1000,26,0,NULL,6,4,NULL,NULL,NULL,NULL,NULL,0),
(1769,'东阳木雕',NULL,'东阳木雕（Dongyang woodcarving）中国民间雕刻艺术之一，因产于浙江东阳而得名，“东阳木雕”与“青田石雕”“黄杨木雕”并称“浙江三雕”。被誉为中国木雕之乡的浙江东阳，有千余年的木雕历史，北京故宫及苏、杭、皖等地，都有精美的东阳木雕留世。','现代',NULL,NULL,1000,1000,26,0,NULL,6,4,NULL,NULL,NULL,NULL,NULL,0),
(1770,'东阳木雕',NULL,'东阳木雕（Dongyang woodcarving）中国民间雕刻艺术之一，因产于浙江东阳而得名，“东阳木雕”与“青田石雕”“黄杨木雕”并称“浙江三雕”。被誉为中国木雕之乡的浙江东阳，有千余年的木雕历史，北京故宫及苏、杭、皖等地，都有精美的东阳木雕留世。','现代',NULL,NULL,1000,1000,26,0,NULL,6,4,NULL,NULL,NULL,NULL,NULL,0),
(1771,'东阳木雕',NULL,'东阳木雕（Dongyang woodcarving）中国民间雕刻艺术之一，因产于浙江东阳而得名，“东阳木雕”与“青田石雕”“黄杨木雕”并称“浙江三雕”。被誉为中国木雕之乡的浙江东阳，有千余年的木雕历史，北京故宫及苏、杭、皖等地，都有精美的东阳木雕留世。','现代',NULL,NULL,1000,1000,26,0,NULL,6,4,NULL,NULL,NULL,NULL,NULL,0),
(1772,'东阳木雕',NULL,'东阳木雕（Dongyang woodcarving）中国民间雕刻艺术之一，因产于浙江东阳而得名，“东阳木雕”与“青田石雕”“黄杨木雕”并称“浙江三雕”。被誉为中国木雕之乡的浙江东阳，有千余年的木雕历史，北京故宫及苏、杭、皖等地，都有精美的东阳木雕留世。','现代',NULL,NULL,1000,1000,26,0,NULL,6,4,NULL,NULL,NULL,NULL,NULL,0),
(1773,'东阳木雕',NULL,'东阳木雕（Dongyang woodcarving）中国民间雕刻艺术之一，因产于浙江东阳而得名，“东阳木雕”与“青田石雕”“黄杨木雕”并称“浙江三雕”。被誉为中国木雕之乡的浙江东阳，有千余年的木雕历史，北京故宫及苏、杭、皖等地，都有精美的东阳木雕留世。','现代',NULL,NULL,1000,1000,26,0,NULL,6,4,NULL,NULL,NULL,NULL,NULL,0),
(1774,'东阳木雕',NULL,'东阳木雕（Dongyang woodcarving）中国民间雕刻艺术之一，因产于浙江东阳而得名，“东阳木雕”与“青田石雕”“黄杨木雕”并称“浙江三雕”。被誉为中国木雕之乡的浙江东阳，有千余年的木雕历史，北京故宫及苏、杭、皖等地，都有精美的东阳木雕留世。','现代',NULL,NULL,1000,1000,26,0,NULL,6,4,NULL,NULL,NULL,NULL,NULL,0),
(1775,'东阳木雕',NULL,'东阳木雕（Dongyang woodcarving）中国民间雕刻艺术之一，因产于浙江东阳而得名，“东阳木雕”与“青田石雕”“黄杨木雕”并称“浙江三雕”。被誉为中国木雕之乡的浙江东阳，有千余年的木雕历史，北京故宫及苏、杭、皖等地，都有精美的东阳木雕留世。','现代',NULL,NULL,1000,1000,26,0,NULL,6,4,NULL,NULL,NULL,NULL,NULL,0),
(1776,'东阳木雕',NULL,'东阳木雕（Dongyang woodcarving）中国民间雕刻艺术之一，因产于浙江东阳而得名，“东阳木雕”与“青田石雕”“黄杨木雕”并称“浙江三雕”。被誉为中国木雕之乡的浙江东阳，有千余年的木雕历史，北京故宫及苏、杭、皖等地，都有精美的东阳木雕留世。','现代',NULL,NULL,1000,1000,26,0,NULL,6,4,NULL,NULL,NULL,NULL,NULL,0),
(1777,'东阳木雕',NULL,'东阳木雕（Dongyang woodcarving）中国民间雕刻艺术之一，因产于浙江东阳而得名，“东阳木雕”与“青田石雕”“黄杨木雕”并称“浙江三雕”。被誉为中国木雕之乡的浙江东阳，有千余年的木雕历史，北京故宫及苏、杭、皖等地，都有精美的东阳木雕留世。','现代',NULL,NULL,1000,1000,26,0,NULL,6,4,NULL,NULL,NULL,NULL,NULL,0),
(1778,'东阳木雕',NULL,'东阳木雕（Dongyang woodcarving）中国民间雕刻艺术之一，因产于浙江东阳而得名，“东阳木雕”与“青田石雕”“黄杨木雕”并称“浙江三雕”。被誉为中国木雕之乡的浙江东阳，有千余年的木雕历史，北京故宫及苏、杭、皖等地，都有精美的东阳木雕留世。','现代',NULL,NULL,1000,1000,26,0,NULL,6,4,NULL,NULL,NULL,NULL,NULL,0),
(1779,'东阳木雕',NULL,'东阳木雕（Dongyang woodcarving）中国民间雕刻艺术之一，因产于浙江东阳而得名，“东阳木雕”与“青田石雕”“黄杨木雕”并称“浙江三雕”。被誉为中国木雕之乡的浙江东阳，有千余年的木雕历史，北京故宫及苏、杭、皖等地，都有精美的东阳木雕留世。','现代',NULL,NULL,1000,1000,26,0,NULL,6,4,NULL,NULL,NULL,NULL,NULL,0),
(1780,'东阳木雕',NULL,'东阳木雕（Dongyang woodcarving）中国民间雕刻艺术之一，因产于浙江东阳而得名，“东阳木雕”与“青田石雕”“黄杨木雕”并称“浙江三雕”。被誉为中国木雕之乡的浙江东阳，有千余年的木雕历史，北京故宫及苏、杭、皖等地，都有精美的东阳木雕留世。','现代',NULL,NULL,1000,1000,26,0,NULL,6,4,NULL,NULL,NULL,NULL,NULL,0),
(1781,'东阳木雕',NULL,'东阳木雕（Dongyang woodcarving）中国民间雕刻艺术之一，因产于浙江东阳而得名，“东阳木雕”与“青田石雕”“黄杨木雕”并称“浙江三雕”。被誉为中国木雕之乡的浙江东阳，有千余年的木雕历史，北京故宫及苏、杭、皖等地，都有精美的东阳木雕留世。','现代',NULL,NULL,1000,1000,26,0,NULL,6,4,NULL,NULL,NULL,NULL,NULL,0),
(1782,'东阳木雕',NULL,'东阳木雕（Dongyang woodcarving）中国民间雕刻艺术之一，因产于浙江东阳而得名，“东阳木雕”与“青田石雕”“黄杨木雕”并称“浙江三雕”。被誉为中国木雕之乡的浙江东阳，有千余年的木雕历史，北京故宫及苏、杭、皖等地，都有精美的东阳木雕留世。','现代',NULL,NULL,1000,1000,26,0,NULL,6,4,NULL,NULL,NULL,NULL,NULL,0),
(1783,'东阳木雕',NULL,'东阳木雕（Dongyang woodcarving）中国民间雕刻艺术之一，因产于浙江东阳而得名，“东阳木雕”与“青田石雕”“黄杨木雕”并称“浙江三雕”。被誉为中国木雕之乡的浙江东阳，有千余年的木雕历史，北京故宫及苏、杭、皖等地，都有精美的东阳木雕留世。','现代',NULL,NULL,1000,1000,26,0,NULL,6,4,NULL,NULL,NULL,NULL,NULL,0),
(1784,'东阳木雕',NULL,'东阳木雕（Dongyang woodcarving）中国民间雕刻艺术之一，因产于浙江东阳而得名，“东阳木雕”与“青田石雕”“黄杨木雕”并称“浙江三雕”。被誉为中国木雕之乡的浙江东阳，有千余年的木雕历史，北京故宫及苏、杭、皖等地，都有精美的东阳木雕留世。','现代',NULL,NULL,1000,1000,26,0,NULL,6,4,NULL,NULL,NULL,NULL,NULL,0),
(1785,'东阳木雕',NULL,'东阳木雕（Dongyang woodcarving）中国民间雕刻艺术之一，因产于浙江东阳而得名，“东阳木雕”与“青田石雕”“黄杨木雕”并称“浙江三雕”。被誉为中国木雕之乡的浙江东阳，有千余年的木雕历史，北京故宫及苏、杭、皖等地，都有精美的东阳木雕留世。','现代',NULL,NULL,1000,1000,26,0,NULL,6,4,NULL,NULL,NULL,NULL,NULL,0),
(1786,'东阳木雕',NULL,'东阳木雕（Dongyang woodcarving）中国民间雕刻艺术之一，因产于浙江东阳而得名，“东阳木雕”与“青田石雕”“黄杨木雕”并称“浙江三雕”。被誉为中国木雕之乡的浙江东阳，有千余年的木雕历史，北京故宫及苏、杭、皖等地，都有精美的东阳木雕留世。','现代',NULL,NULL,1000,1000,26,0,NULL,6,4,NULL,NULL,NULL,NULL,NULL,0),
(1787,'东阳木雕',NULL,'东阳木雕（Dongyang woodcarving）中国民间雕刻艺术之一，因产于浙江东阳而得名，“东阳木雕”与“青田石雕”“黄杨木雕”并称“浙江三雕”。被誉为中国木雕之乡的浙江东阳，有千余年的木雕历史，北京故宫及苏、杭、皖等地，都有精美的东阳木雕留世。','现代',NULL,NULL,1000,1000,26,0,NULL,6,4,NULL,NULL,NULL,NULL,NULL,0),
(1788,'东阳木雕',NULL,'东阳木雕（Dongyang woodcarving）中国民间雕刻艺术之一，因产于浙江东阳而得名，“东阳木雕”与“青田石雕”“黄杨木雕”并称“浙江三雕”。被誉为中国木雕之乡的浙江东阳，有千余年的木雕历史，北京故宫及苏、杭、皖等地，都有精美的东阳木雕留世。','现代',NULL,NULL,1000,1000,26,0,NULL,6,4,NULL,NULL,NULL,NULL,NULL,0),
(1789,'东阳木雕',NULL,'东阳木雕（Dongyang woodcarving）中国民间雕刻艺术之一，因产于浙江东阳而得名，“东阳木雕”与“青田石雕”“黄杨木雕”并称“浙江三雕”。被誉为中国木雕之乡的浙江东阳，有千余年的木雕历史，北京故宫及苏、杭、皖等地，都有精美的东阳木雕留世。','现代',NULL,NULL,1000,1000,26,0,NULL,6,4,NULL,NULL,NULL,NULL,NULL,0),
(1790,'东阳木雕',NULL,'东阳木雕（Dongyang woodcarving）中国民间雕刻艺术之一，因产于浙江东阳而得名，“东阳木雕”与“青田石雕”“黄杨木雕”并称“浙江三雕”。被誉为中国木雕之乡的浙江东阳，有千余年的木雕历史，北京故宫及苏、杭、皖等地，都有精美的东阳木雕留世。','现代',NULL,NULL,1000,1000,26,0,NULL,6,4,NULL,NULL,NULL,NULL,NULL,0),
(1791,'东阳木雕',NULL,'东阳木雕（Dongyang woodcarving）中国民间雕刻艺术之一，因产于浙江东阳而得名，“东阳木雕”与“青田石雕”“黄杨木雕”并称“浙江三雕”。被誉为中国木雕之乡的浙江东阳，有千余年的木雕历史，北京故宫及苏、杭、皖等地，都有精美的东阳木雕留世。','现代',NULL,NULL,1000,1000,26,0,NULL,6,4,NULL,NULL,NULL,NULL,NULL,0),
(1792,'东阳木雕',NULL,'东阳木雕（Dongyang woodcarving）中国民间雕刻艺术之一，因产于浙江东阳而得名，“东阳木雕”与“青田石雕”“黄杨木雕”并称“浙江三雕”。被誉为中国木雕之乡的浙江东阳，有千余年的木雕历史，北京故宫及苏、杭、皖等地，都有精美的东阳木雕留世。','现代',NULL,NULL,1000,1000,26,0,NULL,6,4,NULL,NULL,NULL,NULL,NULL,0),
(1793,'东阳木雕',NULL,'东阳木雕（Dongyang woodcarving）中国民间雕刻艺术之一，因产于浙江东阳而得名，“东阳木雕”与“青田石雕”“黄杨木雕”并称“浙江三雕”。被誉为中国木雕之乡的浙江东阳，有千余年的木雕历史，北京故宫及苏、杭、皖等地，都有精美的东阳木雕留世。','现代',NULL,NULL,1000,1000,26,0,NULL,6,4,NULL,NULL,NULL,NULL,NULL,0),
(1794,'东阳木雕',NULL,'东阳木雕（Dongyang woodcarving）中国民间雕刻艺术之一，因产于浙江东阳而得名，“东阳木雕”与“青田石雕”“黄杨木雕”并称“浙江三雕”。被誉为中国木雕之乡的浙江东阳，有千余年的木雕历史，北京故宫及苏、杭、皖等地，都有精美的东阳木雕留世。','现代',NULL,NULL,1000,1000,26,0,NULL,6,4,NULL,NULL,NULL,NULL,NULL,0),
(1795,'东阳木雕',NULL,'东阳木雕（Dongyang woodcarving）中国民间雕刻艺术之一，因产于浙江东阳而得名，“东阳木雕”与“青田石雕”“黄杨木雕”并称“浙江三雕”。被誉为中国木雕之乡的浙江东阳，有千余年的木雕历史，北京故宫及苏、杭、皖等地，都有精美的东阳木雕留世。','现代',NULL,NULL,1000,1000,26,0,NULL,6,4,NULL,NULL,NULL,NULL,NULL,0),
(1796,'东阳木雕',NULL,'东阳木雕（Dongyang woodcarving）中国民间雕刻艺术之一，因产于浙江东阳而得名，“东阳木雕”与“青田石雕”“黄杨木雕”并称“浙江三雕”。被誉为中国木雕之乡的浙江东阳，有千余年的木雕历史，北京故宫及苏、杭、皖等地，都有精美的东阳木雕留世。','现代',NULL,NULL,1000,1000,26,0,NULL,6,4,NULL,NULL,NULL,NULL,NULL,0),
(1797,'东阳木雕',NULL,'东阳木雕（Dongyang woodcarving）中国民间雕刻艺术之一，因产于浙江东阳而得名，“东阳木雕”与“青田石雕”“黄杨木雕”并称“浙江三雕”。被誉为中国木雕之乡的浙江东阳，有千余年的木雕历史，北京故宫及苏、杭、皖等地，都有精美的东阳木雕留世。','现代',NULL,NULL,1000,1000,26,0,NULL,6,4,NULL,NULL,NULL,NULL,NULL,0),
(1798,'东阳木雕',NULL,'东阳木雕（Dongyang woodcarving）中国民间雕刻艺术之一，因产于浙江东阳而得名，“东阳木雕”与“青田石雕”“黄杨木雕”并称“浙江三雕”。被誉为中国木雕之乡的浙江东阳，有千余年的木雕历史，北京故宫及苏、杭、皖等地，都有精美的东阳木雕留世。','现代',NULL,NULL,1000,1000,26,0,NULL,6,4,NULL,NULL,NULL,NULL,NULL,0),
(1799,'东阳木雕',NULL,'东阳木雕（Dongyang woodcarving）中国民间雕刻艺术之一，因产于浙江东阳而得名，“东阳木雕”与“青田石雕”“黄杨木雕”并称“浙江三雕”。被誉为中国木雕之乡的浙江东阳，有千余年的木雕历史，北京故宫及苏、杭、皖等地，都有精美的东阳木雕留世。','现代',NULL,NULL,1000,1000,26,0,NULL,6,4,NULL,NULL,NULL,NULL,NULL,0),
(1800,'东阳木雕',NULL,'东阳木雕（Dongyang woodcarving）中国民间雕刻艺术之一，因产于浙江东阳而得名，“东阳木雕”与“青田石雕”“黄杨木雕”并称“浙江三雕”。被誉为中国木雕之乡的浙江东阳，有千余年的木雕历史，北京故宫及苏、杭、皖等地，都有精美的东阳木雕留世。','现代',NULL,NULL,1000,1000,26,0,NULL,6,4,NULL,NULL,NULL,NULL,NULL,0),
(1801,'东阳木雕',NULL,'东阳木雕（Dongyang woodcarving）中国民间雕刻艺术之一，因产于浙江东阳而得名，“东阳木雕”与“青田石雕”“黄杨木雕”并称“浙江三雕”。被誉为中国木雕之乡的浙江东阳，有千余年的木雕历史，北京故宫及苏、杭、皖等地，都有精美的东阳木雕留世。','现代',NULL,NULL,1000,1000,26,0,NULL,6,4,NULL,NULL,NULL,NULL,NULL,0),
(1802,'东阳木雕',NULL,'东阳木雕（Dongyang woodcarving）中国民间雕刻艺术之一，因产于浙江东阳而得名，“东阳木雕”与“青田石雕”“黄杨木雕”并称“浙江三雕”。被誉为中国木雕之乡的浙江东阳，有千余年的木雕历史，北京故宫及苏、杭、皖等地，都有精美的东阳木雕留世。','现代',NULL,NULL,1000,1000,26,0,NULL,6,4,NULL,NULL,NULL,NULL,NULL,0),
(1803,'东阳木雕',NULL,'东阳木雕（Dongyang woodcarving）中国民间雕刻艺术之一，因产于浙江东阳而得名，“东阳木雕”与“青田石雕”“黄杨木雕”并称“浙江三雕”。被誉为中国木雕之乡的浙江东阳，有千余年的木雕历史，北京故宫及苏、杭、皖等地，都有精美的东阳木雕留世。','现代',NULL,NULL,1000,1000,26,0,NULL,6,4,NULL,NULL,NULL,NULL,NULL,0),
(1804,'东阳木雕',NULL,'东阳木雕（Dongyang woodcarving）中国民间雕刻艺术之一，因产于浙江东阳而得名，“东阳木雕”与“青田石雕”“黄杨木雕”并称“浙江三雕”。被誉为中国木雕之乡的浙江东阳，有千余年的木雕历史，北京故宫及苏、杭、皖等地，都有精美的东阳木雕留世。','现代',NULL,NULL,1000,1000,26,0,NULL,6,4,NULL,NULL,NULL,NULL,NULL,0),
(1805,'东阳木雕',NULL,'东阳木雕（Dongyang woodcarving）中国民间雕刻艺术之一，因产于浙江东阳而得名，“东阳木雕”与“青田石雕”“黄杨木雕”并称“浙江三雕”。被誉为中国木雕之乡的浙江东阳，有千余年的木雕历史，北京故宫及苏、杭、皖等地，都有精美的东阳木雕留世。','现代',NULL,NULL,1000,1000,26,0,NULL,6,4,NULL,NULL,NULL,NULL,NULL,0),
(1806,'aaa','aaa','aa','aa',NULL,NULL,123,123,NULL,NULL,NULL,NULL,NULL,NULL,NULL,NULL,'111.jpg;222.jpg;333.jpg;',NULL,0),
(1807,'','阿达','送达','阿达',NULL,NULL,1111,1111,NULL,NULL,NULL,NULL,NULL,NULL,NULL,NULL,'111.jpg;222.jpg;333.jpg;',NULL,0),
(1808,'aa','aa','aa','aa',NULL,NULL,123,123,NULL,NULL,NULL,NULL,NULL,NULL,NULL,NULL,'青花瓷.jpg;飞猪2.jpg;飞猪1.jpg',NULL,0),
(1809,'aa','aaa','aa','a',NULL,NULL,1243,1243,NULL,NULL,NULL,NULL,NULL,NULL,NULL,NULL,'/images/26/artPicture/飞猪1.jpg;/images/26/artPicture/飞猪2.jpg;/images/26/artPicture/青花瓷.jpg',NULL,0);

/*Table structure for table `art_state` */

DROP TABLE IF EXISTS `art_state`;

CREATE TABLE `art_state` (
  `id` bigint(20) unsigned NOT NULL AUTO_INCREMENT,
  `state_name` varchar(255) DEFAULT NULL,
  `gmt_create` datetime DEFAULT NULL,
  `gmt_modified` datetime DEFAULT NULL,
  PRIMARY KEY (`id`)
) ENGINE=InnoDB AUTO_INCREMENT=6 DEFAULT CHARSET=utf8;

/*Data for the table `art_state` */

insert  into `art_state`(`id`,`state_name`,`gmt_create`,`gmt_modified`) values 
(1,'尚未审核',NULL,NULL),
(2,'审核通过',NULL,NULL),
(3,'拍卖中',NULL,NULL),
(4,'拍卖结束',NULL,NULL),
(5,'审核未通过',NULL,NULL);

/*Table structure for table `art_types` */

DROP TABLE IF EXISTS `art_types`;

CREATE TABLE `art_types` (
  `id` bigint(20) unsigned NOT NULL AUTO_INCREMENT,
  `type_name` varchar(100) DEFAULT NULL,
  `type_desc` text,
  `gmt_create` datetime DEFAULT NULL,
  `gmt_modified` datetime DEFAULT NULL,
  PRIMARY KEY (`id`)
) ENGINE=InnoDB AUTO_INCREMENT=7 DEFAULT CHARSET=utf8;

/*Data for the table `art_types` */

insert  into `art_types`(`id`,`type_name`,`type_desc`,`gmt_create`,`gmt_modified`) values 
(1,'书画类',NULL,NULL,NULL),
(2,'陶艺瓷器类',NULL,NULL,NULL),
(3,'奇石珠宝类',NULL,NULL,NULL),
(4,'青铜器类',NULL,NULL,NULL),
(5,'乐器类',NULL,NULL,NULL),
(6,'雕刻类',NULL,NULL,NULL);

/*Table structure for table `bid` */

DROP TABLE IF EXISTS `bid`;

CREATE TABLE `bid` (
  `id` bigint(20) unsigned NOT NULL AUTO_INCREMENT,
  `bid_price` decimal(10,0) DEFAULT NULL,
  `bid_date` datetime DEFAULT NULL,
  `art_id` bigint(20) unsigned DEFAULT NULL,
  `user_id` bigint(20) unsigned DEFAULT NULL,
  `gmt_create` datetime DEFAULT NULL,
  `gmt_modified` datetime DEFAULT NULL,
  PRIMARY KEY (`id`),
  KEY `art_id` (`art_id`),
  KEY `user_id` (`user_id`),
  CONSTRAINT `bid_ibfk_1` FOREIGN KEY (`art_id`) REFERENCES `art` (`id`),
  CONSTRAINT `bid_ibfk_2` FOREIGN KEY (`user_id`) REFERENCES `user` (`id`)
) ENGINE=InnoDB AUTO_INCREMENT=34 DEFAULT CHARSET=utf8;

/*Data for the table `bid` */

insert  into `bid`(`id`,`bid_price`,`bid_date`,`art_id`,`user_id`,`gmt_create`,`gmt_modified`) values 
(1,21300,'2018-04-26 14:13:30',1008,26,NULL,NULL),
(2,21350,'2018-04-26 14:13:39',1008,26,NULL,NULL),
(3,21400,'2018-04-26 14:14:00',1008,28,NULL,NULL),
(4,21450,'2018-04-26 14:14:10',1008,26,NULL,NULL),
(5,21500,'2018-04-26 15:01:51',1008,26,NULL,NULL),
(6,21550,'2018-04-26 15:14:27',1008,26,NULL,NULL),
(7,21600,'2018-04-26 15:41:53',1008,26,NULL,NULL),
(8,1050,'2018-04-27 20:24:32',1013,26,NULL,NULL),
(9,1100,'2018-04-27 20:25:15',1013,26,NULL,NULL),
(10,1050,'2018-04-28 20:02:38',1016,26,NULL,NULL),
(11,1100,'2018-04-28 20:02:39',1016,26,NULL,NULL),
(12,1150,'2018-04-28 20:02:40',1016,26,NULL,NULL),
(13,1200,'2018-04-28 20:02:41',1016,26,NULL,NULL),
(14,1250,'2018-04-28 20:02:41',1016,26,NULL,NULL),
(15,1300,'2018-04-28 20:02:42',1016,26,NULL,NULL),
(16,1350,'2018-04-28 20:02:43',1016,26,NULL,NULL),
(17,1400,'2018-04-28 20:17:15',1016,26,NULL,NULL),
(18,1450,'2018-04-28 20:17:17',1016,26,NULL,NULL),
(19,1500,'2018-04-28 20:17:18',1016,26,NULL,NULL),
(20,1550,'2018-04-28 20:30:48',1016,26,NULL,NULL),
(21,1600,'2018-04-28 20:30:50',1016,26,NULL,NULL),
(22,1650,'2018-04-28 20:30:51',1016,26,NULL,NULL),
(23,1700,'2018-04-28 20:30:53',1016,26,NULL,NULL),
(24,1750,'2018-04-28 20:31:51',1016,26,NULL,NULL),
(25,1050,'2018-04-28 21:42:33',1017,26,NULL,NULL),
(26,1100,'2018-04-28 21:42:34',1017,26,NULL,NULL),
(27,1150,'2018-04-28 21:42:35',1017,26,NULL,NULL),
(28,1200,'2018-04-28 21:42:35',1017,26,NULL,NULL),
(29,1250,'2018-04-28 21:42:36',1017,26,NULL,NULL),
(30,1300,'2018-04-28 21:42:36',1017,26,NULL,NULL),
(31,1350,'2018-04-28 21:42:37',1017,26,NULL,NULL),
(32,1400,'2018-04-28 21:42:37',1017,26,NULL,NULL),
(33,1450,'2018-04-28 21:42:40',1017,26,NULL,NULL);

/*Table structure for table `delivery_status` */

DROP TABLE IF EXISTS `delivery_status`;

CREATE TABLE `delivery_status` (
  `id` bigint(20) unsigned NOT NULL AUTO_INCREMENT,
  `type_name` varchar(255) DEFAULT NULL,
  PRIMARY KEY (`id`)
) ENGINE=InnoDB AUTO_INCREMENT=4 DEFAULT CHARSET=utf8;

/*Data for the table `delivery_status` */

insert  into `delivery_status`(`id`,`type_name`) values 
(1,'待发货'),
(2,'待收货'),
(3,NULL);

/*Table structure for table `feedback` */

DROP TABLE IF EXISTS `feedback`;

CREATE TABLE `feedback` (
  `id` bigint(20) unsigned NOT NULL AUTO_INCREMENT,
  `content` text,
  `user_id` bigint(20) unsigned DEFAULT NULL,
  `time` datetime DEFAULT NULL,
  `response` text,
  PRIMARY KEY (`id`),
  KEY `user_id` (`user_id`),
  CONSTRAINT `feedback_ibfk_1` FOREIGN KEY (`user_id`) REFERENCES `user` (`id`)
) ENGINE=InnoDB DEFAULT CHARSET=utf8;

/*Data for the table `feedback` */

/*Table structure for table `follow` */

DROP TABLE IF EXISTS `follow`;

CREATE TABLE `follow` (
  `id` bigint(20) unsigned NOT NULL AUTO_INCREMENT,
  `user_id` bigint(20) unsigned DEFAULT NULL,
  `art_id` bigint(20) unsigned DEFAULT NULL,
  `gmt_create` datetime DEFAULT NULL,
  `gmt_modified` datetime DEFAULT NULL,
  PRIMARY KEY (`id`),
  KEY `user_id` (`user_id`),
  KEY `art_id` (`art_id`),
  CONSTRAINT `follow_ibfk_1` FOREIGN KEY (`user_id`) REFERENCES `user` (`id`),
  CONSTRAINT `follow_ibfk_2` FOREIGN KEY (`art_id`) REFERENCES `art` (`id`)
) ENGINE=InnoDB DEFAULT CHARSET=utf8;

/*Data for the table `follow` */

/*Table structure for table `information` */

DROP TABLE IF EXISTS `information`;

CREATE TABLE `information` (
  `id` bigint(20) unsigned NOT NULL AUTO_INCREMENT,
  `art_id` bigint(20) unsigned DEFAULT NULL,
  `user_id` bigint(20) unsigned DEFAULT NULL,
  `isread` tinyint(3) unsigned DEFAULT NULL,
  `content` text,
  `gmt_create` datetime DEFAULT NULL,
  `gmt_modified` datetime DEFAULT NULL,
  `title` varchar(255) DEFAULT NULL,
  `manager_id` bigint(20) DEFAULT NULL,
  PRIMARY KEY (`id`),
  KEY `art_id` (`art_id`),
  KEY `user_id` (`user_id`),
  CONSTRAINT `information_ibfk_1` FOREIGN KEY (`art_id`) REFERENCES `art` (`id`),
  CONSTRAINT `information_ibfk_2` FOREIGN KEY (`user_id`) REFERENCES `user` (`id`)
) ENGINE=InnoDB AUTO_INCREMENT=205 DEFAULT CHARSET=utf8;

/*Data for the table `information` */

insert  into `information`(`id`,`art_id`,`user_id`,`isread`,`content`,`gmt_create`,`gmt_modified`,`title`,`manager_id`) values 
(25,1010,26,1,'您的商品清明上河图审核未通过，请重新提交相关信息','2018-04-19 21:31:41','2018-04-19 21:31:41','审核信息',2),
(26,1011,26,1,'您的商品清明上河图审核未通过，请重新提交相关信息','2018-04-19 21:31:44','2018-04-19 21:31:44','审核信息',2),
(28,1013,26,1,'您的商品清明上河图审核已经通过，正在安排拍卖时间','2018-04-19 21:36:36','2018-04-19 21:36:36','审核信息',2),
(29,1014,26,1,'您的商品清明上河图审核未通过，请重新提交相关信息','2018-04-19 21:38:50','2018-04-19 21:38:50','审核信息',2),
(30,1025,26,1,'您的商品清明上河图审核未通过，请重新提交相关信息','2018-04-19 21:51:20','2018-04-19 21:51:20','审核信息',NULL),
(31,1015,26,1,'您的商品清明上河图审核已经通过，正在安排拍卖时间','2018-04-19 21:59:15','2018-04-19 21:59:15','审核信息',2),
(32,1016,26,1,'您的商品清明上河图审核已经通过，正在安排拍卖时间','2018-04-19 21:59:16','2018-04-19 21:59:16','审核信息',2),
(33,1017,26,1,'您的商品清明上河图审核已经通过，正在安排拍卖时间','2018-04-19 21:59:18','2018-04-19 21:59:18','审核信息',2),
(34,1018,26,1,'您的商品清明上河图审核已经通过，正在安排拍卖时间','2018-04-19 21:59:19','2018-04-19 21:59:19','审核信息',2),
(35,1019,26,1,'您的商品清明上河图审核未通过，请重新提交相关信息','2018-04-19 21:59:21','2018-04-19 21:59:21','审核信息',2),
(36,1020,26,1,'您的商品清明上河图审核未通过，请重新提交相关信息','2018-04-19 21:59:22','2018-04-19 21:59:22','审核信息',2),
(37,1021,26,0,'您的商品清明上河图审核已经通过，正在安排拍卖时间','2018-04-26 20:20:23','2018-04-26 20:20:23','审核信息',2),
(38,1022,26,0,'您的商品清明上河图审核已经通过，正在安排拍卖时间','2018-04-28 20:00:58','2018-04-28 20:00:58','审核信息',1),
(39,1023,26,0,'您的商品清明上河图审核已经通过，正在安排拍卖时间','2018-04-28 20:01:00','2018-04-28 20:01:00','审核信息',1),
(40,1024,26,0,'您的商品清明上河图审核已经通过，正在安排拍卖时间','2018-04-28 20:01:02','2018-04-28 20:01:02','审核信息',1),
(41,1026,26,0,'您的商品清明上河图审核已经通过，正在安排拍卖时间','2018-04-28 20:01:04','2018-04-28 20:01:04','审核信息',1),
(42,1027,26,0,'您的商品清明上河图审核已经通过，正在安排拍卖时间','2018-04-28 20:01:05','2018-04-28 20:01:05','审核信息',1),
(43,1010,26,0,'您的商品清明上河图拍卖已经结束，但是无人出价，已流拍。若想再次拍卖，请重新上传拍品信息','2018-04-30 00:32:28','2018-04-30 00:32:28','拍卖信息信息',1),
(44,1008,26,0,'您的商品清明上河图拍卖已经结束，竞拍者26拍走了您的商品，请及时确认订单并与买家联系','2018-04-30 00:32:28','2018-04-30 00:32:28','拍卖信息信息',1),
(45,1008,26,0,NULL,'2018-04-30 00:32:28','2018-04-30 00:32:28','拍卖信息信息',1),
(46,1010,26,0,'您的商品清明上河图拍卖已经结束，竞拍者null拍走了您的商品，请及时确认订单并与买家联系','2018-04-30 00:32:28','2018-04-30 00:32:28','拍卖信息信息',1),
(47,1009,26,0,'您的商品清明上河图拍卖已经结束，竞拍者26拍走了您的商品，请及时确认订单并与买家联系','2018-04-30 00:32:28','2018-04-30 00:32:28','拍卖信息信息',1),
(48,1007,26,0,'您的商品清明上河图拍卖已经结束，竞拍者26拍走了您的商品，请及时确认订单并与买家联系','2018-04-30 00:32:28','2018-04-30 00:32:28','拍卖信息信息',1),
(49,1006,26,0,'您的商品清明上河图拍卖已经结束，竞拍者26拍走了您的商品，请及时确认订单并与买家联系','2018-04-30 00:32:28','2018-04-30 00:32:28','拍卖信息信息',1),
(50,1010,NULL,0,NULL,'2018-04-30 00:32:28','2018-04-30 00:32:28','拍卖信息信息',1),
(51,1009,26,0,NULL,'2018-04-30 00:32:28','2018-04-30 00:32:28','拍卖信息信息',1),
(52,1006,26,0,NULL,'2018-04-30 00:32:28','2018-04-30 00:32:28','拍卖信息信息',1),
(53,1007,26,0,NULL,'2018-04-30 00:32:28','2018-04-30 00:32:28','拍卖信息信息',1),
(54,1012,26,0,'您的商品清明上河图拍卖已经结束，但是无人出价，已流拍。若想再次拍卖，请重新上传拍品信息','2018-04-30 00:32:30','2018-04-30 00:32:30','拍卖信息信息',1),
(55,1011,26,0,'您的商品清明上河图拍卖已经结束，但是无人出价，已流拍。若想再次拍卖，请重新上传拍品信息','2018-04-30 00:32:30','2018-04-30 00:32:30','拍卖信息信息',1),
(56,1014,26,0,'您的商品清明上河图拍卖已经结束，但是无人出价，已流拍。若想再次拍卖，请重新上传拍品信息','2018-04-30 00:32:30','2018-04-30 00:32:30','拍卖信息信息',1),
(57,1011,26,0,'您的商品清明上河图拍卖已经结束，竞拍者null拍走了您的商品，请及时确认订单并与买家联系','2018-04-30 00:32:30','2018-04-30 00:32:30','拍卖信息信息',1),
(58,1012,26,0,'您的商品清明上河图拍卖已经结束，竞拍者null拍走了您的商品，请及时确认订单并与买家联系','2018-04-30 00:32:30','2018-04-30 00:32:30','拍卖信息信息',1),
(59,1013,26,0,'您的商品清明上河图拍卖已经结束，竞拍者26拍走了您的商品，请及时确认订单并与买家联系','2018-04-30 00:32:30','2018-04-30 00:32:30','拍卖信息信息',1),
(60,1011,NULL,0,NULL,'2018-04-30 00:32:30','2018-04-30 00:32:30','拍卖信息信息',1),
(61,1013,26,0,NULL,'2018-04-30 00:32:30','2018-04-30 00:32:30','拍卖信息信息',1),
(62,1012,NULL,0,NULL,'2018-04-30 00:32:30','2018-04-30 00:32:30','拍卖信息信息',1),
(63,1015,26,0,'您的商品清明上河图拍卖已经结束，竞拍者26拍走了您的商品，请及时确认订单并与买家联系','2018-04-30 00:32:30','2018-04-30 00:32:30','拍卖信息信息',1),
(64,1015,26,0,NULL,'2018-04-30 00:32:30','2018-04-30 00:32:30','拍卖信息信息',1),
(65,1014,26,0,'您的商品清明上河图拍卖已经结束，竞拍者null拍走了您的商品，请及时确认订单并与买家联系','2018-04-30 00:32:30','2018-04-30 00:32:30','拍卖信息信息',1),
(66,1014,NULL,0,NULL,'2018-04-30 00:32:30','2018-04-30 00:32:30','拍卖信息信息',1),
(67,1019,26,0,'您的商品清明上河图拍卖已经结束，但是无人出价，已流拍。若想再次拍卖，请重新上传拍品信息','2018-04-30 00:32:31','2018-04-30 00:32:31','拍卖信息信息',1),
(68,1020,26,0,'您的商品清明上河图拍卖已经结束，但是无人出价，已流拍。若想再次拍卖，请重新上传拍品信息','2018-04-30 00:32:31','2018-04-30 00:32:31','拍卖信息信息',1),
(69,1019,26,0,'您的商品清明上河图拍卖已经结束，竞拍者null拍走了您的商品，请及时确认订单并与买家联系','2018-04-30 00:32:31','2018-04-30 00:32:31','拍卖信息信息',1),
(70,1019,NULL,0,NULL,'2018-04-30 00:32:31','2018-04-30 00:32:31','拍卖信息信息',1),
(71,1020,26,0,'您的商品清明上河图拍卖已经结束，竞拍者null拍走了您的商品，请及时确认订单并与买家联系','2018-04-30 00:32:31','2018-04-30 00:32:31','拍卖信息信息',1),
(72,1020,NULL,0,NULL,'2018-04-30 00:32:31','2018-04-30 00:32:31','拍卖信息信息',1),
(73,1022,26,0,'您的商品清明上河图拍卖已经结束，但是无人出价，已流拍。若想再次拍卖，请重新上传拍品信息','2018-04-30 00:32:31','2018-04-30 00:32:31','拍卖信息信息',1),
(74,1023,26,0,'您的商品清明上河图拍卖已经结束，但是无人出价，已流拍。若想再次拍卖，请重新上传拍品信息','2018-04-30 00:32:31','2018-04-30 00:32:31','拍卖信息信息',1),
(75,1024,26,0,'您的商品清明上河图拍卖已经结束，但是无人出价，已流拍。若想再次拍卖，请重新上传拍品信息','2018-04-30 00:32:31','2018-04-30 00:32:31','拍卖信息信息',1),
(76,1023,26,0,'您的商品清明上河图拍卖已经结束，竞拍者null拍走了您的商品，请及时确认订单并与买家联系','2018-04-30 00:32:31','2018-04-30 00:32:31','拍卖信息信息',1),
(77,1025,26,0,'您的商品清明上河图拍卖已经结束，但是无人出价，已流拍。若想再次拍卖，请重新上传拍品信息','2018-04-30 00:32:31','2018-04-30 00:32:31','拍卖信息信息',1),
(78,1022,26,0,'您的商品清明上河图拍卖已经结束，竞拍者null拍走了您的商品，请及时确认订单并与买家联系','2018-04-30 00:32:31','2018-04-30 00:32:31','拍卖信息信息',1),
(79,1023,NULL,0,NULL,'2018-04-30 00:32:31','2018-04-30 00:32:31','拍卖信息信息',1),
(80,1024,26,0,'您的商品清明上河图拍卖已经结束，竞拍者null拍走了您的商品，请及时确认订单并与买家联系','2018-04-30 00:32:31','2018-04-30 00:32:31','拍卖信息信息',1),
(81,1022,NULL,0,NULL,'2018-04-30 00:32:31','2018-04-30 00:32:31','拍卖信息信息',1),
(82,1024,NULL,0,NULL,'2018-04-30 00:32:31','2018-04-30 00:32:31','拍卖信息信息',1),
(83,1025,26,0,'您的商品清明上河图拍卖已经结束，竞拍者null拍走了您的商品，请及时确认订单并与买家联系','2018-04-30 00:32:31','2018-04-30 00:32:31','拍卖信息信息',1),
(84,1025,NULL,0,NULL,'2018-04-30 00:32:31','2018-04-30 00:32:31','拍卖信息信息',1),
(85,1026,26,0,'您的商品清明上河图拍卖已经结束，但是无人出价，已流拍。若想再次拍卖，请重新上传拍品信息','2018-04-30 00:32:31','2018-04-30 00:32:31','拍卖信息信息',1),
(86,1027,26,0,'您的商品清明上河图拍卖已经结束，但是无人出价，已流拍。若想再次拍卖，请重新上传拍品信息','2018-04-30 00:32:31','2018-04-30 00:32:31','拍卖信息信息',1),
(87,1028,26,0,'您的商品清明上河图拍卖已经结束，但是无人出价，已流拍。若想再次拍卖，请重新上传拍品信息','2018-04-30 00:32:31','2018-04-30 00:32:31','拍卖信息信息',1),
(88,1029,26,0,'您的商品清明上河图拍卖已经结束，但是无人出价，已流拍。若想再次拍卖，请重新上传拍品信息','2018-04-30 00:32:31','2018-04-30 00:32:31','拍卖信息信息',1),
(89,1027,26,0,'您的商品清明上河图拍卖已经结束，竞拍者null拍走了您的商品，请及时确认订单并与买家联系','2018-04-30 00:32:31','2018-04-30 00:32:31','拍卖信息信息',1),
(90,1030,26,0,'您的商品清明上河图拍卖已经结束，但是无人出价，已流拍。若想再次拍卖，请重新上传拍品信息','2018-04-30 00:32:31','2018-04-30 00:32:31','拍卖信息信息',1),
(91,1026,26,0,'您的商品清明上河图拍卖已经结束，竞拍者null拍走了您的商品，请及时确认订单并与买家联系','2018-04-30 00:32:31','2018-04-30 00:32:31','拍卖信息信息',1),
(92,1028,26,0,'您的商品清明上河图拍卖已经结束，竞拍者null拍走了您的商品，请及时确认订单并与买家联系','2018-04-30 00:32:31','2018-04-30 00:32:31','拍卖信息信息',1),
(93,1027,NULL,0,NULL,'2018-04-30 00:32:31','2018-04-30 00:32:31','拍卖信息信息',1),
(94,1026,NULL,0,NULL,'2018-04-30 00:32:31','2018-04-30 00:32:31','拍卖信息信息',1),
(95,1029,26,0,'您的商品清明上河图拍卖已经结束，竞拍者null拍走了您的商品，请及时确认订单并与买家联系','2018-04-30 00:32:31','2018-04-30 00:32:31','拍卖信息信息',1),
(96,1028,NULL,0,NULL,'2018-04-30 00:32:31','2018-04-30 00:32:31','拍卖信息信息',1),
(97,1029,NULL,0,NULL,'2018-04-30 00:32:31','2018-04-30 00:32:31','拍卖信息信息',1),
(98,1030,26,0,'您的商品清明上河图拍卖已经结束，竞拍者null拍走了您的商品，请及时确认订单并与买家联系','2018-04-30 00:32:31','2018-04-30 00:32:31','拍卖信息信息',1),
(99,1030,NULL,0,NULL,'2018-04-30 00:32:31','2018-04-30 00:32:31','拍卖信息信息',1),
(100,1036,26,0,'您的商品清明上河图拍卖已经结束，但是无人出价，已流拍。若想再次拍卖，请重新上传拍品信息','2018-04-30 00:32:31','2018-04-30 00:32:31','拍卖信息信息',1),
(101,1037,26,0,'您的商品清明上河图拍卖已经结束，但是无人出价，已流拍。若想再次拍卖，请重新上传拍品信息','2018-04-30 00:32:31','2018-04-30 00:32:31','拍卖信息信息',1),
(102,1038,26,0,'您的商品清明上河图拍卖已经结束，但是无人出价，已流拍。若想再次拍卖，请重新上传拍品信息','2018-04-30 00:32:31','2018-04-30 00:32:31','拍卖信息信息',1),
(103,1036,26,0,'您的商品清明上河图拍卖已经结束，竞拍者null拍走了您的商品，请及时确认订单并与买家联系','2018-04-30 00:32:31','2018-04-30 00:32:31','拍卖信息信息',1),
(104,1039,26,0,'您的商品清明上河图拍卖已经结束，但是无人出价，已流拍。若想再次拍卖，请重新上传拍品信息','2018-04-30 00:32:31','2018-04-30 00:32:31','拍卖信息信息',1),
(105,1037,26,0,'您的商品清明上河图拍卖已经结束，竞拍者null拍走了您的商品，请及时确认订单并与买家联系','2018-04-30 00:32:31','2018-04-30 00:32:31','拍卖信息信息',1),
(106,1036,NULL,0,NULL,'2018-04-30 00:32:31','2018-04-30 00:32:31','拍卖信息信息',1),
(107,1037,NULL,0,NULL,'2018-04-30 00:32:31','2018-04-30 00:32:31','拍卖信息信息',1),
(108,1040,26,0,'您的商品清明上河图拍卖已经结束，但是无人出价，已流拍。若想再次拍卖，请重新上传拍品信息','2018-04-30 00:32:31','2018-04-30 00:32:31','拍卖信息信息',1),
(109,1038,26,0,'您的商品清明上河图拍卖已经结束，竞拍者null拍走了您的商品，请及时确认订单并与买家联系','2018-04-30 00:32:31','2018-04-30 00:32:31','拍卖信息信息',1),
(110,1039,26,0,'您的商品清明上河图拍卖已经结束，竞拍者null拍走了您的商品，请及时确认订单并与买家联系','2018-04-30 00:32:31','2018-04-30 00:32:31','拍卖信息信息',1),
(111,1038,NULL,0,NULL,'2018-04-30 00:32:31','2018-04-30 00:32:31','拍卖信息信息',1),
(112,1039,NULL,0,NULL,'2018-04-30 00:32:31','2018-04-30 00:32:31','拍卖信息信息',1),
(113,1040,26,0,'您的商品清明上河图拍卖已经结束，竞拍者null拍走了您的商品，请及时确认订单并与买家联系','2018-04-30 00:32:31','2018-04-30 00:32:31','拍卖信息信息',1),
(114,1040,NULL,0,NULL,'2018-04-30 00:32:31','2018-04-30 00:32:31','拍卖信息信息',1),
(115,1046,26,0,'您的商品清明上河图拍卖已经结束，但是无人出价，已流拍。若想再次拍卖，请重新上传拍品信息','2018-04-30 00:32:31','2018-04-30 00:32:31','拍卖信息信息',1),
(116,1047,26,0,'您的商品清明上河图拍卖已经结束，但是无人出价，已流拍。若想再次拍卖，请重新上传拍品信息','2018-04-30 00:32:31','2018-04-30 00:32:31','拍卖信息信息',1),
(117,1048,26,0,'您的商品清明上河图拍卖已经结束，但是无人出价，已流拍。若想再次拍卖，请重新上传拍品信息','2018-04-30 00:32:31','2018-04-30 00:32:31','拍卖信息信息',1),
(118,1046,26,0,'您的商品清明上河图拍卖已经结束，竞拍者null拍走了您的商品，请及时确认订单并与买家联系','2018-04-30 00:32:31','2018-04-30 00:32:31','拍卖信息信息',1),
(119,1049,26,0,'您的商品清明上河图拍卖已经结束，但是无人出价，已流拍。若想再次拍卖，请重新上传拍品信息','2018-04-30 00:32:31','2018-04-30 00:32:31','拍卖信息信息',1),
(120,1046,NULL,0,NULL,'2018-04-30 00:32:31','2018-04-30 00:32:31','拍卖信息信息',1),
(121,1047,26,0,'您的商品清明上河图拍卖已经结束，竞拍者null拍走了您的商品，请及时确认订单并与买家联系','2018-04-30 00:32:31','2018-04-30 00:32:31','拍卖信息信息',1),
(122,1048,26,0,'您的商品清明上河图拍卖已经结束，竞拍者null拍走了您的商品，请及时确认订单并与买家联系','2018-04-30 00:32:31','2018-04-30 00:32:31','拍卖信息信息',1),
(123,1050,26,0,'您的商品清明上河图拍卖已经结束，但是无人出价，已流拍。若想再次拍卖，请重新上传拍品信息','2018-04-30 00:32:31','2018-04-30 00:32:31','拍卖信息信息',1),
(124,1047,NULL,0,NULL,'2018-04-30 00:32:31','2018-04-30 00:32:31','拍卖信息信息',1),
(125,1048,NULL,0,NULL,'2018-04-30 00:32:31','2018-04-30 00:32:31','拍卖信息信息',1),
(126,1049,26,0,'您的商品清明上河图拍卖已经结束，竞拍者null拍走了您的商品，请及时确认订单并与买家联系','2018-04-30 00:32:31','2018-04-30 00:32:31','拍卖信息信息',1),
(127,1050,26,0,'您的商品清明上河图拍卖已经结束，竞拍者null拍走了您的商品，请及时确认订单并与买家联系','2018-04-30 00:32:31','2018-04-30 00:32:31','拍卖信息信息',1),
(128,1049,NULL,0,NULL,'2018-04-30 00:32:31','2018-04-30 00:32:31','拍卖信息信息',1),
(129,1050,NULL,0,NULL,'2018-04-30 00:32:31','2018-04-30 00:32:31','拍卖信息信息',1),
(130,1051,26,0,'您的商品清明上河图拍卖已经结束，但是无人出价，已流拍。若想再次拍卖，请重新上传拍品信息','2018-04-30 00:32:32','2018-04-30 00:32:32','拍卖信息信息',1),
(131,1052,26,0,'您的商品清明上河图拍卖已经结束，但是无人出价，已流拍。若想再次拍卖，请重新上传拍品信息','2018-04-30 00:32:32','2018-04-30 00:32:32','拍卖信息信息',1),
(132,1053,26,0,'您的商品清明上河图拍卖已经结束，但是无人出价，已流拍。若想再次拍卖，请重新上传拍品信息','2018-04-30 00:32:32','2018-04-30 00:32:32','拍卖信息信息',1),
(133,1051,26,0,'您的商品清明上河图拍卖已经结束，竞拍者null拍走了您的商品，请及时确认订单并与买家联系','2018-04-30 00:32:32','2018-04-30 00:32:32','拍卖信息信息',1),
(134,1054,26,0,'您的商品清明上河图拍卖已经结束，但是无人出价，已流拍。若想再次拍卖，请重新上传拍品信息','2018-04-30 00:32:32','2018-04-30 00:32:32','拍卖信息信息',1),
(135,1052,26,0,'您的商品清明上河图拍卖已经结束，竞拍者null拍走了您的商品，请及时确认订单并与买家联系','2018-04-30 00:32:32','2018-04-30 00:32:32','拍卖信息信息',1),
(136,1051,NULL,0,NULL,'2018-04-30 00:32:32','2018-04-30 00:32:32','拍卖信息信息',1),
(137,1055,26,0,'您的商品清明上河图拍卖已经结束，但是无人出价，已流拍。若想再次拍卖，请重新上传拍品信息','2018-04-30 00:32:32','2018-04-30 00:32:32','拍卖信息信息',1),
(138,1052,NULL,0,NULL,'2018-04-30 00:32:32','2018-04-30 00:32:32','拍卖信息信息',1),
(139,1053,26,0,'您的商品清明上河图拍卖已经结束，竞拍者null拍走了您的商品，请及时确认订单并与买家联系','2018-04-30 00:32:32','2018-04-30 00:32:32','拍卖信息信息',1),
(140,1054,26,0,'您的商品清明上河图拍卖已经结束，竞拍者null拍走了您的商品，请及时确认订单并与买家联系','2018-04-30 00:32:32','2018-04-30 00:32:32','拍卖信息信息',1),
(141,1053,NULL,0,NULL,'2018-04-30 00:32:32','2018-04-30 00:32:32','拍卖信息信息',1),
(142,1054,NULL,0,NULL,'2018-04-30 00:32:32','2018-04-30 00:32:32','拍卖信息信息',1),
(143,1055,26,0,'您的商品清明上河图拍卖已经结束，竞拍者null拍走了您的商品，请及时确认订单并与买家联系','2018-04-30 00:32:32','2018-04-30 00:32:32','拍卖信息信息',1),
(144,1055,NULL,0,NULL,'2018-04-30 00:32:32','2018-04-30 00:32:32','拍卖信息信息',1),
(145,1051,26,0,'您的商品清明上河图拍卖已经结束，但是无人出价，已流拍。若想再次拍卖，请重新上传拍品信息','2018-04-30 00:32:32','2018-04-30 00:32:32','拍卖信息信息',1),
(146,1052,26,0,'您的商品清明上河图拍卖已经结束，但是无人出价，已流拍。若想再次拍卖，请重新上传拍品信息','2018-04-30 00:32:32','2018-04-30 00:32:32','拍卖信息信息',1),
(147,1053,26,0,'您的商品清明上河图拍卖已经结束，但是无人出价，已流拍。若想再次拍卖，请重新上传拍品信息','2018-04-30 00:32:32','2018-04-30 00:32:32','拍卖信息信息',1),
(148,1051,26,0,'您的商品清明上河图拍卖已经结束，竞拍者null拍走了您的商品，请及时确认订单并与买家联系','2018-04-30 00:32:32','2018-04-30 00:32:32','拍卖信息信息',1),
(149,1054,26,0,'您的商品清明上河图拍卖已经结束，但是无人出价，已流拍。若想再次拍卖，请重新上传拍品信息','2018-04-30 00:32:32','2018-04-30 00:32:32','拍卖信息信息',1),
(150,1051,NULL,0,NULL,'2018-04-30 00:32:32','2018-04-30 00:32:32','拍卖信息信息',1),
(151,1052,26,0,'您的商品清明上河图拍卖已经结束，竞拍者null拍走了您的商品，请及时确认订单并与买家联系','2018-04-30 00:32:32','2018-04-30 00:32:32','拍卖信息信息',1),
(152,1053,26,0,'您的商品清明上河图拍卖已经结束，竞拍者null拍走了您的商品，请及时确认订单并与买家联系','2018-04-30 00:32:32','2018-04-30 00:32:32','拍卖信息信息',1),
(153,1052,NULL,0,NULL,'2018-04-30 00:32:32','2018-04-30 00:32:32','拍卖信息信息',1),
(154,1053,NULL,0,NULL,'2018-04-30 00:32:32','2018-04-30 00:32:32','拍卖信息信息',1),
(155,1054,26,0,'您的商品清明上河图拍卖已经结束，竞拍者null拍走了您的商品，请及时确认订单并与买家联系','2018-04-30 00:32:32','2018-04-30 00:32:32','拍卖信息信息',1),
(156,1055,26,0,'您的商品清明上河图拍卖已经结束，但是无人出价，已流拍。若想再次拍卖，请重新上传拍品信息','2018-04-30 00:32:32','2018-04-30 00:32:32','拍卖信息信息',1),
(157,1054,NULL,0,NULL,'2018-04-30 00:32:32','2018-04-30 00:32:32','拍卖信息信息',1),
(158,1055,26,0,'您的商品清明上河图拍卖已经结束，竞拍者null拍走了您的商品，请及时确认订单并与买家联系','2018-04-30 00:32:32','2018-04-30 00:32:32','拍卖信息信息',1),
(159,1055,NULL,0,NULL,'2018-04-30 00:32:32','2018-04-30 00:32:32','拍卖信息信息',1),
(160,1051,26,0,'您的商品清明上河图拍卖已经结束，但是无人出价，已流拍。若想再次拍卖，请重新上传拍品信息','2018-04-30 00:32:32','2018-04-30 00:32:32','拍卖信息信息',1),
(161,1052,26,0,'您的商品清明上河图拍卖已经结束，但是无人出价，已流拍。若想再次拍卖，请重新上传拍品信息','2018-04-30 00:32:32','2018-04-30 00:32:32','拍卖信息信息',1),
(162,1051,26,0,'您的商品清明上河图拍卖已经结束，竞拍者null拍走了您的商品，请及时确认订单并与买家联系','2018-04-30 00:32:32','2018-04-30 00:32:32','拍卖信息信息',1),
(163,1053,26,0,'您的商品清明上河图拍卖已经结束，但是无人出价，已流拍。若想再次拍卖，请重新上传拍品信息','2018-04-30 00:32:32','2018-04-30 00:32:32','拍卖信息信息',1),
(164,1051,NULL,0,NULL,'2018-04-30 00:32:32','2018-04-30 00:32:32','拍卖信息信息',1),
(165,1052,26,0,'您的商品清明上河图拍卖已经结束，竞拍者null拍走了您的商品，请及时确认订单并与买家联系','2018-04-30 00:32:32','2018-04-30 00:32:32','拍卖信息信息',1),
(166,1054,26,0,'您的商品清明上河图拍卖已经结束，但是无人出价，已流拍。若想再次拍卖，请重新上传拍品信息','2018-04-30 00:32:32','2018-04-30 00:32:32','拍卖信息信息',1),
(167,1052,NULL,0,NULL,'2018-04-30 00:32:32','2018-04-30 00:32:32','拍卖信息信息',1),
(168,1053,26,0,'您的商品清明上河图拍卖已经结束，竞拍者null拍走了您的商品，请及时确认订单并与买家联系','2018-04-30 00:32:32','2018-04-30 00:32:32','拍卖信息信息',1),
(169,1055,26,0,'您的商品清明上河图拍卖已经结束，但是无人出价，已流拍。若想再次拍卖，请重新上传拍品信息','2018-04-30 00:32:32','2018-04-30 00:32:32','拍卖信息信息',1),
(170,1053,NULL,0,NULL,'2018-04-30 00:32:32','2018-04-30 00:32:32','拍卖信息信息',1),
(171,1054,26,0,'您的商品清明上河图拍卖已经结束，竞拍者null拍走了您的商品，请及时确认订单并与买家联系','2018-04-30 00:32:32','2018-04-30 00:32:32','拍卖信息信息',1),
(172,1055,26,0,'您的商品清明上河图拍卖已经结束，竞拍者null拍走了您的商品，请及时确认订单并与买家联系','2018-04-30 00:32:32','2018-04-30 00:32:32','拍卖信息信息',1),
(173,1054,NULL,0,NULL,'2018-04-30 00:32:32','2018-04-30 00:32:32','拍卖信息信息',1),
(174,1055,NULL,0,NULL,'2018-04-30 00:32:32','2018-04-30 00:32:32','拍卖信息信息',1),
(175,1046,26,0,'您的商品清明上河图拍卖已经结束，但是无人出价，已流拍。若想再次拍卖，请重新上传拍品信息','2018-04-30 00:32:33','2018-04-30 00:32:33','拍卖信息信息',1),
(176,1047,26,0,'您的商品清明上河图拍卖已经结束，但是无人出价，已流拍。若想再次拍卖，请重新上传拍品信息','2018-04-30 00:32:33','2018-04-30 00:32:33','拍卖信息信息',1),
(177,1046,26,0,'您的商品清明上河图拍卖已经结束，竞拍者null拍走了您的商品，请及时确认订单并与买家联系','2018-04-30 00:32:33','2018-04-30 00:32:33','拍卖信息信息',1),
(178,1048,26,0,'您的商品清明上河图拍卖已经结束，但是无人出价，已流拍。若想再次拍卖，请重新上传拍品信息','2018-04-30 00:32:33','2018-04-30 00:32:33','拍卖信息信息',1),
(179,1046,NULL,0,NULL,'2018-04-30 00:32:33','2018-04-30 00:32:33','拍卖信息信息',1),
(180,1047,26,0,'您的商品清明上河图拍卖已经结束，竞拍者null拍走了您的商品，请及时确认订单并与买家联系','2018-04-30 00:32:33','2018-04-30 00:32:33','拍卖信息信息',1),
(181,1049,26,0,'您的商品清明上河图拍卖已经结束，但是无人出价，已流拍。若想再次拍卖，请重新上传拍品信息','2018-04-30 00:32:33','2018-04-30 00:32:33','拍卖信息信息',1),
(182,1047,NULL,0,NULL,'2018-04-30 00:32:33','2018-04-30 00:32:33','拍卖信息信息',1),
(183,1048,26,0,'您的商品清明上河图拍卖已经结束，竞拍者null拍走了您的商品，请及时确认订单并与买家联系','2018-04-30 00:32:33','2018-04-30 00:32:33','拍卖信息信息',1),
(184,1050,26,0,'您的商品清明上河图拍卖已经结束，但是无人出价，已流拍。若想再次拍卖，请重新上传拍品信息','2018-04-30 00:32:33','2018-04-30 00:32:33','拍卖信息信息',1),
(185,1048,NULL,0,NULL,'2018-04-30 00:32:33','2018-04-30 00:32:33','拍卖信息信息',1),
(186,1049,26,0,'您的商品清明上河图拍卖已经结束，竞拍者null拍走了您的商品，请及时确认订单并与买家联系','2018-04-30 00:32:33','2018-04-30 00:32:33','拍卖信息信息',1),
(187,1049,NULL,0,NULL,'2018-04-30 00:32:33','2018-04-30 00:32:33','拍卖信息信息',1),
(188,1050,26,0,'您的商品清明上河图拍卖已经结束，竞拍者null拍走了您的商品，请及时确认订单并与买家联系','2018-04-30 00:32:33','2018-04-30 00:32:33','拍卖信息信息',1),
(189,1050,NULL,0,NULL,'2018-04-30 00:32:33','2018-04-30 00:32:33','拍卖信息信息',1),
(190,1036,26,0,'您的商品清明上河图拍卖已经结束，但是无人出价，已流拍。若想再次拍卖，请重新上传拍品信息','2018-04-30 00:32:33','2018-04-30 00:32:33','拍卖信息信息',1),
(191,1037,26,0,'您的商品清明上河图拍卖已经结束，但是无人出价，已流拍。若想再次拍卖，请重新上传拍品信息','2018-04-30 00:32:33','2018-04-30 00:32:33','拍卖信息信息',1),
(192,1038,26,0,'您的商品清明上河图拍卖已经结束，但是无人出价，已流拍。若想再次拍卖，请重新上传拍品信息','2018-04-30 00:32:33','2018-04-30 00:32:33','拍卖信息信息',1),
(193,1036,26,0,'您的商品清明上河图拍卖已经结束，竞拍者null拍走了您的商品，请及时确认订单并与买家联系','2018-04-30 00:32:33','2018-04-30 00:32:33','拍卖信息信息',1),
(194,1037,26,0,'您的商品清明上河图拍卖已经结束，竞拍者null拍走了您的商品，请及时确认订单并与买家联系','2018-04-30 00:32:33','2018-04-30 00:32:33','拍卖信息信息',1),
(195,1039,26,0,'您的商品清明上河图拍卖已经结束，但是无人出价，已流拍。若想再次拍卖，请重新上传拍品信息','2018-04-30 00:32:33','2018-04-30 00:32:33','拍卖信息信息',1),
(196,1036,NULL,0,NULL,'2018-04-30 00:32:33','2018-04-30 00:32:33','拍卖信息信息',1),
(197,1037,NULL,0,NULL,'2018-04-30 00:32:33','2018-04-30 00:32:33','拍卖信息信息',1),
(198,1040,26,0,'您的商品清明上河图拍卖已经结束，但是无人出价，已流拍。若想再次拍卖，请重新上传拍品信息','2018-04-30 00:32:33','2018-04-30 00:32:33','拍卖信息信息',1),
(199,1038,26,0,'您的商品清明上河图拍卖已经结束，竞拍者null拍走了您的商品，请及时确认订单并与买家联系','2018-04-30 00:32:33','2018-04-30 00:32:33','拍卖信息信息',1),
(200,1039,26,0,'您的商品清明上河图拍卖已经结束，竞拍者null拍走了您的商品，请及时确认订单并与买家联系','2018-04-30 00:32:33','2018-04-30 00:32:33','拍卖信息信息',1),
(201,1038,NULL,0,NULL,'2018-04-30 00:32:33','2018-04-30 00:32:33','拍卖信息信息',1),
(202,1039,NULL,0,NULL,'2018-04-30 00:32:33','2018-04-30 00:32:33','拍卖信息信息',1),
(203,1040,26,0,'您的商品清明上河图拍卖已经结束，竞拍者null拍走了您的商品，请及时确认订单并与买家联系','2018-04-30 00:32:33','2018-04-30 00:32:33','拍卖信息信息',1),
(204,1040,NULL,0,NULL,'2018-04-30 00:32:33','2018-04-30 00:32:33','拍卖信息信息',1);

/*Table structure for table `manager` */

DROP TABLE IF EXISTS `manager`;

CREATE TABLE `manager` (
  `id` bigint(20) unsigned NOT NULL AUTO_INCREMENT,
  `manager_name` varchar(255) DEFAULT NULL,
  `manager_password` varchar(255) DEFAULT NULL,
  `gmt_create` datetime DEFAULT NULL,
  `gmt_modified` datetime DEFAULT NULL,
  `authority` int(11) DEFAULT NULL,
  PRIMARY KEY (`id`)
) ENGINE=InnoDB AUTO_INCREMENT=4 DEFAULT CHARSET=utf8;

/*Data for the table `manager` */

insert  into `manager`(`id`,`manager_name`,`manager_password`,`gmt_create`,`gmt_modified`,`authority`) values 
(1,'admin','123456',NULL,NULL,1),
(2,'admin2','123456',NULL,NULL,2),
(3,'admin3','123456',NULL,NULL,2);

/*Table structure for table `news` */

DROP TABLE IF EXISTS `news`;

CREATE TABLE `news` (
  `id` bigint(20) unsigned NOT NULL AUTO_INCREMENT,
  `title` varchar(255) DEFAULT NULL,
  `content` text,
  `publish_time` datetime DEFAULT NULL,
  `type` varchar(255) DEFAULT NULL,
  `gmt_create` datetime DEFAULT NULL,
  `gmt_modified` datetime DEFAULT NULL,
  PRIMARY KEY (`id`)
) ENGINE=InnoDB DEFAULT CHARSET=utf8;

/*Data for the table `news` */

/*Table structure for table `order` */

DROP TABLE IF EXISTS `order`;

CREATE TABLE `order` (
  `id` bigint(20) unsigned NOT NULL AUTO_INCREMENT,
  `art_id` bigint(20) unsigned DEFAULT NULL,
  `buyer_id` bigint(20) unsigned DEFAULT NULL,
  `seller_id` bigint(20) unsigned DEFAULT NULL,
  `start_time` datetime DEFAULT NULL,
  `end_time` datetime DEFAULT NULL,
  `adress_id` bigint(20) unsigned DEFAULT NULL,
  `order_type_id` bigint(20) unsigned DEFAULT NULL,
  `delivery_status_id` bigint(20) unsigned DEFAULT NULL,
  `logistics_company` varchar(255) DEFAULT NULL,
  `logistics_number` varchar(255) DEFAULT NULL,
  `comment` varchar(255) DEFAULT NULL,
  PRIMARY KEY (`id`),
  KEY `art_id` (`art_id`),
  KEY `buyer_id` (`buyer_id`),
  KEY `seller_id` (`seller_id`),
  KEY `adress_id` (`adress_id`),
  KEY `order_type_id` (`order_type_id`),
  KEY `delivery_status_id` (`delivery_status_id`),
  CONSTRAINT `order_ibfk_1` FOREIGN KEY (`art_id`) REFERENCES `art` (`id`),
  CONSTRAINT `order_ibfk_2` FOREIGN KEY (`buyer_id`) REFERENCES `user` (`id`),
  CONSTRAINT `order_ibfk_3` FOREIGN KEY (`seller_id`) REFERENCES `user` (`id`),
  CONSTRAINT `order_ibfk_4` FOREIGN KEY (`adress_id`) REFERENCES `receipt_information` (`id`),
  CONSTRAINT `order_ibfk_5` FOREIGN KEY (`order_type_id`) REFERENCES `order_type` (`id`),
  CONSTRAINT `order_ibfk_6` FOREIGN KEY (`delivery_status_id`) REFERENCES `delivery_status` (`id`)
) ENGINE=InnoDB AUTO_INCREMENT=30 DEFAULT CHARSET=utf8;

/*Data for the table `order` */

insert  into `order`(`id`,`art_id`,`buyer_id`,`seller_id`,`start_time`,`end_time`,`adress_id`,`order_type_id`,`delivery_status_id`,`logistics_company`,`logistics_number`,`comment`) values 
(23,1006,26,26,'2018-04-19 21:14:00',NULL,29,5,1,'adasd','21312312','adasd'),
(24,1008,26,26,'2018-04-26 22:50:00',NULL,29,1,1,NULL,NULL,NULL),
(25,1009,26,26,'2018-04-21 18:50:00',NULL,29,1,1,NULL,NULL,NULL),
(26,1007,26,26,'2018-04-21 10:50:00',NULL,29,1,1,NULL,NULL,NULL),
(28,1015,26,26,'2018-04-27 14:50:00',NULL,29,1,1,NULL,NULL,NULL),
(29,1013,26,26,'2018-04-28 18:50:00',NULL,29,1,1,NULL,NULL,NULL);

/*Table structure for table `order_type` */

DROP TABLE IF EXISTS `order_type`;

CREATE TABLE `order_type` (
  `id` bigint(20) unsigned NOT NULL AUTO_INCREMENT,
  `type_name` varchar(255) DEFAULT NULL,
  PRIMARY KEY (`id`)
) ENGINE=InnoDB AUTO_INCREMENT=6 DEFAULT CHARSET=utf8;

/*Data for the table `order_type` */

insert  into `order_type`(`id`,`type_name`) values 
(1,'待付款'),
(2,'待评价'),
(3,'待发货'),
(4,'待收货'),
(5,'已完成');

/*Table structure for table `receipt_information` */

DROP TABLE IF EXISTS `receipt_information`;

CREATE TABLE `receipt_information` (
  `id` bigint(20) unsigned NOT NULL AUTO_INCREMENT,
  `user_id` bigint(20) unsigned DEFAULT NULL,
  `phone` varchar(255) DEFAULT NULL,
  `province` varchar(255) DEFAULT NULL,
  `city` varchar(255) DEFAULT NULL,
  `county` varchar(255) DEFAULT NULL,
  `street` varchar(255) DEFAULT NULL,
  `address` varchar(255) DEFAULT NULL,
  `is_DefaultAddress` tinyint(3) unsigned DEFAULT NULL,
  `gmt_create` datetime DEFAULT NULL,
  `gmt_modified` datetime DEFAULT NULL,
  `name` varchar(255) DEFAULT NULL,
  PRIMARY KEY (`id`),
  KEY `user_id` (`user_id`),
  CONSTRAINT `receipt_information_ibfk_1` FOREIGN KEY (`user_id`) REFERENCES `user` (`id`)
) ENGINE=InnoDB AUTO_INCREMENT=40 DEFAULT CHARSET=utf8;

/*Data for the table `receipt_information` */

insert  into `receipt_information`(`id`,`user_id`,`phone`,`province`,`city`,`county`,`street`,`address`,`is_DefaultAddress`,`gmt_create`,`gmt_modified`,`name`) values 
(29,26,'17826856835','上海市','上海城区','静安区',NULL,'武林广场',1,NULL,NULL,'hdt'),
(32,28,'11222321323','黑龙江省','鸡西市','滴道区',NULL,'dsadasda',0,NULL,NULL,'大大'),
(34,26,'dasda','河北省','邯郸市','永年区',NULL,'d1231',0,NULL,NULL,'222'),
(35,26,'dasd','河北省','邯郸市','丛台区',NULL,'ada',0,NULL,NULL,'aa'),
(36,NULL,NULL,NULL,NULL,NULL,NULL,NULL,0,NULL,NULL,NULL),
(37,NULL,NULL,NULL,NULL,NULL,NULL,NULL,0,NULL,NULL,NULL),
(38,NULL,NULL,NULL,NULL,NULL,NULL,NULL,0,NULL,NULL,NULL),
(39,NULL,NULL,NULL,NULL,NULL,NULL,NULL,0,NULL,NULL,NULL);

/*Table structure for table `recommend` */

DROP TABLE IF EXISTS `recommend`;

CREATE TABLE `recommend` (
  `id` bigint(20) unsigned NOT NULL AUTO_INCREMENT,
  `art_id` bigint(20) unsigned DEFAULT NULL,
  `gmt_create` datetime DEFAULT NULL,
  `gmt_modified` datetime DEFAULT NULL,
  PRIMARY KEY (`id`),
  KEY `art_id` (`art_id`),
  CONSTRAINT `recommend_ibfk_1` FOREIGN KEY (`art_id`) REFERENCES `art` (`id`)
) ENGINE=InnoDB DEFAULT CHARSET=utf8;

/*Data for the table `recommend` */

/*Table structure for table `review` */

DROP TABLE IF EXISTS `review`;

CREATE TABLE `review` (
  `id` bigint(20) unsigned NOT NULL AUTO_INCREMENT,
  `content` text,
  `buyer_id` bigint(20) unsigned DEFAULT NULL,
  `saler_id` bigint(20) unsigned DEFAULT NULL,
  `time` datetime DEFAULT NULL,
  `rate` int(11) DEFAULT NULL,
  `gmt_create` datetime DEFAULT NULL,
  `gmt_modified` datetime DEFAULT NULL,
  PRIMARY KEY (`id`),
  KEY `buyer_id` (`buyer_id`),
  KEY `saler_id` (`saler_id`),
  CONSTRAINT `review_ibfk_1` FOREIGN KEY (`buyer_id`) REFERENCES `user` (`id`),
  CONSTRAINT `review_ibfk_2` FOREIGN KEY (`saler_id`) REFERENCES `user` (`id`)
) ENGINE=InnoDB DEFAULT CHARSET=utf8;

/*Data for the table `review` */

/*Table structure for table `show` */

DROP TABLE IF EXISTS `show`;

CREATE TABLE `show` (
  `id` bigint(20) unsigned NOT NULL AUTO_INCREMENT,
  `art_id` bigint(20) unsigned DEFAULT NULL,
  `show_name` varchar(255) DEFAULT NULL,
  `start_time` datetime DEFAULT NULL,
  `end_time` datetime DEFAULT NULL,
  `gmt_create` datetime DEFAULT NULL,
  `gmt_modified` datetime DEFAULT NULL,
  PRIMARY KEY (`id`),
  KEY `art_id` (`art_id`),
  CONSTRAINT `show_ibfk_1` FOREIGN KEY (`art_id`) REFERENCES `art` (`id`)
) ENGINE=InnoDB DEFAULT CHARSET=utf8;

/*Data for the table `show` */

/*Table structure for table `user` */

DROP TABLE IF EXISTS `user`;

CREATE TABLE `user` (
  `id` bigint(20) unsigned NOT NULL AUTO_INCREMENT,
  `user_name` varchar(255) DEFAULT NULL,
  `user_password` varchar(255) DEFAULT NULL,
  `gmt_create` datetime DEFAULT NULL,
  `gmt_modified` datetime DEFAULT NULL,
  `user_nickname` varchar(255) DEFAULT NULL,
  `user_phone` varchar(255) DEFAULT NULL,
  `IDnumber` varchar(255) DEFAULT NULL,
  `deposit` decimal(10,0) DEFAULT NULL,
  `reputation` int(11) DEFAULT NULL,
  `city` varchar(255) DEFAULT NULL,
  `headURL` varchar(255) DEFAULT NULL,
  `rank` varchar(255) DEFAULT NULL,
  `real_name` varchar(255) DEFAULT NULL,
  PRIMARY KEY (`id`)
) ENGINE=InnoDB AUTO_INCREMENT=38 DEFAULT CHARSET=utf8;

/*Data for the table `user` */

insert  into `user`(`id`,`user_name`,`user_password`,`gmt_create`,`gmt_modified`,`user_nickname`,`user_phone`,`IDnumber`,`deposit`,`reputation`,`city`,`headURL`,`rank`,`real_name`) values 
(26,'hdt','1234567',NULL,NULL,'氕氘氚','17826856835','123456',NULL,NULL,'上海','/images/26/head/222.jpg',NULL,'好的'),
(28,'hhh','123',NULL,NULL,'dasd','123123','123123',NULL,NULL,'adas',NULL,NULL,NULL),
(29,'634423136','123456',NULL,NULL,'氕氘氚','13025454','21212',NULL,NULL,'宁波',NULL,NULL,NULL),
(30,'sdsd','1232',NULL,NULL,'dasda','2154','531351',NULL,NULL,'dasd',NULL,NULL,NULL),
(31,'hehehe','123456',NULL,NULL,'dsdsa','17826856835','330283199410062319',NULL,NULL,'dsd',NULL,NULL,'sds'),
(32,'hhhhh','123456',NULL,NULL,'sadasd','53453','',NULL,NULL,'',NULL,NULL,''),
(33,'','',NULL,NULL,'','','',NULL,NULL,'',NULL,NULL,''),
(34,'','dsad',NULL,NULL,'','','',NULL,NULL,'',NULL,NULL,''),
(35,'asdas','123456',NULL,NULL,'asdasd','17826856835','330283199410062319',NULL,NULL,'asdas',NULL,NULL,'sada'),
(36,'adas','123456',NULL,NULL,'sadas','17826856835','330283199410062319',NULL,NULL,'sda',NULL,NULL,'dasd'),
(37,'hdt123','123456','2018-03-23 22:05:16','2018-03-23 22:05:16','sda','17826856835','330283199410062319',NULL,NULL,'dasd',NULL,NULL,'dasd');

/*!40101 SET SQL_MODE=@OLD_SQL_MODE */;
/*!40014 SET FOREIGN_KEY_CHECKS=@OLD_FOREIGN_KEY_CHECKS */;
/*!40014 SET UNIQUE_CHECKS=@OLD_UNIQUE_CHECKS */;
/*!40111 SET SQL_NOTES=@OLD_SQL_NOTES */;
